0,em_bg_000,LUA_MENU_CALLING_CARD_CAPS,0,0,0,0,general,,,52,50,47,,0,,,
1,em_bg_001,LUA_MENU_CALLING_CARD_CAPS,0,0,0,0,general,,,66,54,54,,0,,,
2,em_bg_002,LUA_MENU_CALLING_CARD_CAPS,0,0,0,0,general,,,55,66,54,,0,,,
3,em_bg_003,LUA_MENU_CALLING_CARD_CAPS,0,0,0,0,general,,,62,54,48,,0,,,
4,em_bg_004,LUA_MENU_CALLING_CARD_CAPS,0,0,0,0,general,,,48,57,62,,0,,,
5,em_bg_005,LUA_MENU_CALLING_CARD_CAPS,0,0,0,0,general,,,54,61,51,,0,,,
6,em_bg_006,LUA_MENU_CALLING_CARD_CAPS,0,0,0,0,general,,,39,40,47,,0,,,
7,em_bg_007,LUA_MENU_CALLING_CARD_CAPS,0,0,0,0,general,,,40,47,39,,0,,,
8,em_bg_008,LUA_MENU_CALLING_CARD_CAPS,0,0,0,0,general,,,10,10,10,,0,,,
9,em_bg_009,LUA_MENU_CALLING_CARD_CAPS,0,0,0,0,general,,,42,37,33,,0,,,
10,em_bg_010,LUA_MENU_CALLING_CARD_CAPS,0,0,0,0,bootcamp,,,36,43,41,,0,,,
11,em_bg_011,LUA_MENU_CALLING_CARD_CAPS,0,0,0,0,bootcamp,,,39,42,50,,0,,,
12,em_bg_012,LUA_MENU_CALLING_CARD_CAPS,0,0,0,0,bootcamp,,,42,32,29,,0,,,
13,em_bg_013,LUA_MENU_CALLING_CARD_CAPS,0,0,0,0,bootcamp,,,42,38,29,,0,,,
14,em_bg_014,LUA_MENU_CALLING_CARD_CAPS,0,0,0,0,bootcamp,,,43,48,41,,0,,,
15,em_bg_015,LUA_MENU_CALLING_CARD_CAPS,0,0,0,0,bootcamp,,,42,41,48,,0,,,
16,em_bg_016,LUA_MENU_CALLING_CARD_CAPS,0,0,0,0,bootcamp,,,37,46,53,,0,,,
17,em_bg_017,LUA_MENU_CALLING_CARD_CAPS,0,0,0,0,bootcamp,,,56,51,47,,0,,,
18,em_bg_018,LUA_MENU_CALLING_CARD_CAPS,0,0,0,0,bootcamp,,,32,43,53,,0,,,
19,em_bg_019,LUA_MENU_CALLING_CARD_CAPS,0,0,0,0,bootcamp,,,45,62,83,,0,,,
20,em_bg_020,LUA_MENU_CALLING_CARD_CAPS,0,0,0,0,bootcamp,,,47,58,71,,0,,,
21,em_bg_021,LUA_MENU_CALLING_CARD_CAPS,0,0,0,0,bootcamp,,,31,30,30,,0,,,
22,em_bg_022,LUA_MENU_CALLING_CARD_CAPS,0,0,0,0,bootcamp,,,36,39,47,,0,,,
23,em_bg_023,LUA_MENU_CALLING_CARD_CAPS,0,0,0,0,bootcamp,,,50,49,48,,0,,,
24,em_bg_024,LUA_MENU_CALLING_CARD_CAPS,0,0,0,0,bootcamp,,,43,43,40,,0,,,
25,em_bg_025,LUA_MENU_CALLING_CARD_CAPS,0,0,0,0,bootcamp,,,45,37,32,,0,,,
26,em_bg_026,LUA_MENU_CALLING_CARD_CAPS,0,0,0,0,gamemodes,,,43,45,38,,0,,,
27,em_bg_027,LUA_MENU_CALLING_CARD_CAPS,0,0,0,0,gamemodes,,,56,56,49,,0,,,
28,em_bg_028,LUA_MENU_CALLING_CARD_CAPS,0,0,0,0,gamemodes,,,56,53,49,,0,,,
29,em_bg_029,LUA_MENU_CALLING_CARD_CAPS,0,0,0,0,gamemodes,,,54,45,39,,0,,,
30,em_bg_030,LUA_MENU_CALLING_CARD_CAPS,0,0,0,0,gamemodes,,,29,31,37,,0,,,
31,em_bg_031,LUA_MENU_CALLING_CARD_CAPS,0,0,0,0,gamemodes,,,71,54,62,,0,,,
32,em_bg_032,LUA_MENU_CALLING_CARD_CAPS,0,0,0,0,gamemodes,,,58,53,49,,0,,,
33,em_bg_033,LUA_MENU_CALLING_CARD_CAPS,0,0,0,0,gamemodes,,,57,56,53,,0,,,
34,em_bg_034,LUA_MENU_CALLING_CARD_CAPS,0,0,0,0,gamemodes,,,42,48,103,,0,,,
35,em_bg_035,LUA_MENU_CALLING_CARD_CAPS,0,0,0,0,gamemodes,,,30,32,26,,0,,,
36,em_bg_036,LUA_MENU_CALLING_CARD_CAPS,0,0,0,0,gamemodes,,,37,36,36,,0,,,
37,em_bg_037,LUA_MENU_CALLING_CARD_CAPS,0,0,0,0,gamemodes,,,42,42,35,,0,,,
38,em_bg_038,LUA_MENU_CALLING_CARD_CAPS,0,0,0,0,killer,,,40,40,38,,0,,,
39,em_bg_039,LUA_MENU_CALLING_CARD_CAPS,0,0,0,0,killer,,,40,40,38,,0,,,
40,em_bg_040,LUA_MENU_CALLING_CARD_CAPS,0,0,0,0,killer,,,39,40,34,,0,,,
41,em_bg_041,LUA_MENU_CALLING_CARD_CAPS,0,0,0,0,killer,,,40,37,34,,0,,,
42,em_bg_042,LUA_MENU_CALLING_CARD_CAPS,0,0,0,0,killer,,,49,46,43,,0,,,
43,em_bg_043,LUA_MENU_CALLING_CARD_CAPS,0,0,0,0,killer,,,48,46,45,,0,,,
44,em_bg_044,LUA_MENU_CALLING_CARD_CAPS,0,0,0,0,killer,,,42,45,51,,0,,,
45,em_bg_045,LUA_MENU_CALLING_CARD_CAPS,0,0,0,0,killer,,,45,41,38,,0,,,
46,em_bg_046,LUA_MENU_CALLING_CARD_CAPS,0,0,0,0,killer,,,40,40,38,,0,,,
47,em_bg_047,LUA_MENU_CALLING_CARD_CAPS,0,0,0,0,killer,,,40,40,38,,0,,,
48,em_bg_048,LUA_MENU_CALLING_CARD_CAPS,0,0,0,0,killer,,,31,31,31,,0,,,
49,em_bg_049,LUA_MENU_CALLING_CARD_CAPS,0,0,0,0,killer,,,27,25,22,,0,,,
50,em_bg_050,LUA_MENU_CALLING_CARD_CAPS,0,0,0,0,killer,,,42,35,34,,0,,,
51,em_bg_051,LUA_MENU_CALLING_CARD_CAPS,0,0,0,0,killer,,,34,34,31,,0,,,
52,em_bg_052,LUA_MENU_CALLING_CARD_CAPS,0,0,0,0,killer,,,40,40,38,,0,,,
53,em_bg_053,LUA_MENU_CALLING_CARD_CAPS,0,0,0,0,killer,,,40,40,38,,0,,,
54,em_bg_054,LUA_MENU_CALLING_CARD_CAPS,0,0,0,0,humiliation,,,65,71,67,,0,,,
55,em_bg_055,LUA_MENU_CALLING_CARD_CAPS,0,0,0,0,humiliation,,,47,51,39,,0,,,
56,em_bg_056,LUA_MENU_CALLING_CARD_CAPS,0,0,0,0,humiliation,,,34,30,27,,0,,,
57,em_bg_057,LUA_MENU_CALLING_CARD_CAPS,0,0,0,0,humiliation,,,81,79,47,,0,,,
58,em_bg_058,LUA_MENU_CALLING_CARD_CAPS,0,0,0,0,humiliation,,,54,38,35,,0,,,
59,em_bg_059,LUA_MENU_CALLING_CARD_CAPS,0,0,0,0,humiliation,,,24,25,24,,0,,,
60,em_bg_060,LUA_MENU_CALLING_CARD_CAPS,0,0,0,0,humiliation,,,63,65,68,,0,,,
61,em_bg_061,LUA_MENU_CALLING_CARD_CAPS,0,0,0,0,humiliation,,,33,44,48,,0,,,
62,em_bg_062,LUA_MENU_CALLING_CARD_CAPS,0,0,0,0,humiliation,,,34,41,48,,0,,,
63,em_bg_063,LUA_MENU_CALLING_CARD_CAPS,0,0,0,0,humiliation,,,37,39,40,,0,,,
64,em_bg_064,LUA_MENU_CALLING_CARD_CAPS,0,0,0,0,humiliation,,,27,29,30,,0,,,
65,em_bg_065,LUA_MENU_CALLING_CARD_CAPS,0,0,0,0,humiliation,,,44,46,40,,0,,,
66,em_bg_066,LUA_MENU_CALLING_CARD_CAPS,0,0,0,0,humiliation,,,85,113,119,,0,,,
67,em_bg_067,LUA_MENU_CALLING_CARD_CAPS,0,0,0,0,humiliation,,,43,54,68,,0,,,
68,em_bg_068,LUA_MENU_CALLING_CARD_CAPS,0,0,0,0,humiliation,,,48,54,63,,0,,,
69,em_bg_069,LUA_MENU_CALLING_CARD_CAPS,0,0,0,0,humiliation,,,50,110,149,,0,,,
70,em_bg_070,LUA_MENU_CALLING_CARD_CAPS,0,0,0,0,humiliation,,,67,65,60,,0,,,
71,em_bg_071,LUA_MENU_CALLING_CARD_CAPS,0,0,0,0,humiliation,,,65,63,57,,0,,,
72,em_bg_072,LUA_MENU_CALLING_CARD_CAPS,0,0,0,0,humiliation,,,38,26,25,,0,,,
73,em_bg_073,LUA_MENU_CALLING_CARD_CAPS,0,0,0,0,humiliation,,,16,25,25,,0,,,
74,em_bg_074,LUA_MENU_CALLING_CARD_CAPS,0,0,0,0,perks,,,44,34,26,,0,,,
75,em_bg_075,LUA_MENU_CALLING_CARD_CAPS,0,0,0,0,perks,,,43,42,39,,0,,,
76,em_bg_076,LUA_MENU_CALLING_CARD_CAPS,0,0,0,0,perks,,,51,46,44,,0,,,
77,em_bg_077,LUA_MENU_CALLING_CARD_CAPS,0,0,0,0,perks,,,61,61,61,,0,,,
78,em_bg_078,LUA_MENU_CALLING_CARD_CAPS,0,0,0,0,perks,,,103,109,107,,0,,,
79,em_bg_079,LUA_MENU_CALLING_CARD_CAPS,0,0,0,0,perks,,,204,159,68,,0,,,
80,em_bg_080,LUA_MENU_CALLING_CARD_CAPS,0,0,0,0,perks,,,84,78,69,,0,,,
81,em_bg_081,LUA_MENU_CALLING_CARD_CAPS,0,0,0,0,perks,,,78,74,69,,0,,,
82,em_bg_082,LUA_MENU_CALLING_CARD_CAPS,0,0,0,0,perks,,,60,62,54,,0,,,
83,em_bg_083,LUA_MENU_CALLING_CARD_CAPS,0,0,0,0,perks,,,62,59,57,,0,,,
84,em_bg_084,LUA_MENU_CALLING_CARD_CAPS,0,0,0,0,perks,,,46,52,52,,0,,,
85,em_bg_085,LUA_MENU_CALLING_CARD_CAPS,0,0,0,0,perks,,,48,31,20,,0,,,
86,em_bg_086,LUA_MENU_CALLING_CARD_CAPS,0,0,0,0,perks,,,47,46,45,,0,,,
87,em_bg_087,LUA_MENU_CALLING_CARD_CAPS,0,0,0,0,perks,,,55,57,65,,0,,,
88,em_bg_088,LUA_MENU_CALLING_CARD_CAPS,0,0,0,0,perks,,,22,28,41,,0,,,
89,em_bg_089,LUA_MENU_CALLING_CARD_CAPS,0,0,0,0,gamemodes,,,27,37,41,,0,,,
90,em_bg_090,LUA_MENU_CALLING_CARD_CAPS,0,0,0,0,gamemodes,,,73,39,41,,0,,,
91,em_bg_091,LUA_MENU_CALLING_CARD_CAPS,0,0,0,0,gamemodes,,,45,45,43,,0,,,
92,em_bg_092,LUA_MENU_CALLING_CARD_CAPS,0,0,0,0,gamemodes,,,39,50,67,,0,,,
93,em_bg_093,LUA_MENU_CALLING_CARD_CAPS,0,0,0,0,gamemodes,,,27,39,56,,0,,,
94,em_bg_094,LUA_MENU_CALLING_CARD_CAPS,0,0,0,0,gamemodes,,,49,49,49,,0,,,
95,em_bg_095,LUA_MENU_CALLING_CARD_CAPS,0,0,0,0,gamemodes,,,40,41,56,,0,,,
96,em_bg_096,LUA_MENU_CALLING_CARD_CAPS,0,0,0,0,gamemodes,,,40,41,56,,0,,,
97,em_bg_097,LUA_MENU_CALLING_CARD_CAPS,0,0,0,0,gamemodes,,,40,48,56,,0,,,
98,em_bg_098,LUA_MENU_CALLING_CARD_CAPS,0,0,0,0,gamemodes,,,40,67,70,,0,,,
99,em_bg_099,LUA_MENU_CALLING_CARD_CAPS,0,0,0,0,gamemodes,,,40,48,56,,0,,,
100,em_bg_100,LUA_MENU_CALLING_CARD_CAPS,0,0,0,0,gamemodes,,,50,100,105,,0,,,
101,em_bg_101,LUA_MENU_CALLING_CARD_CAPS,0,0,0,0,gamemodes,,,50,100,105,,0,,,
102,em_bg_102,LUA_MENU_CALLING_CARD_CAPS,0,0,0,0,gamemodes,,,72,67,67,,0,,,
103,em_bg_103,LUA_MENU_CALLING_CARD_CAPS,0,0,0,0,gamemodes,,,57,52,38,,0,,,
104,em_bg_104,LUA_MENU_CALLING_CARD_CAPS,0,0,0,0,gamemodes,,,40,32,30,,0,,,
105,em_bg_105,LUA_MENU_CALLING_CARD_CAPS,0,0,0,0,valor,,,48,45,43,,0,,,
106,em_bg_106,LUA_MENU_CALLING_CARD_CAPS,0,0,0,0,valor,,,62,98,123,,0,,,
107,em_bg_107,LUA_MENU_CALLING_CARD_CAPS,0,0,0,0,valor,,,110,96,84,,0,,,
108,em_bg_108,LUA_MENU_CALLING_CARD_CAPS,0,0,0,0,valor,,,67,62,57,,0,,,
109,em_bg_109,LUA_MENU_CALLING_CARD_CAPS,0,0,0,0,valor,,,87,83,78,,0,,,
110,em_bg_110,LUA_MENU_CALLING_CARD_CAPS,0,0,0,0,valor,,,45,50,58,,0,,,
111,em_bg_111,LUA_MENU_CALLING_CARD_CAPS,0,0,0,0,valor,,,47,53,52,,0,,,
112,em_bg_112,LUA_MENU_CALLING_CARD_CAPS,0,0,0,0,valor,,,37,27,26,,0,,,
113,em_bg_113,LUA_MENU_CALLING_CARD_CAPS,0,0,0,0,valor,,,34,31,29,,0,,,
114,em_bg_114,LUA_MENU_CALLING_CARD_CAPS,0,0,0,0,valor,,,47,45,44,,0,,,
115,em_bg_115,LUA_MENU_CALLING_CARD_CAPS,0,0,0,0,valor,,,29,23,21,,0,,,
116,em_bg_116,LUA_MENU_CALLING_CARD_CAPS,0,0,0,0,valor,,,79,95,110,,0,,,
117,em_bg_117,LUA_MENU_CALLING_CARD_CAPS,0,0,0,0,valor,,,104,111,110,,0,,,
118,em_bg_118,LUA_MENU_CALLING_CARD_CAPS,0,0,0,0,valor,,,94,108,109,,0,,,
119,em_bg_119,LUA_MENU_CALLING_CARD_CAPS,0,0,0,0,valor,,,129,143,159,,0,,,
120,em_bg_120,LUA_MENU_CALLING_CARD_CAPS,0,0,0,0,valor,,,45,53,49,,0,,,
121,em_bg_121,LUA_MENU_CALLING_CARD_CAPS,0,0,0,0,valor,,,76,90,97,,0,,,
122,em_bg_122,LUA_MENU_CALLING_CARD_CAPS,0,0,0,0,valor,,,65,64,59,,0,,,
123,em_bg_123,LUA_MENU_CALLING_CARD_CAPS,0,0,0,0,valor,,,62,63,54,,0,,,
124,em_bg_124,LUA_MENU_CALLING_CARD_CAPS,0,0,0,0,valor,,,63,64,59,,0,,,
125,em_bg_125,LUA_MENU_CALLING_CARD_CAPS,0,0,0,0,valor,,,63,49,45,,0,,,
126,em_bg_126,LUA_MENU_CALLING_CARD_CAPS,0,0,0,0,valor,,,33,22,23,,0,,,
127,em_bg_127,LUA_MENU_CALLING_CARD_CAPS,0,0,0,0,valor,,,36,40,41,,0,,,
128,em_bg_128,LUA_MENU_CALLING_CARD_CAPS,0,0,0,0,valor,,,47,45,45,,0,,,
129,em_bg_129,LUA_MENU_CALLING_CARD_CAPS,0,0,0,0,valor,,,36,41,41,,0,,,
130,em_bg_130,LUA_MENU_CALLING_CARD_CAPS,0,0,0,0,valor,,,48,62,80,,0,,,
131,em_bg_131,LUA_MENU_CALLING_CARD_CAPS,0,0,0,0,valor,,,31,48,68,,0,,,
132,em_bg_132,LUA_MENU_CALLING_CARD_CAPS,0,0,0,0,valor,,,58,56,50,,0,,,
133,em_bg_133,LUA_MENU_CALLING_CARD_CAPS,0,0,0,0,valor,,,60,25,22,,0,,,
134,em_bg_134,LUA_MENU_CALLING_CARD_CAPS,0,0,0,0,valor,,,29,23,42,,0,,,
135,em_bg_135,LUA_MENU_CALLING_CARD_CAPS,0,0,0,0,valor,,,53,25,14,,0,,,
136,em_bg_136,LUA_MENU_CALLING_CARD_CAPS,0,0,0,0,valor,,,58,62,57,,0,,,
137,em_bg_137,LUA_MENU_CALLING_CARD_CAPS,0,0,0,0,valor,,,73,66,47,,0,,,
138,em_bg_158,LUA_MENU_CALLING_CARD_CAPS,0,0,0,0,bootcamp,,,17,22,26,,0,,,
139,em_bg_159,LUA_MENU_CALLING_CARD_CAPS,0,0,0,0,bootcamp,,,59,71,97,,0,,,
140,em_bg_160,LUA_MENU_CALLING_CARD_CAPS,0,0,0,0,bootcamp,,,36,40,63,,0,,,
141,em_bg_161,LUA_MENU_CALLING_CARD_CAPS,0,0,0,0,bootcamp,,,59,54,52,,0,,,
142,em_bg_162,LUA_MENU_CALLING_CARD_CAPS,0,0,0,0,bootcamp,,,63,47,64,,0,,,
143,em_bg_163,LUA_MENU_CALLING_CARD_CAPS,0,0,0,0,bootcamp,,,63,59,72,,0,,,
144,em_bg_164,LUA_MENU_CALLING_CARD_CAPS,0,0,0,0,bootcamp,,,59,63,72,,0,,,
145,em_bg_165,LUA_MENU_CALLING_CARD_CAPS,0,0,0,0,bootcamp,,,28,29,29,,0,,,
146,em_bg_166,LUA_MENU_CALLING_CARD_CAPS,0,0,0,0,bootcamp,,,52,52,49,,0,,,
147,em_bg_167,LUA_MENU_CALLING_CARD_CAPS,0,0,0,0,bootcamp,,,56,55,51,,0,,,
148,em_bg_168,LUA_MENU_CALLING_CARD_CAPS,0,0,0,0,bootcamp,,,27,23,23,,0,,,
149,em_bg_169,LUA_MENU_CALLING_CARD_CAPS,0,0,0,0,bootcamp,,,57,51,47,,0,,,
150,em_bg_170,LUA_MENU_CALLING_CARD_CAPS,0,0,0,0,bootcamp,,,57,53,51,,0,,,
151,em_bg_171,LUA_MENU_CALLING_CARD_CAPS,0,0,0,0,bootcamp,,,28,38,37,,0,,,
152,em_bg_172,LUA_MENU_CALLING_CARD_CAPS,0,0,0,0,bootcamp,,,35,33,37,,0,,,
153,em_bg_173,LUA_MENU_CALLING_CARD_CAPS,0,0,0,0,bootcamp,,,59,57,52,,0,,,
154,em_bg_174,LUA_MENU_CALLING_CARD_CAPS,0,0,0,0,gamemodes,,,55,55,57,,0,,,
155,em_bg_175,LUA_MENU_CALLING_CARD_CAPS,0,0,0,0,gamemodes,,,36,40,41,,0,,,
156,em_bg_176,LUA_MENU_CALLING_CARD_CAPS,0,0,0,0,gamemodes,,,47,65,78,,0,,,
157,em_bg_177,LUA_MENU_CALLING_CARD_CAPS,0,0,0,0,gamemodes,,,73,76,63,,0,,,
158,em_bg_178,LUA_MENU_CALLING_CARD_CAPS,0,0,0,0,gamemodes,,,46,49,39,,0,,,
159,em_bg_179,LUA_MENU_CALLING_CARD_CAPS,0,0,0,0,gamemodes,,,48,44,32,,0,,,
160,em_bg_180,LUA_MENU_CALLING_CARD_CAPS,0,0,0,0,gamemodes,,,72,69,63,,0,,,
161,em_bg_181,LUA_MENU_CALLING_CARD_CAPS,0,0,0,0,gamemodes,,,46,53,47,,0,,,
162,em_bg_182,LUA_MENU_CALLING_CARD_CAPS,0,0,0,0,gamemodes,,,33,37,31,,0,,,
163,em_bg_183,LUA_MENU_CALLING_CARD_CAPS,0,0,0,0,gamemodes,,,21,30,33,,0,,,
164,em_bg_184,LUA_MENU_CALLING_CARD_CAPS,0,0,0,0,gamemodes,,,45,51,52,,0,,,
165,em_bg_185,LUA_MENU_CALLING_CARD_CAPS,0,0,0,0,gamemodes,,,28,30,54,,0,,,
166,em_bg_186,LUA_MENU_CALLING_CARD_CAPS,0,0,0,0,killer,,,38,38,38,,0,,,
167,em_bg_187,LUA_MENU_CALLING_CARD_CAPS,0,0,0,0,killer,,,38,38,38,,0,,,
168,em_bg_188,LUA_MENU_CALLING_CARD_CAPS,0,0,0,0,killer,,,24,24,24,,0,,,
169,em_bg_189,LUA_MENU_CALLING_CARD_CAPS,0,0,0,0,killer,,,47,45,42,,0,,,
170,em_bg_190,LUA_MENU_CALLING_CARD_CAPS,0,0,0,0,killer,,,78,70,66,,0,,,
171,em_bg_191,LUA_MENU_CALLING_CARD_CAPS,0,0,0,0,killer,,,37,34,33,,0,,,
172,em_bg_192,LUA_MENU_CALLING_CARD_CAPS,0,0,0,0,killer,,,53,20,18,,0,,,
173,em_bg_193,LUA_MENU_CALLING_CARD_CAPS,0,0,0,0,killer,,,35,38,39,,0,,,
174,em_bg_194,LUA_MENU_CALLING_CARD_CAPS,0,0,0,0,killer,,,38,38,38,,0,,,
175,em_bg_195,LUA_MENU_CALLING_CARD_CAPS,0,0,0,0,killer,,,38,38,38,,0,,,
176,em_bg_196,LUA_MENU_CALLING_CARD_CAPS,0,0,0,0,killer,,,25,25,25,,0,,,
177,em_bg_197,LUA_MENU_CALLING_CARD_CAPS,0,0,0,0,killer,,,32,22,21,,0,,,
178,em_bg_198,LUA_MENU_CALLING_CARD_CAPS,0,0,0,0,killer,,,41,38,37,,0,,,
179,em_bg_199,LUA_MENU_CALLING_CARD_CAPS,0,0,0,0,killer,,,35,31,27,,0,,,
180,em_bg_200,LUA_MENU_CALLING_CARD_CAPS,0,0,0,0,killer,,,38,38,38,,0,,,
181,em_bg_201,LUA_MENU_CALLING_CARD_CAPS,0,0,0,0,killer,,,38,38,38,,0,,,
182,em_bg_202,LUA_MENU_CALLING_CARD_CAPS,0,0,0,0,humiliation,,,84,94,102,,0,,,
183,em_bg_203,LUA_MENU_CALLING_CARD_CAPS,0,0,0,0,humiliation,,,79,81,64,,0,,,
184,em_bg_204,LUA_MENU_CALLING_CARD_CAPS,0,0,0,0,humiliation,,,50,30,22,,0,,,
185,em_bg_205,LUA_MENU_CALLING_CARD_CAPS,0,0,0,0,humiliation,,,83,62,87,,0,,,
186,em_bg_206,LUA_MENU_CALLING_CARD_CAPS,0,0,0,0,humiliation,,,32,33,30,,0,,,
187,em_bg_207,LUA_MENU_CALLING_CARD_CAPS,0,0,0,0,humiliation,,,32,28,28,,0,,,
188,em_bg_208,LUA_MENU_CALLING_CARD_CAPS,0,0,0,0,humiliation,,,45,46,49,,0,,,
189,em_bg_209,LUA_MENU_CALLING_CARD_CAPS,0,0,0,0,humiliation,,,21,27,30,,0,,,
190,em_bg_210,LUA_MENU_CALLING_CARD_CAPS,0,0,0,0,humiliation,,,29,33,40,,0,,,
191,em_bg_211,LUA_MENU_CALLING_CARD_CAPS,0,0,0,0,humiliation,,,63,69,74,,0,,,
192,em_bg_212,LUA_MENU_CALLING_CARD_CAPS,0,0,0,0,humiliation,,,53,58,69,,0,,,
193,em_bg_213,LUA_MENU_CALLING_CARD_CAPS,0,0,0,0,humiliation,,,47,20,20,,0,,,
194,em_bg_214,LUA_MENU_CALLING_CARD_CAPS,0,0,0,0,humiliation,,,40,43,37,,0,,,
195,em_bg_215,LUA_MENU_CALLING_CARD_CAPS,0,0,0,0,humiliation,,,46,71,90,,0,,,
196,em_bg_216,LUA_MENU_CALLING_CARD_CAPS,0,0,0,0,humiliation,,,72,67,63,,0,,,
197,em_bg_217,LUA_MENU_CALLING_CARD_CAPS,0,0,0,0,humiliation,,,86,90,103,,0,,,
198,em_bg_218,LUA_MENU_CALLING_CARD_CAPS,0,0,0,0,humiliation,,,20,20,20,,0,,,
199,em_bg_219,LUA_MENU_CALLING_CARD_CAPS,0,0,0,0,humiliation,,,66,74,105,,0,,,
200,em_bg_220,LUA_MENU_CALLING_CARD_CAPS,0,0,0,0,humiliation,,,56,47,50,,0,,,
201,em_bg_221,LUA_MENU_CALLING_CARD_CAPS,0,0,0,0,humiliation,,,47,40,42,,0,,,
202,em_bg_222,LUA_MENU_CALLING_CARD_CAPS,0,0,0,0,perks,,,24,29,43,,0,,,
203,em_bg_223,LUA_MENU_CALLING_CARD_CAPS,0,0,0,0,perks,,,22,22,21,,0,,,
204,em_bg_224,LUA_MENU_CALLING_CARD_CAPS,0,0,0,0,perks,,,49,78,93,,0,,,
205,em_bg_225,LUA_MENU_CALLING_CARD_CAPS,0,0,0,0,perks,,,66,58,59,,0,,,
206,em_bg_226,LUA_MENU_CALLING_CARD_CAPS,0,0,0,0,perks,,,63,61,70,,0,,,
207,em_bg_227,LUA_MENU_CALLING_CARD_CAPS,0,0,0,0,perks,,,45,54,60,,0,,,
208,em_bg_228,LUA_MENU_CALLING_CARD_CAPS,0,0,0,0,perks,,,24,24,24,,0,,,
209,em_bg_229,LUA_MENU_CALLING_CARD_CAPS,0,0,0,0,perks,,,93,77,67,,0,,,
210,em_bg_230,LUA_MENU_CALLING_CARD_CAPS,0,0,0,0,perks,,,33,30,36,,0,,,
211,em_bg_231,LUA_MENU_CALLING_CARD_CAPS,0,0,0,0,perks,,,39,38,41,,0,,,
212,em_bg_232,LUA_MENU_CALLING_CARD_CAPS,0,0,0,0,perks,,,68,77,79,,0,,,
213,em_bg_233,LUA_MENU_CALLING_CARD_CAPS,0,0,0,0,perks,,,53,35,28,,0,,,
214,em_bg_234,LUA_MENU_CALLING_CARD_CAPS,0,0,0,0,perks,,,37,59,66,,0,,,
215,em_bg_235,LUA_MENU_CALLING_CARD_CAPS,0,0,0,0,perks,,,20,29,28,,0,,,
216,em_bg_236,LUA_MENU_CALLING_CARD_CAPS,0,0,0,0,perks,,,41,41,41,,0,,,
217,em_bg_237,LUA_MENU_CALLING_CARD_CAPS,0,0,0,0,gamemodes,,,25,11,12,,0,,,
218,em_bg_238,LUA_MENU_CALLING_CARD_CAPS,0,0,0,0,gamemodes,,,52,56,64,,0,,,
219,em_bg_239,LUA_MENU_CALLING_CARD_CAPS,0,0,0,0,gamemodes,,,89,83,80,,0,,,
220,em_bg_240,LUA_MENU_CALLING_CARD_CAPS,0,0,0,0,gamemodes,,,45,64,71,,0,,,
221,em_bg_241,LUA_MENU_CALLING_CARD_CAPS,0,0,0,0,gamemodes,,,75,67,69,,0,,,
222,em_bg_242,LUA_MENU_CALLING_CARD_CAPS,0,0,0,0,gamemodes,,,47,65,58,,0,,,
223,em_bg_243,LUA_MENU_CALLING_CARD_CAPS,0,0,0,0,gamemodes,,,19,19,19,,0,,,
224,em_bg_244,LUA_MENU_CALLING_CARD_CAPS,0,0,0,0,gamemodes,,,56,63,61,,0,,,
225,em_bg_245,LUA_MENU_CALLING_CARD_CAPS,0,0,0,0,gamemodes,,,36,53,63,,0,,,
226,em_bg_246,LUA_MENU_CALLING_CARD_CAPS,0,0,0,0,gamemodes,,,36,53,63,,0,,,
227,em_bg_247,LUA_MENU_CALLING_CARD_CAPS,0,0,0,0,gamemodes,,,36,53,63,,0,,,
228,em_bg_248,LUA_MENU_CALLING_CARD_CAPS,0,0,0,0,gamemodes,,,83,83,89,,0,,,
229,em_bg_249,LUA_MENU_CALLING_CARD_CAPS,0,0,0,0,gamemodes,,,51,33,29,,0,,,
230,em_bg_250,LUA_MENU_CALLING_CARD_CAPS,0,0,0,0,gamemodes,,,87,78,76,,0,,,
231,em_bg_251,LUA_MENU_CALLING_CARD_CAPS,0,0,0,0,gamemodes,,,21,21,21,,0,,,
232,em_bg_252,LUA_MENU_CALLING_CARD_CAPS,0,0,0,0,gamemodes,,,34,37,35,,0,,,
233,em_bg_253,LUA_MENU_CALLING_CARD_CAPS,0,0,0,0,valor,,,44,34,30,,0,,,
234,em_bg_254,LUA_MENU_CALLING_CARD_CAPS,0,0,0,0,valor,,,18,23,22,,0,,,
235,em_bg_255,LUA_MENU_CALLING_CARD_CAPS,0,0,0,0,valor,,,62,86,98,,0,,,
236,em_bg_256,LUA_MENU_CALLING_CARD_CAPS,0,0,0,0,valor,,,44,56,63,,0,,,
237,em_bg_257,LUA_MENU_CALLING_CARD_CAPS,0,0,0,0,valor,,,23,22,21,,0,,,
238,em_bg_258,LUA_MENU_CALLING_CARD_CAPS,0,0,0,0,valor,,,19,19,19,,0,,,
239,em_bg_259,LUA_MENU_CALLING_CARD_CAPS,0,0,0,0,valor,,,69,79,82,,0,,,
240,em_bg_260,LUA_MENU_CALLING_CARD_CAPS,0,0,0,0,valor,,,18,22,28,,0,,,
241,em_bg_261,LUA_MENU_CALLING_CARD_CAPS,0,0,0,0,valor,,,37,38,39,,0,,,
242,em_bg_262,LUA_MENU_CALLING_CARD_CAPS,0,0,0,0,valor,,,46,46,45,,0,,,
243,em_bg_263,LUA_MENU_CALLING_CARD_CAPS,0,0,0,0,valor,,,33,31,31,,0,,,
244,em_bg_264,LUA_MENU_CALLING_CARD_CAPS,0,0,0,0,valor,,,48,53,46,,0,,,
245,em_bg_265,LUA_MENU_CALLING_CARD_CAPS,0,0,0,0,valor,,,45,42,38,,0,,,
246,em_bg_266,LUA_MENU_CALLING_CARD_CAPS,0,0,0,0,valor,,,45,42,38,,0,,,
247,em_bg_267,LUA_MENU_CALLING_CARD_CAPS,0,0,0,0,valor,,,57,55,51,,0,,,
248,em_bg_268,LUA_MENU_CALLING_CARD_CAPS,0,0,0,0,valor,,,26,12,12,,0,,,
249,em_bg_269,LUA_MENU_CALLING_CARD_CAPS,0,0,0,0,valor,,,72,87,92,,0,,,
250,em_bg_270,LUA_MENU_CALLING_CARD_CAPS,0,0,0,0,valor,,,72,71,62,,0,,,
251,em_bg_271,LUA_MENU_CALLING_CARD_CAPS,0,0,0,0,valor,,,61,62,58,,0,,,
252,em_bg_272,LUA_MENU_CALLING_CARD_CAPS,0,0,0,0,valor,,,51,56,59,,0,,,
253,em_bg_273,LUA_MENU_CALLING_CARD_CAPS,0,0,0,0,valor,,,41,39,45,,0,,,
254,em_bg_274,LUA_MENU_CALLING_CARD_CAPS,0,0,0,0,valor,,,57,56,61,,0,,,
255,em_bg_275,LUA_MENU_CALLING_CARD_CAPS,0,0,0,0,valor,,,36,33,31,,0,,,
256,em_bg_276,LUA_MENU_CALLING_CARD_CAPS,0,0,0,0,valor,,,53,50,49,,0,,,
257,em_bg_277,LUA_MENU_CALLING_CARD_CAPS,0,0,0,0,valor,,,35,37,46,,0,,,
258,em_bg_278,LUA_MENU_CALLING_CARD_CAPS,0,0,0,0,valor,,,41,31,43,,0,,,
259,em_bg_279,LUA_MENU_CALLING_CARD_CAPS,0,0,0,0,valor,,,62,46,42,,0,,,
260,em_bg_280,LUA_MENU_CALLING_CARD_CAPS,0,0,0,0,valor,,,69,46,35,,0,,,
261,em_bg_281,LUA_MENU_CALLING_CARD_CAPS,0,0,0,0,valor,,,26,25,27,,0,,,
262,em_bg_282,LUA_MENU_CALLING_CARD_CAPS,0,0,0,0,valor,,,54,53,60,,0,,,
263,em_bg_283,LUA_MENU_CALLING_CARD_CAPS,0,0,0,0,valor,,,34,27,26,,0,,,
264,em_bg_284,LUA_MENU_CALLING_CARD_CAPS,0,0,0,0,valor,,,68,31,34,,0,,,
265,em_bg_285,LUA_MENU_CALLING_CARD_CAPS,0,0,0,0,valor,,,52,53,48,,0,,,
266,em_abg_000,LUA_MENU_CALLING_CARD_CAPS,0,0,0,0,general,,,54,38,39,Bootcamp,0,,,
267,em_abg_001,LUA_MENU_CALLING_CARD_CAPS,0,0,0,0,bootcamp,,,45,50,61,Nukes,0,,,
268,em_abg_002,LUA_MENU_CALLING_CARD_CAPS,0,0,0,0,killer,,,53,99,110,Dragon,0,,,
269,em_abg_003,LUA_MENU_CALLING_CARD_CAPS,0,0,0,0,humiliation,,,39,46,50,Killer,0,,,
270,em_abg_004,LUA_MENU_CALLING_CARD_CAPS,0,0,0,0,perks,,,67,89,91,Gorilla,0,,,
271,em_abg_005,LUA_MENU_CALLING_CARD_CAPS,0,0,0,0,gamemodes,,,172,66,49,Blam,0,,,
272,em_abg_006,LUA_MENU_CALLING_CARD_CAPS,0,0,0,0,valor,,,104,96,75,Teabag,0,,,
273,em_abg_009,LUA_MENU_CALLING_CARD_CAPS,0,0,0,0,general,,,61,21,21,PriceFreakout,0,,,
274,em_abg_007,LUA_MENU_CALLING_CARD_CAPS,0,0,0,0,prestige,,,27,17,18,Television,0,,,
275,em_abg_008,LUA_MENU_CALLING_CARD_CAPS,0,0,0,0,prestige,,,27,17,18,Skulls,0,,,
276,em_bg_138,LUA_MENU_CALLING_CARD_CAPS,0,0,0,0,prestige,,,56,51,51,,0,,,
277,em_bg_139,LUA_MENU_CALLING_CARD_CAPS,0,0,0,0,prestige,,,49,48,48,,0,,,
278,em_bg_140,LUA_MENU_CALLING_CARD_CAPS,0,0,0,0,prestige,,,50,54,46,,0,,,
279,em_bg_141,LUA_MENU_CALLING_CARD_CAPS,0,0,0,0,prestige,,,69,69,61,,0,,,
280,em_bg_142,LUA_MENU_CALLING_CARD_CAPS,0,0,0,0,prestige,,,57,57,50,,0,,,
281,em_bg_143,LUA_MENU_CALLING_CARD_CAPS,0,0,0,0,prestige,,,78,69,60,,0,,,
282,em_bg_144,LUA_MENU_CALLING_CARD_CAPS,0,0,0,0,prestige,,,41,54,82,,0,,,
283,em_bg_145,LUA_MENU_CALLING_CARD_CAPS,0,0,0,0,prestige,,,48,40,46,,0,,,
284,em_bg_146,LUA_MENU_CALLING_CARD_CAPS,0,0,0,0,prestige,,,57,49,50,,0,,,
285,em_bg_147,LUA_MENU_CALLING_CARD_CAPS,0,0,0,0,prestige,,,81,103,106,,0,,,
286,em_bg_148,LUA_MENU_CALLING_CARD_CAPS,0,0,0,0,prestige,,,75,79,71,,0,,,
287,em_bg_149,LUA_MENU_CALLING_CARD_CAPS,0,0,0,0,prestige,,,84,80,75,,0,,,
288,em_bg_150,LUA_MENU_CALLING_CARD_CAPS,0,0,0,0,prestige,,,75,78,78,,0,,,
289,em_bg_151,LUA_MENU_CALLING_CARD_CAPS,0,0,0,0,prestige,,,67,65,61,,0,,,
290,em_bg_152,LUA_MENU_CALLING_CARD_CAPS,0,0,0,0,prestige,,,97,95,92,,0,,,
291,em_bg_153,LUA_MENU_CALLING_CARD_CAPS,0,0,0,0,prestige,,,58,59,64,,0,,,
292,em_bg_154,LUA_MENU_CALLING_CARD_CAPS,0,0,0,0,prestige,,,44,41,39,,0,,,
293,em_bg_155,LUA_MENU_CALLING_CARD_CAPS,0,0,0,0,prestige,,,97,94,83,,0,,,
294,em_bg_156,LUA_MENU_CALLING_CARD_CAPS,0,0,0,0,prestige,,,84,83,79,,0,,,
295,em_bg_157,LUA_MENU_CALLING_CARD_CAPS,0,0,0,0,prestige,,,76,72,75,,0,,,
296,em_bg_286,LUA_MENU_CALLING_CARD_CAPS,0,0,0,0,prestige,,,8,8,8,,0,,,
297,em_bg_287,LUA_MENU_CALLING_CARD_CAPS,0,0,0,0,prestige,,,67,79,89,,0,,,
298,em_bg_288,LUA_MENU_CALLING_CARD_CAPS,0,0,0,0,prestige,,,65,56,51,,0,,,
299,em_bg_289,LUA_MENU_CALLING_CARD_CAPS,0,0,0,0,prestige,,,27,18,18,,0,,,
300,em_bg_290,LUA_MENU_CALLING_CARD_CAPS,0,0,0,0,prestige,,,39,35,27,,0,,,
301,em_bg_291,LUA_MENU_CALLING_CARD_CAPS,0,0,0,0,prestige,,,35,34,31,,0,,,
302,em_bg_292,LUA_MENU_CALLING_CARD_CAPS,0,0,0,0,prestige,,,41,41,43,,0,,,
303,em_bg_293,LUA_MENU_CALLING_CARD_CAPS,0,0,0,0,prestige,,,38,42,39,,0,,,
304,em_bg_294,LUA_MENU_CALLING_CARD_CAPS,0,0,0,0,prestige,,,70,69,85,,0,,,
305,em_bg_295,LUA_MENU_CALLING_CARD_CAPS,0,0,0,0,prestige,,,116,111,111,,0,,,
306,em_bg_296,LUA_MENU_CALLING_CARD_CAPS,0,0,0,0,prestige,,,33,45,33,,0,,,
307,em_bg_297,LUA_MENU_CALLING_CARD_CAPS,0,0,0,0,prestige,,,77,74,82,,0,,,
308,em_bg_298,LUA_MENU_CALLING_CARD_CAPS,0,0,0,0,prestige,,,23,26,29,,0,,,
309,em_bg_299,LUA_MENU_CALLING_CARD_CAPS,0,0,0,0,prestige,,,82,73,71,,0,,,
310,em_bg_300,LUA_MENU_CALLING_CARD_CAPS,0,0,0,0,prestige,,,34,32,43,,0,,,
311,em_bg_301,LUA_MENU_CALLING_CARD_CAPS,0,0,0,0,prestige,,,108,102,84,,0,,,
312,em_bg_302,LUA_MENU_CALLING_CARD_CAPS,0,0,0,0,prestige,,,60,46,44,,0,,,
313,em_bg_303,LUA_MENU_CALLING_CARD_CAPS,0,0,0,0,prestige,,,43,49,46,,0,,,
314,em_bg_304,LUA_MENU_CALLING_CARD_CAPS,0,0,0,0,prestige,,,49,48,43,,0,,,
315,em_bg_305,LUA_MENU_CALLING_CARD_CAPS,0,0,0,0,prestige,,,19,19,19,,0,,,
316,em_bg_306,LUA_MENU_CALLING_CARD_CAPS,0,0,0,0,prestige,,,71,69,72,,0,,,
317,em_bg_307,LUA_MENU_CALLING_CARD_CAPS,0,0,0,0,prestige,,,46,55,56,,0,,,
318,em_bg_308,LUA_MENU_CALLING_CARD_CAPS,0,0,0,0,prestige,,,67,67,67,,0,,,
319,em_bg_309,LUA_MENU_CALLING_CARD_CAPS,0,0,0,0,prestige,,,14,17,21,,0,,,
320,em_bg_310,LUA_MENU_CALLING_CARD_CAPS,0,0,0,0,prestige,,,29,31,34,,0,,,
321,em_bg_311,LUA_MENU_CALLING_CARD_CAPS,0,0,0,0,prestige,,,31,31,31,,0,,,
322,em_bg_312,LUA_MENU_CALLING_CARD_CAPS,0,0,0,0,prestige,,,65,35,35,,0,,,
323,em_bg_313,LUA_MENU_CALLING_CARD_CAPS,0,0,0,0,prestige,,,0,0,0,,0,,,
324,em_bg_314,LUA_MENU_CALLING_CARD_CAPS,0,0,0,0,prestige,,,0,0,0,,0,,,
325,em_bg_dlc1_000,LUA_MENU_CALLING_CARD_CAPS,0,0,0,0,dlc,,,52,50,47,,1,,,
326,em_bg_dlc1_001,LUA_MENU_CALLING_CARD_CAPS,0,0,0,0,dlc,,,66,54,54,,1,,,
327,em_bg_dlc1_002,LUA_MENU_CALLING_CARD_CAPS,0,0,0,0,dlc,,,55,66,54,,1,,,
328,em_bg_dlc1_003,LUA_MENU_CALLING_CARD_CAPS,0,0,0,0,dlc,,,62,54,48,,1,,,
329,em_bg_dlc1_004,LUA_MENU_CALLING_CARD_CAPS,0,0,0,0,dlc,,,48,57,62,,1,,,
330,em_bg_dlc1_005,LUA_MENU_CALLING_CARD_CAPS,0,0,0,0,dlc,,,54,61,51,,1,,,
331,em_bg_dlc1_006,LUA_MENU_CALLING_CARD_CAPS,0,0,0,0,dlc,,,39,40,47,,1,,,
332,em_bg_dlc1_007,LUA_MENU_CALLING_CARD_CAPS,0,0,0,0,dlc,,,40,47,39,,1,,,
333,em_bg_dlc1_008,LUA_MENU_CALLING_CARD_CAPS,0,0,0,0,dlc,,,10,10,10,,1,,,
334,em_bg_dlc1_009,LUA_MENU_CALLING_CARD_CAPS,0,0,0,0,dlc,,,42,37,33,,1,,,
335,em_bg_dlc1_010,LUA_MENU_CALLING_CARD_CAPS,0,0,0,0,dlc,,,36,43,41,,1,,,
336,em_bg_dlc1_011,LUA_MENU_CALLING_CARD_CAPS,0,0,0,0,dlc,,,39,42,50,,1,,,
337,em_bg_assassin_01,LOOT_DEC_CC_22,0,0,0,0,LootDrop1,,,71,55,51,,1,0x1001E69,0,
338,em_bg_bad_karma_01,LOOT_DEC_CC_01,0,0,0,0,LootDrop1,,,173,186,202,,1,0x1001A81,0,
339,em_bg_bad_karma_02,LOOT_DEC_CC_02,0,0,0,0,LootDrop1,,,175,96,143,,1,0x1001A82,0,
340,em_bg_bad_karma_03,LOOT_DEC_CC_23,0,0,0,0,LootDrop1,,,48,55,74,,1,0x1001E6A,0,
341,em_bg_bad_karma_04,LOOT_DEC_CC_24,0,0,0,0,LootDrop1,,,22,68,104,,1,0x1001E6B,0,
342,em_bg_bad_karma_05,LOOT_DEC_CC_25,0,0,0,0,LootDrop1,,,38,45,53,,1,0x1001E6C,0,
343,em_bg_bad_karma_06,LOOT_DEC_CC_44,0,0,0,0,LootDrop1,,,49,56,84,,1,0x1002251,0,
344,em_bg_bad_karma_07,LOOT_DEC_CC_53,0,0,0,0,LootDrop1,,,54,47,19,,1,0x1002639,0,
345,em_bg_battle_worn_01,LOOT_DEC_CC_03,0,0,0,0,LootDrop1,,,79,70,68,,1,0x1001A83,0,
346,em_bg_cliffhanger_01,LOOT_DEC_CC_04,0,0,0,0,LootDrop1,,,113,170,184,,1,0x1001A84,0,
347,em_bg_competitor_01,LOOT_DEC_CC_05,0,0,0,0,LootDrop1,,,86,31,33,,1,0x1001A85,0,
348,em_bg_cursed_01,LOOT_DEC_CC_06,0,0,0,0,LootDrop1,,,35,36,33,,1,0x1001A86,0,
349,em_bg_cursed_02,LOOT_DEC_CC_07,0,0,0,0,LootDrop1,,,25,29,13,,1,0x1001A87,0,
350,em_bg_cursed_03,LOOT_DEC_CC_26,0,0,0,0,LootDrop1,,,77,142,129,,1,0x1001E6D,0,
351,em_bg_cursed_04,LOOT_DEC_CC_27,0,0,0,0,LootDrop1,,,131,82,26,,1,0x1001E6E,0,
352,em_bg_cursed_05,LOOT_DEC_CC_28,0,0,0,0,LootDrop1,,,54,54,55,,1,0x1001E6F,0,
353,em_bg_cursed_06,LOOT_DEC_CC_45,0,0,0,0,LootDrop1,,,52,35,42,,1,0x1002252,0,
354,em_bg_cursed_07,LOOT_DEC_CC_54,0,0,0,0,LootDrop1,,,24,51,42,,1,0x100263A,0,
355,em_bg_deep_end_01,LOOT_DEC_CC_08,0,0,0,0,LootDrop1,,,75,100,129,,1,0x1001A88,0,
356,em_bg_deep_end_02,LOOT_DEC_CC_09,0,0,0,0,LootDrop1,,,9,25,31,,1,0x1001A89,0,
357,em_bg_deep_end_03,LOOT_DEC_CC_29,0,0,0,0,LootDrop1,,,229,190,144,,1,0x1001E70,0,
358,em_bg_deep_end_04,LOOT_DEC_CC_30,0,0,0,0,LootDrop1,,,61,65,67,,1,0x1001E71,0,
359,em_bg_deep_end_05,LOOT_DEC_CC_31,0,0,0,0,LootDrop1,,,87,83,49,,1,0x1001E72,0,
360,em_bg_deep_end_06,LOOT_DEC_CC_46,0,0,0,0,LootDrop1,,,34,50,75,,1,0x1002253,0,
361,em_bg_deep_end_07,LOOT_DEC_CC_55,0,0,0,0,LootDrop1,,,45,42,16,,1,0x100263B,0,
362,em_bg_gravedigger_01,LOOT_DEC_CC_10,0,0,0,0,LootDrop1,,,44,44,44,,1,0x1001A8A,0,
363,em_bg_gunslinger_01,LOOT_DEC_CC_47,0,0,0,0,LootDrop1,,,206,232,245,,1,0x1002254,0,
364,em_bg_kamchatka_12_01,LOOT_DEC_CC_48,0,0,0,0,LootDrop1,,,61,69,66,,1,0x1002267,0,
365,em_bg_mechanized_01,LOOT_DEC_CC_11,0,0,0,0,LootDrop1,,,151,164,181,,1,0x1001A8B,0,
366,em_bg_mechanized_02,LOOT_DEC_CC_12,0,0,0,0,LootDrop1,,,187,178,169,,1,0x1001A8C,0,
367,em_bg_mechanized_03,LOOT_DEC_CC_32,0,0,0,0,LootDrop1,,,147,171,132,,1,0x1001E73,0,
368,em_bg_mechanized_04,LOOT_DEC_CC_33,0,0,0,0,LootDrop1,,,157,176,209,,1,0x1001E74,0,
369,em_bg_mechanized_05,LOOT_DEC_CC_34,0,0,0,0,LootDrop1,,,103,83,71,,1,0x1001E75,0,
370,em_bg_mechanized_06,LOOT_DEC_CC_49,0,0,0,0,LootDrop1,,,34,57,68,,1,0x1002256,0,
371,em_bg_mechanized_07,LOOT_DEC_CC_56,0,0,0,0,LootDrop1,,,100,59,41,,1,0x100263C,0,
372,em_bg_royal_01,LOOT_DEC_CC_13,0,0,0,0,LootDrop1,,,212,155,77,,1,0x1001A8D,0,
373,em_bg_royal_02,LOOT_DEC_CC_14,0,0,0,0,LootDrop1,,,64,65,70,,1,0x1001A8E,0,
374,em_bg_royal_03,LOOT_DEC_CC_35,0,0,0,0,LootDrop1,,,33,31,76,,1,0x1001E76,0,
375,em_bg_royal_04,LOOT_DEC_CC_36,0,0,0,0,LootDrop1,,,60,87,106,,1,0x1001E77,0,
376,em_bg_royal_05,LOOT_DEC_CC_37,0,0,0,0,LootDrop1,,,61,67,43,,1,0x1001E78,0,
377,em_bg_royal_06,LOOT_DEC_CC_50,0,0,0,0,LootDrop1,,,52,24,20,,1,0x1002257,0,
378,em_bg_royal_07,LOOT_DEC_CC_57,0,0,0,0,LootDrop1,,,33,48,81,,1,0x100263D,0,
379,em_bg_scorpion_01,LOOT_DEC_CC_15,0,0,0,0,LootDrop1,,,47,59,51,,1,0x1001A8F,0,
380,em_bg_super_01,LOOT_DEC_CC_16,0,0,0,0,LootDrop1,,,101,116,73,,1,0x1001A90,0,
381,em_bg_super_02,LOOT_DEC_CC_17,0,0,0,0,LootDrop1,,,45,42,27,,1,0x1001A91,0,
382,em_bg_super_03,LOOT_DEC_CC_38,0,0,0,0,LootDrop1,,,164,134,103,,1,0x1001E79,0,
383,em_bg_super_04,LOOT_DEC_CC_39,0,0,0,0,LootDrop1,,,172,126,13,,1,0x1001E7A,0,
384,em_bg_super_05,LOOT_DEC_CC_40,0,0,0,0,LootDrop1,,,49,40,32,,1,0x1001E7B,0,
385,em_bg_super_06,LOOT_DEC_CC_51,0,0,0,0,LootDrop1,,,173,137,135,,1,0x1002258,0,
386,em_bg_super_07,LOOT_DEC_CC_58,0,0,0,0,LootDrop1,,,100,55,21,,1,0x100263E,0,
387,em_bg_warfighter_01,LOOT_DEC_CC_18,0,0,0,0,LootDrop1,,,199,237,246,,1,0x1001A92,0,
388,em_bg_warrior_01,LOOT_DEC_CC_19,0,0,0,0,LootDrop1,,,76,17,15,,1,0x1001A93,0,
389,em_bg_warrior_02,LOOT_DEC_CC_20,0,0,0,0,LootDrop1,,,135,136,135,,1,0x1001A94,0,
390,em_bg_warrior_03,LOOT_DEC_CC_41,0,0,0,0,LootDrop1,,,112,75,47,,1,0x1001E7C,0,
391,em_bg_warrior_04,LOOT_DEC_CC_42,0,0,0,0,LootDrop1,,,54,167,170,,1,0x1001E7D,0,
392,em_bg_warrior_05,LOOT_DEC_CC_43,0,0,0,0,LootDrop1,,,26,19,17,,1,0x1001E7E,0,
393,em_bg_warrior_06,LOOT_DEC_CC_52,0,0,0,0,LootDrop1,,,232,164,44,,1,0x1002259,0,
394,em_bg_warrior_07,LOOT_DEC_CC_59,0,0,0,0,LootDrop1,,,191,185,190,,1,0x100263F,0,
395,em_bg_xm_lar_01,LOOT_DEC_CC_21,0,0,0,0,LootDrop1,,,98,89,90,,1,0x1001AC1,0,
396,em_bg_reward_bad_karma,LOOT_DEC_CC_REWARD_01,0,0,0,0,LootDrop1,,,77,74,75,Eyeball,1,0x100C670,0,
397,em_bg_reward_cursed,LOOT_DEC_CC_REWARD_02,0,0,0,0,LootDrop1,,,0,0,0,Crystal,1,0x100C672,0,
398,em_bg_reward_deep_end,LOOT_DEC_CC_REWARD_03,0,0,0,0,LootDrop1,,,72,102,112,Shark,1,0x100C673,0,
399,em_bg_reward_mechanized,LOOT_DEC_CC_REWARD_04,0,0,0,0,LootDrop1,,,173,162,156,Tank,1,0x100C676,0,
400,em_bg_reward_royal,LOOT_DEC_CC_REWARD_05,0,0,0,0,LootDrop1,,,124,0,74,Royal,1,0x100C679,0,
401,em_bg_reward_super,LOOT_DEC_CC_REWARD_06,0,0,0,0,LootDrop1,,,125,108,90,SuperSoldier,1,0x100C67C,0,
402,em_bg_reward_warrior,LOOT_DEC_CC_REWARD_07,0,0,0,0,LootDrop1,,,176,196,223,Knight,1,0x100C67E,0,
403,em_bg_battlescarred_01,LOOT_JAN_CC_21,0,0,0,0,LootDrop1,,,164,72,5,,1,0x100225A,0,
404,em_bg_comic_01,LOOT_JAN_CC_02,0,0,0,0,LootDrop1,,,135,75,31,,1,0x1001A97,0,
405,em_bg_comic_02,LOOT_JAN_CC_03,0,0,0,0,LootDrop1,,,207,225,234,,1,0x1001A98,0,
406,em_bg_comic_03,LOOT_JAN_CC_11,0,0,0,0,LootDrop1,,,199,111,65,,1,0x1001E7F,0,
407,em_bg_comic_04,LOOT_JAN_CC_12,0,0,0,0,LootDrop1,,,62,63,72,,1,0x1001E80,0,
408,em_bg_comic_05,LOOT_JAN_CC_13,0,0,0,0,LootDrop1,,,103,193,130,,1,0x1001E81,0,
409,em_bg_comic_06,LOOT_JAN_CC_22,0,0,0,0,LootDrop1,,,200,73,74,,1,0x100225B,0,
410,em_bg_comic_07,LOOT_JAN_CC_25,0,0,0,0,LootDrop1,,,47,40,20,,1,0x1002640,0,
411,em_bg_comic_reward,LOOT_JAN_CC_REWARD_01,0,0,0,0,LootDrop1,,,230,205,190,Undies,1,0x100C671,0,
412,em_bg_czar_01,LOOT_JAN_CC_10,0,0,0,0,LootDrop1,,,38,30,14,,1,0x1001A9F,0,
413,em_bg_gladiator_01,LOOT_JAN_CC_31,0,0,0,0,LootDrop1,,,12,34,39,,1,0x100D0A5,0,
414,em_bg_hatchetman_01,LOOT_JAN_CC_04,0,0,0,0,LootDrop1,,,245,251,254,,1,0x1001A99,0,
415,em_bg_huntsman_01,LOOT_JAN_CC_05,0,0,0,0,LootDrop1,,,16,25,14,,1,0x1001A9A,0,
416,em_bg_kamchatka12_01,LOOT_JAN_CC_29,0,0,0,0,LootDrop1,,,51,58,55,,1,0x100D09B,0,
417,em_bg_lawman_01,LOOT_JAN_CC_14,0,0,0,0,LootDrop1,,,8,7,6,,1,0x1001E82,0,
418,em_bg_magnum_01,LOOT_JAN_CC_01,0,0,0,0,LootDrop1,,,35,35,29,,1,0x1001A96,0,
419,em_bg_mythic_01,LOOT_JAN_CC_06,0,0,0,0,LootDrop1,,,90,112,147,,1,0x1001A9B,0,
420,em_bg_mythic_02,LOOT_JAN_CC_07,0,0,0,0,LootDrop1,,,113,127,123,,1,0x1001A9C,0,
421,em_bg_mythic_03,LOOT_JAN_CC_15,0,0,0,0,LootDrop1,,,118,127,158,,1,0x1001E83,0,
422,em_bg_mythic_04,LOOT_JAN_CC_16,0,0,0,0,LootDrop1,,,164,127,156,,1,0x1001E84,0,
423,em_bg_mythic_05,LOOT_JAN_CC_17,0,0,0,0,LootDrop1,,,1,118,104,,1,0x1001E85,0,
424,em_bg_mythic_06,LOOT_JAN_CC_23,0,0,0,0,LootDrop1,,,21,21,37,,1,0x100225C,0,
425,em_bg_mythic_07,LOOT_JAN_CC_26,0,0,0,0,LootDrop1,,,25,12,19,,1,0x1002641,0,
426,em_bg_mythic_reward,LOOT_JAN_CC_REWARD_02,0,0,0,0,LootDrop1,,,181,102,145,Mythic,1,0x100C677,0,
427,em_bg_sportsman_01,LOOT_JAN_CC_08,0,0,0,0,LootDrop1,,,255,20,203,,1,0x1001A9D,0,
428,em_bg_sportsman_02,LOOT_JAN_CC_09,0,0,0,0,LootDrop1,,,115,4,124,,1,0x1001A9E,0,
429,em_bg_sportsman_03,LOOT_JAN_CC_18,0,0,0,0,LootDrop1,,,103,159,208,,1,0x1001E86,0,
430,em_bg_sportsman_04,LOOT_JAN_CC_19,0,0,0,0,LootDrop1,,,253,215,91,,1,0x1001E87,0,
431,em_bg_sportsman_05,LOOT_JAN_CC_20,0,0,0,0,LootDrop1,,,186,68,57,,1,0x1001E88,0,
432,em_bg_sportsman_06,LOOT_JAN_CC_24,0,0,0,0,LootDrop1,,,249,247,242,,1,0x100225D,0,
433,em_bg_sportsman_07,LOOT_JAN_CC_28,0,0,0,0,LootDrop1,,,11,84,27,,1,0x1002643,0,
434,em_bg_sportsman_reward,LOOT_JAN_CC_REWARD_03,0,0,0,0,LootDrop1,,,48,47,58,Sports,1,0x100C67B,0,
435,em_bg_xmlar_01,LOOT_JAN_CC_30,0,0,0,0,LootDrop1,,,103,89,86,,1,0x100D09C,0,
436,em_abg_code_01,LUA_MENU_CALLING_CARD_CAPS,0,0,0,0,general,,,235,219,118,,0,0x100D0B5,0,
437,em_bg_avalanche_01,LOOT_FEB_CC_19,0,0,0,0,LootDrop3,,,147,166,191,,1,0x1001E89,0,
438,em_bg_boss_01,LOOT_FEB_CC_01,0,0,0,0,LootDrop3,,,14,19,18,,1,0x1001AA0,0,
439,em_bg_chalk_01,LOOT_FEB_CC_38,0,0,0,0,LootDrop3,,,53,68,93,,1,0x1002645,0,
440,em_bg_challenger_01,LOOT_FEB_CC_02,0,0,0,0,LootDrop3,,,50,247,178,,1,0x1001AA1,0,
441,em_bg_d25s_01,LOOT_FEB_CC_16,0,0,0,0,LootDrop3,,,98,79,36,,1,0x1001AAF,0,
442,em_bg_evolution_01,LOOT_FEB_CC_03,0,0,0,0,LootDrop3,,,57,69,75,,1,0x1001AA2,0,
443,em_bg_evolution_02,LOOT_FEB_CC_04,0,0,0,0,LootDrop3,,,39,48,48,,1,0x1001AA3,0,
444,em_bg_evolution_03,LOOT_FEB_CC_20,0,0,0,0,LootDrop3,,,46,63,53,,1,0x1001E8A,0,
445,em_bg_evolution_04,LOOT_FEB_CC_21,0,0,0,0,LootDrop3,,,28,70,115,,1,0x1001E8B,0,
446,em_bg_evolution_05,LOOT_FEB_CC_22,0,0,0,0,LootDrop3,,,64,101,109,,1,0x1001E8C,0,
447,em_bg_evolution_06,LOOT_FEB_CC_33,0,0,0,0,LootDrop3,,,33,31,67,,1,0x100225E,0,
448,em_bg_evolution_07,LOOT_FEB_CC_37,0,0,0,0,LootDrop3,,,7,8,9,,1,0x1002644,0,
449,em_bg_evolution_reward,LOOT_FEB_CC_REWARD_01,0,0,0,0,LootDrop3,,,22,20,17,Evolution,1,0x100C674,0,
450,em_bg_frag_01,LOOT_FEB_CC_23,0,0,0,0,LootDrop3,,,31,39,52,,1,0x1001E8D,0,
451,em_bg_graves_01,LOOT_FEB_CC_26,0,0,0,0,LootDrop3,,,88,105,59,,1,0x1001E90,1,
452,em_bg_killshot_01,LOOT_FEB_CC_05,0,0,0,0,LootDrop3,,,26,29,32,,1,0x1001AA4,0,
453,em_bg_kingpin_01,LOOT_FEB_CC_07,0,0,0,0,LootDrop3,,,16,20,31,,1,0x1001AA6,0,
454,em_bg_mac10_01,LOOT_FEB_CC_24,0,0,0,0,LootDrop3,,,25,31,35,,1,0x1001E8E,0,
455,em_bg_mastercraft_01,LOOT_FEB_CC_25,0,0,0,0,LootDrop3,,,18,26,46,,1,0x1001E8F,0,
456,em_bg_mechanic_01,LOOT_FEB_CC_39,0,0,0,0,LootDrop3,,,138,163,195,,1,0x1002646,0,
457,em_bg_noobtuber_01,LOOT_FEB_CC_40,0,0,0,0,LootDrop3,,,61,82,104,,1,0x1002647,0,
458,em_bg_pigpen_01,LOOT_FEB_CC_08,0,0,0,0,LootDrop3,,,18,11,7,,1,0x1001AA7,0,
459,em_bg_pkm_01,LOOT_FEB_CC_09,0,0,0,0,LootDrop3,,,144,138,69,,1,0x1001AA8,0,
460,em_bg_reflex_01,LOOT_FEB_CC_10,0,0,0,0,LootDrop3,,,102,107,124,,1,0x1001AA9,0,
461,em_bg_revolution_01,LOOT_FEB_CC_51,0,0,0,0,LootDrop3,,,97,51,24,,1,0x100D11C,0,
462,em_bg_revolution_02,LOOT_FEB_CC_52,0,0,0,0,LootDrop3,,,194,173,139,,1,0x100D11D,0,
463,em_bg_revolution_03,LOOT_FEB_CC_53,0,0,0,0,LootDrop3,,,80,75,73,,1,0x100D11E,0,
464,em_bg_revolution_04,LOOT_FEB_CC_54,0,0,0,0,LootDrop3,,,199,130,82,,1,0x100D11F,0,
465,em_bg_revolution_05,LOOT_FEB_CC_55,0,0,0,0,LootDrop3,,,99,79,54,,1,0x100D120,0,
466,em_bg_revolution_06,LOOT_FEB_CC_56,0,0,0,0,LootDrop3,,,152,80,35,,1,0x100D121,0,
467,em_bg_revolution_07,LOOT_FEB_CC_57,0,0,0,0,LootDrop3,,,121,124,123,,1,0x100D122,0,
468,em_bg_revolution_reward,LOOT_FEB_CC_REWARD_05,0,0,0,0,LootDrop3,,,25,25,5,Revolution,1,0x100D123,0,
469,em_bg_samurai_01,LOOT_FEB_CC_11,0,0,0,0,LootDrop3,,,24,35,39,,1,0x1001AAA,0,
470,em_bg_standoff_01,LOOT_FEB_CC_44,0,0,0,0,LootDrop3,,,31,46,57,,1,0x100D0C2,0,
471,em_bg_standoff_02,LOOT_FEB_CC_45,0,0,0,0,LootDrop3,,,148,133,99,,1,0x100D0C3,0,
472,em_bg_standoff_03,LOOT_FEB_CC_46,0,0,0,0,LootDrop3,,,147,129,107,,1,0x100D0C4,0,
473,em_bg_standoff_04,LOOT_FEB_CC_47,0,0,0,0,LootDrop3,,,19,18,19,,1,0x100D0C5,0,
474,em_bg_standoff_05,LOOT_FEB_CC_48,0,0,0,0,LootDrop3,,,97,99,113,,1,0x100D0C6,0,
475,em_bg_standoff_06,LOOT_FEB_CC_49,0,0,0,0,LootDrop3,,,72,84,101,,1,0x100D0C7,0,
476,em_bg_standoff_07,LOOT_FEB_CC_50,0,0,0,0,LootDrop3,,,26,29,33,,1,0x100D0C8,0,
477,em_bg_standoff_reward,LOOT_FEB_CC_REWARD_04,0,0,0,0,LootDrop3,,,182,184,182,StandOff,1,0x100D0C9,0,
478,em_bg_titanium_01,LOOT_FEB_CC_12,0,0,0,0,LootDrop3,,,40,37,36,,1,0x1001AAB,0,
479,em_bg_trooper_01,LOOT_FEB_CC_13,0,0,0,0,LootDrop3,,,127,112,97,,1,0x1001AAC,0,
480,em_bg_trooper_02,LOOT_FEB_CC_14,0,0,0,0,LootDrop3,,,125,101,83,,1,0x1001AAD,0,
481,em_bg_trooper_03,LOOT_FEB_CC_27,0,0,0,0,LootDrop3,,,59,59,31,,1,0x1001E91,0,
482,em_bg_trooper_04,LOOT_FEB_CC_28,0,0,0,0,LootDrop3,,,94,80,53,,1,0x1001E92,0,
483,em_bg_trooper_05,LOOT_FEB_CC_29,0,0,0,0,LootDrop3,,,4,2,3,,1,0x1001E93,0,
484,em_bg_trooper_06,LOOT_FEB_CC_34,0,0,0,0,LootDrop3,,,78,79,55,,1,0x100225F,0,
485,em_bg_trooper_07,LOOT_FEB_CC_42,0,0,0,0,LootDrop3,,,57,47,45,,1,0x1002649,0,
486,em_bg_trooper_reward,LOOT_FEB_CC_REWARD_02,0,0,0,0,LootDrop3,,,36,19,13,Trooper,1,0x100C67D,0,
487,em_bg_ultraviolet_01,LOOT_FEB_CC_15,0,0,0,0,LootDrop3,,,41,17,67,,1,0x1001AAE,0,
488,em_bg_venom_01,LOOT_FEB_CC_41,0,0,0,0,LootDrop3,,,167,85,117,,1,0x1002648,0,
489,em_bg_wartorn_01,LOOT_FEB_CC_35,0,0,0,0,LootDrop3,,,41,29,19,,1,0x1002260,0,
490,em_bg_wicked_01,LOOT_FEB_CC_17,0,0,0,0,LootDrop3,,,2,29,3,,1,0x1001AB0,0,
491,em_bg_wicked_02,LOOT_FEB_CC_18,0,0,0,0,LootDrop3,,,67,62,75,,1,0x1001AB1,0,
492,em_bg_wicked_03,LOOT_FEB_CC_30,0,0,0,0,LootDrop3,,,242,130,58,,1,0x1001E94,0,
493,em_bg_wicked_04,LOOT_FEB_CC_31,0,0,0,0,LootDrop3,,,30,14,59,,1,0x1001E95,0,
494,em_bg_wicked_05,LOOT_FEB_CC_32,0,0,0,0,LootDrop3,,,36,46,48,,1,0x1001E96,0,
495,em_bg_wicked_06,LOOT_FEB_CC_36,0,0,0,0,LootDrop3,,,116,87,154,,1,0x1002261,0,
496,em_bg_wicked_07,LOOT_FEB_CC_43,0,0,0,0,LootDrop3,,,90,41,47,,1,0x100264A,0,
497,em_bg_wicked_reward,LOOT_FEB_CC_REWARD_03,0,0,0,0,LootDrop3,,,167,135,123,Wicked,1,0x100C67F,0,
498,em_bg_leprechaun_01,LOOT_FEB_CC_58,0,0,0,0,LootDrop3,,,53,140,18,,1,0x100D127,1,
499,em_bg_potogold_01,LOOT_FEB_CC_59,0,0,0,0,LootDrop3,,,104,125,62,,1,0x100D128,1,
500,em_bg_potogold_02,LOOT_FEB_CC_60,0,0,0,0,LootDrop3,,,61,139,36,,1,0x100D129,1,
501,em_bg_potogold_03,LOOT_FEB_CC_61,0,0,0,0,LootDrop3,,,162,199,44,,1,0x100D12A,1,
502,em_bg_potogold_04,LOOT_FEB_CC_62,0,0,0,0,LootDrop3,,,122,140,38,,1,0x100D12B,1,
503,em_bg_potogold_05,LOOT_FEB_CC_63,0,0,0,0,LootDrop3,,,49,78,49,,1,0x100D12C,1,
504,em_bg_potogold_06,LOOT_FEB_CC_64,0,0,0,0,LootDrop3,,,138,147,20,,1,0x100D12D,1,
505,em_bg_potogold_07,LOOT_FEB_CC_65,0,0,0,0,LootDrop3,,,49,250,144,,1,0x100D12E,1,
506,em_bg_potogold_reward,LOOT_FEB_CC_REWARD_06,0,0,0,0,LootDrop3,,,7,21,11,Leprechaun,1,0x100D12F,1,
507,em_bg_highnoon_01,LOOT_APR_CC_18,0,0,0,0,LootDrop3,,,56,69,66,,1,0x1001E9A,0,
508,em_bg_phalanx_01,LOOT_APR_CC_07,0,0,0,0,LootDrop3,,,22,26,33,,1,0x1001AB8,0,
509,em_bg_urbanwarfare_01,LOOT_APR_CC_14,0,0,0,0,LootDrop3,,,20,23,35,,1,0x1001ABF,0,
510,em_bg_fieldtested_01,LOOT_APR_CC_31,0,0,0,0,LootDrop3,,,42,42,49,,1,0x100D17D,0,
511,em_bg_kingfish_01,LOOT_APR_CC_34,0,0,0,0,LootDrop3,,,10,11,13,,1,0x1001AA5,0,
512,em_bg_tacticalfighter_01,LOOT_APR_CC_12,0,0,0,0,LootDrop3,,,117,135,130,,1,0x1001ABD,0,
513,em_bg_battletested_01,LOOT_APR_CC_19,0,0,0,0,LootDrop3,,,112,132,188,,1,0x100D17E,0,
514,em_bg_diabolical_01,LOOT_APR_CC_03,0,0,0,0,LootDrop3,,,80,101,109,,1,0x1001AB4,0,
515,em_bg_caveman_01,LOOT_APR_CC_02,0,0,0,0,LootDrop3,,,11,49,25,,1,0x1001AB3,0,
516,em_bg_sawtooth_01,LOOT_APR_CC_29,0,0,0,0,LootDrop3,,,29,81,30,,1,0x1002264,0,
517,em_bg_bos14_01,LOOT_APR_CC_04,0,0,0,0,LootDrop3,,,74,64,54,,1,0x100D17F,0,
518,em_bg_fang45_01,LOOT_APR_CC_20,0,0,0,0,LootDrop3,,,86,88,92,,1,0x100D180,0,
519,em_bg_prokolot_01,LOOT_APR_CC_01,0,0,0,0,LootDrop3,,,69,60,48,,1,0x100D181,0,
520,em_bg_grotesque_01,LOOT_APR_CC_05,0,0,0,0,LootDrop3,,,144,167,185,,1,0x1001AB6,0,
521,em_bg_grotesque_02,LOOT_APR_CC_15,0,0,0,0,LootDrop3,,,46,62,74,,1,0x1001AB7,0,
522,em_bg_grotesque_03,LOOT_APR_CC_27,0,0,0,0,LootDrop3,,,2,3,4,,1,0x1001E97,0,
523,em_bg_grotesque_04,LOOT_APR_CC_32,0,0,0,0,LootDrop3,,,3,5,7,,1,0x1001E98,0,
524,em_bg_grotesque_05,LOOT_APR_CC_06,0,0,0,0,LootDrop3,,,12,12,12,,1,0x1001E99,0,
525,em_bg_grotesque_06,LOOT_APR_CC_16,0,0,0,0,LootDrop3,,,13,20,20,,1,0x1002262,0,
526,em_bg_grotesque_07,LOOT_APR_CC_17,0,0,0,0,LootDrop3,,,45,74,98,,1,0x100264C,0,
527,em_bg_grotesque_reward,LOOT_APR_CC_REWARD_01,0,0,0,0,LootDrop3,,,16,18,18,Grotesque,1,0x100C675,0,
528,em_bg_slapstick_01,LOOT_APR_CC_10,0,0,0,0,LootDrop3,,,174,135,135,,1,0x1001ABB,0,
529,em_bg_slapstick_02,LOOT_APR_CC_24,0,0,0,0,LootDrop3,,,157,106,72,,1,0x1001ABC,0,
530,em_bg_slapstick_03,LOOT_APR_CC_30,0,0,0,0,LootDrop3,,,128,149,142,,1,0x1001EA0,0,
531,em_bg_slapstick_04,LOOT_APR_CC_35,0,0,0,0,LootDrop3,,,126,150,53,,1,0x1001EA1,0,
532,em_bg_slapstick_05,LOOT_APR_CC_11,0,0,0,0,LootDrop3,,,26,13,9,,1,0x1001EA2,0,
533,em_bg_slapstick_06,LOOT_APR_CC_25,0,0,0,0,LootDrop3,,,251,222,154,,1,0x1002265,0,
534,em_bg_slapstick_07,LOOT_APR_CC_26,0,0,0,0,LootDrop3,,,102,64,36,,1,0x100264F,0,
535,em_bg_slapstick_reward,LOOT_APR_CC_REWARD_03,0,0,0,0,LootDrop3,,,211,165,99,Slapstick,1,0x100C67A,0,
536,em_bg_rogue_01,LOOT_APR_CC_08,0,0,0,0,LootDrop3,,,22,20,35,,1,0x1001AB9,0,
537,em_bg_rogue_02,LOOT_APR_CC_21,0,0,0,0,LootDrop3,,,28,0,24,,1,0x1001ABA,0,
538,em_bg_rogue_03,LOOT_APR_CC_28,0,0,0,0,LootDrop3,,,107,57,24,,1,0x1001E9D,0,
539,em_bg_rogue_04,LOOT_APR_CC_33,0,0,0,0,LootDrop3,,,21,5,43,,1,0x1001E9E,0,
540,em_bg_rogue_05,LOOT_APR_CC_09,0,0,0,0,LootDrop3,,,6,13,15,,1,0x1001E9F,0,
541,em_bg_rogue_06,LOOT_APR_CC_22,0,0,0,0,LootDrop3,,,65,18,14,,1,0x1002263,0,
542,em_bg_rogue_07,LOOT_APR_CC_23,0,0,0,0,LootDrop3,,,8,21,24,,1,0x100264D,0,
543,em_bg_rogue_reward,LOOT_APR_CC_REWARD_02,0,0,0,0,LootDrop3,,,107,60,33,Rogue,1,0x100C678,0,
544,em_bg_summertime_01,LOOT_JUN_CC_01,0,0,0,0,LootDrop5,,,69,100,224,,1,0x100D297,2,
545,em_bg_nauticus_01,LOOT_JUN_CC_02,0,0,0,0,LootDrop5,,,95,99,121,,1,0x100D298,2,
546,em_bg_celebration_01,LOOT_JUN_CC_03,0,0,0,0,LootDrop5,,,32,54,74,,1,0x100D299,2,
547,em_bg_pyrotechnic_01,LOOT_JUN_CC_04,0,0,0,0,LootDrop5,,,17,24,33,,1,0x100D29A,2,
548,em_bg_stac330_01,LOOT_JUN_CC_07,0,0,0,0,LootDrop5,,,43,0,0,,1,0x100D29B,0,
549,em_bg_beredmk8_01,LOOT_JUN_CC_08,0,0,0,0,LootDrop5,,,108,69,28,,1,0x100D29C,0,
550,em_bg_wolfen_01,LOOT_JUN_CC_09,0,0,0,0,LootDrop5,,,70,94,107,,1,0x100D29D,0,
551,em_bg_warscarred_01,LOOT_JUN_CC_10,0,0,0,0,LootDrop5,,,67,83,107,,1,0x100D29E,0,
552,em_bg_slate_01,LOOT_JUN_CC_11,0,0,0,0,LootDrop5,,,95,120,151,,1,0x100D29F,0,
553,em_bg_grisly_01,LOOT_JUN_CC_12,0,0,0,0,LootDrop5,,,25,24,23,,1,0x100D2A0,0,
554,em_bg_blackout_01,LOOT_JUN_CC_13,0,0,0,0,LootDrop5,,,44,43,46,,1,0x100D2A1,0,
555,em_bg_glacier_01,LOOT_JUN_CC_14,0,0,0,0,LootDrop5,,,73,88,143,,1,0x100D2A2,0,
556,em_bg_masterpiece_01,LOOT_JUN_CC_15,0,0,0,0,LootDrop5,,,19,24,28,,1,0x100D2A3,0,
557,em_bg_don_01,LOOT_JUN_CC_16,0,0,0,0,LootDrop5,,,55,48,38,,1,0x100D2A4,0,
558,em_bg_mudder_01,LOOT_JUN_CC_17,0,0,0,0,LootDrop5,,,65,63,68,,1,0x100D2A5,0,
559,em_bg_liquidator_01,LOOT_JUN_CC_18,0,0,0,0,LootDrop5,,,239,189,132,,1,0x100D2A6,0,
560,em_bg_neanderthal_01,LOOT_JUN_CC_19,0,0,0,0,LootDrop5,,,18,17,17,,1,0x100D2A7,0,
561,em_bg_reaper_01,LOOT_JUN_CC_20,0,0,0,0,LootDrop5,,,25,25,42,,1,0x100D2A8,0,
562,em_bg_relic_01,LOOT_JUN_CC_21,0,0,0,0,LootDrop5,,,109,104,99,,1,0x100D2A9,0,
563,em_bg_tribal_01,LOOT_JUN_CC_22,0,0,0,0,LootDrop5,,,160,179,175,,1,0x100D2AA,0,
564,em_bg_bludgeon_01,LOOT_JUN_CC_23,0,0,0,0,LootDrop5,,,247,206,74,,1,0x100D2AB,0,
565,em_bg_vacation_01,LOOT_JUN_CC_24,0,0,0,0,LootDrop5,,,77,95,116,,1,0x100D2AC,2,
566,em_bg_vacation_02,LOOT_JUN_CC_25,0,0,0,0,LootDrop5,,,191,217,226,,1,0x100D2AD,2,
567,em_bg_vacation_03,LOOT_JUN_CC_26,0,0,0,0,LootDrop5,,,150,231,236,,1,0x100D2AE,2,
568,em_bg_vacation_04,LOOT_JUN_CC_27,0,0,0,0,LootDrop5,,,114,187,225,,1,0x100D2AF,2,
569,em_bg_vacation_05,LOOT_JUN_CC_28,0,0,0,0,LootDrop5,,,40,93,134,,1,0x100D2B0,2,
570,em_bg_vacation_06,LOOT_JUN_CC_29,0,0,0,0,LootDrop5,,,155,220,251,,1,0x100D2B1,2,
571,em_bg_vacation_07,LOOT_JUN_CC_30,0,0,0,0,LootDrop5,,,32,58,95,,1,0x100D2B2,2,
572,em_bg_vacation_reward,LOOT_JUN_CC_REWARD_01,0,0,0,0,LootDrop5,,,66,82,94,Surf,1,0x100D2B3,2,
573,em_bg_primordial_01,LOOT_JUN_CC_31,0,0,0,0,LootDrop5,,,45,3,14,,1,0x100D2B5,0,
574,em_bg_primordial_02,LOOT_JUN_CC_32,0,0,0,0,LootDrop5,,,66,117,83,,1,0x100D2B6,0,
575,em_bg_primordial_03,LOOT_JUN_CC_33,0,0,0,0,LootDrop5,,,107,108,77,,1,0x100D2B7,0,
576,em_bg_primordial_04,LOOT_JUN_CC_34,0,0,0,0,LootDrop5,,,198,234,255,,1,0x100D2B8,0,
577,em_bg_primordial_05,LOOT_JUN_CC_35,0,0,0,0,LootDrop5,,,198,234,255,,1,0x100D2B9,0,
578,em_bg_primordial_06,LOOT_JUN_CC_36,0,0,0,0,LootDrop5,,,175,184,172,,1,0x100D2BA,0,
579,em_bg_primordial_07,LOOT_JUN_CC_37,0,0,0,0,LootDrop5,,,14,41,49,,1,0x100D2BB,0,
580,em_bg_primordial_reward,LOOT_JUN_CC_REWARD_02,0,0,0,0,LootDrop5,,,0,0,0,Deep,1,0x100D2BC,0,
581,em_bg_redbeard_01,LOOT_JUN_CC_38,0,0,0,0,LootDrop5,,,17,19,16,,1,0x100D2BE,0,
582,em_bg_redbeard_02,LOOT_JUN_CC_39,0,0,0,0,LootDrop5,,,43,46,37,,1,0x100D2BF,0,
583,em_bg_redbeard_03,LOOT_JUN_CC_40,0,0,0,0,LootDrop5,,,129,161,212,,1,0x100D2C0,0,
584,em_bg_redbeard_04,LOOT_JUN_CC_41,0,0,0,0,LootDrop5,,,21,32,35,,1,0x100D2C1,0,
585,em_bg_redbeard_05,LOOT_JUN_CC_42,0,0,0,0,LootDrop5,,,24,36,46,,1,0x100D2C2,0,
586,em_bg_redbeard_06,LOOT_JUN_CC_43,0,0,0,0,LootDrop5,,,49,75,99,,1,0x100D2C3,0,
587,em_bg_redbeard_07,LOOT_JUN_CC_44,0,0,0,0,LootDrop5,,,104,117,141,,1,0x100D2C4,0,
588,em_bg_redbeard_reward,LOOT_JUN_CC_REWARD_03,0,0,0,0,LootDrop5,,,132,134,143,Pirate,1,0x100D2C5,0,
589,em_bg_tempest_01,LOOT_JUN_CC_45,0,0,0,0,LootDrop5,,,123,114,99,,1,0x100D2C7,0,
590,em_bg_tempest_02,LOOT_JUN_CC_46,0,0,0,0,LootDrop5,,,105,136,178,,1,0x100D2C8,0,
591,em_bg_tempest_03,LOOT_JUN_CC_47,0,0,0,0,LootDrop5,,,176,143,111,,1,0x100D2C9,0,
592,em_bg_tempest_04,LOOT_JUN_CC_48,0,0,0,0,LootDrop5,,,16,33,16,,1,0x100D2CA,0,
593,em_bg_tempest_05,LOOT_JUN_CC_49,0,0,0,0,LootDrop5,,,16,16,16,,1,0x100D2CB,0,
594,em_bg_tempest_06,LOOT_JUN_CC_50,0,0,0,0,LootDrop5,,,5,17,28,,1,0x100D2CC,0,
595,em_bg_tempest_07,LOOT_JUN_CC_51,0,0,0,0,LootDrop5,,,172,204,233,,1,0x100D2CD,0,
596,em_bg_tempest_reward,LOOT_JUN_CC_REWARD_04,0,0,0,0,LootDrop5,,,54,56,59,Weather,1,0x100D2CE,0,
597,em_bg_cuttingedge_01,LOOT_JUN_CC_52,0,0,0,0,LootDrop5,,,82,92,87,,1,0x100D2D0,0,
598,em_bg_cuttingedge_02,LOOT_JUN_CC_53,0,0,0,0,LootDrop5,,,0,0,0,,1,0x100D2D1,0,
599,em_bg_cuttingedge_03,LOOT_JUN_CC_54,0,0,0,0,LootDrop5,,,35,16,40,,1,0x100D2D2,0,
600,em_bg_cuttingedge_04,LOOT_JUN_CC_55,0,0,0,0,LootDrop5,,,147,64,73,,1,0x100D2D3,0,
601,em_bg_cuttingedge_05,LOOT_JUN_CC_56,0,0,0,0,LootDrop5,,,36,60,63,,1,0x100D2D4,0,
602,em_bg_cuttingedge_06,LOOT_JUN_CC_57,0,0,0,0,LootDrop5,,,24,58,62,,1,0x100D2D5,0,
603,em_bg_cuttingedge_07,LOOT_JUN_CC_58,0,0,0,0,LootDrop5,,,77,28,40,,1,0x100D2D6,0,
604,em_bg_cuttingedge_reward,LOOT_JUN_CC_REWARD_05,0,0,0,0,LootDrop5,,,42,62,69,Merc,1,0x100D2D7,0,
605,em_bg_graffiti_01,LOOT_JUN_CC_59,0,0,0,0,LootDrop5,,,3,4,6,,1,0x100D2D9,0,
606,em_bg_graffiti_02,LOOT_JUN_CC_60,0,0,0,0,LootDrop5,,,97,111,116,,1,0x100D2DA,0,
607,em_bg_graffiti_03,LOOT_JUN_CC_61,0,0,0,0,LootDrop5,,,61,69,73,,1,0x100D2DB,0,
608,em_bg_graffiti_04,LOOT_JUN_CC_62,0,0,0,0,LootDrop5,,,117,35,66,,1,0x100D2DC,0,
609,em_bg_graffiti_05,LOOT_JUN_CC_63,0,0,0,0,LootDrop5,,,74,25,55,,1,0x100D2DD,0,
610,em_bg_graffiti_06,LOOT_JUN_CC_64,0,0,0,0,LootDrop5,,,60,41,31,,1,0x100D2DE,0,
611,em_bg_graffiti_07,LOOT_JUN_CC_65,0,0,0,0,LootDrop5,,,129,90,15,,1,0x100D2DF,0,
612,em_bg_graffiti_reward,LOOT_JUN_CC_REWARD_06,0,0,0,0,LootDrop5,,,124,116,103,Graffiti,1,0x100D2E0,0,
613,em_bg_ranger_01,LOOT_JUN_CC_06,0,0,0,0,LootDrop5,,,0,0,0,,1,0x100D347,0,
614,em_bg_lynxcq300_01,LOOT_AUG_CC_01,0,0,0,0,LootDrop5,,,214,201,141,,1,0x100D3BF,0,
615,em_bg_pkpsd9_01,LOOT_AUG_CC_02,0,0,0,0,LootDrop5,,,25,173,211,,1,0x100D3C0,0,
616,em_bg_br9_01,LOOT_AUG_CC_03,0,0,0,0,LootDrop5,,,113,211,242,,1,0x100D3C1,0,
617,em_bg_centermass_01,LOOT_AUG_CC_04,0,0,0,0,LootDrop5,,,159,128,100,,1,0x100D3C2,0,
618,em_bg_elder_01,LOOT_AUG_CC_05,0,0,0,0,LootDrop5,,,35,47,63,,1,0x100D3C3,0,
619,em_bg_obsidian_01,LOOT_AUG_CC_06,0,0,0,0,LootDrop5,,,112,131,163,,1,0x100D3C4,0,
620,em_bg_ghillie_01,LOOT_AUG_CC_07,0,0,0,0,LootDrop5,,,20,20,12,,1,0x100D3C5,0,
621,em_bg_urbanoperator_01,LOOT_AUG_CC_08,0,0,0,0,LootDrop5,,,22,18,15,,1,0x100D3C6,0,
622,em_bg_firedrake_01,LOOT_AUG_CC_09,0,0,0,0,LootDrop5,,,136,29,29,,1,0x100D3C7,0,
623,em_bg_specops_01,LOOT_AUG_CC_10,0,0,0,0,LootDrop5,,,39,41,64,,1,0x100D3C8,0,
624,em_bg_enforce_01,LOOT_AUG_CC_11,0,0,0,0,LootDrop5,,,110,93,83,,1,0x100D3C9,0,
625,em_bg_barber_01,LOOT_AUG_CC_12,0,0,0,0,LootDrop5,,,24,14,20,,1,0x100D3CA,0,
626,em_bg_dangerclose_01,LOOT_AUG_CC_13,0,0,0,0,LootDrop5,,,213,198,175,,1,0x100D3CB,0,
627,em_bg_pharaoh_01,LOOT_AUG_CC_14,0,0,0,0,LootDrop5,,,16,10,10,,1,0x100D3CC,0,
628,em_bg_pharaoh_02,LOOT_AUG_CC_15,0,0,0,0,LootDrop5,,,75,57,48,,1,0x100D3CD,0,
629,em_bg_pharaoh_03,LOOT_AUG_CC_16,0,0,0,0,LootDrop5,,,32,23,14,,1,0x100D3CE,0,
630,em_bg_pharaoh_04,LOOT_AUG_CC_17,0,0,0,0,LootDrop5,,,206,161,102,,1,0x100D3CF,0,
631,em_bg_pharaoh_05,LOOT_AUG_CC_18,0,0,0,0,LootDrop5,,,106,70,82,,1,0x100D3D0,0,
632,em_bg_pharaoh_06,LOOT_AUG_CC_19,0,0,0,0,LootDrop5,,,209,194,163,,1,0x100D3D1,0,
633,em_bg_pharaoh_07,LOOT_AUG_CC_20,0,0,0,0,LootDrop5,,,64,52,30,,1,0x100D3D2,0,
634,em_bg_pharaoh_reward,LOOT_AUG_CC_REWARD_01,0,0,0,0,LootDrop5,,,73,48,28,Mummy,1,0x100D3D3,0,
635,em_bg_nitro_01,LOOT_AUG_CC_21,0,0,0,0,LootDrop5,,,209,241,252,,1,0x100D3D5,0,
636,em_bg_nitro_02,LOOT_AUG_CC_22,0,0,0,0,LootDrop5,,,81,185,208,,1,0x100D3D6,0,
637,em_bg_nitro_03,LOOT_AUG_CC_23,0,0,0,0,LootDrop5,,,179,69,70,,1,0x100D3D7,0,
638,em_bg_nitro_04,LOOT_AUG_CC_24,0,0,0,0,LootDrop5,,,255,234,78,,1,0x100D3D8,0,
639,em_bg_nitro_05,LOOT_AUG_CC_25,0,0,0,0,LootDrop5,,,76,255,76,,1,0x100D3D9,0,
640,em_bg_nitro_06,LOOT_AUG_CC_26,0,0,0,0,LootDrop5,,,255,226,2,,1,0x100D3DA,0,
641,em_bg_nitro_07,LOOT_AUG_CC_27,0,0,0,0,LootDrop5,,,255,255,255,,1,0x100D3DB,0,
642,em_bg_nitro_reward,LOOT_AUG_CC_REWARD_02,0,0,0,0,LootDrop5,,,166,35,27,Car,1,0x100D3DC,0,
643,em_bg_extraterrestrial_01,LOOT_AUG_CC_28,0,0,0,0,LootDrop5,,,135,148,203,,1,0x100D3DE,0,
644,em_bg_extraterrestrial_02,LOOT_AUG_CC_29,0,0,0,0,LootDrop5,,,20,44,92,,1,0x100D3DF,0,
645,em_bg_extraterrestrial_03,LOOT_AUG_CC_30,0,0,0,0,LootDrop5,,,47,35,75,,1,0x100D3E0,0,
646,em_bg_extraterrestrial_04,LOOT_AUG_CC_31,0,0,0,0,LootDrop5,,,118,108,204,,1,0x100D3E1,0,
647,em_bg_extraterrestrial_05,LOOT_AUG_CC_32,0,0,0,0,LootDrop5,,,166,117,206,,1,0x100D3E2,0,
648,em_bg_extraterrestrial_06,LOOT_AUG_CC_33,0,0,0,0,LootDrop5,,,52,36,72,,1,0x100D3E3,0,
649,em_bg_extraterrestrial_07,LOOT_AUG_CC_34,0,0,0,0,LootDrop5,,,81,64,72,,1,0x100D3E4,0,
650,em_bg_extraterrestrial_reward,LOOT_AUG_CC_REWARD_03,0,0,0,0,LootDrop5,,,178,124,174,ET,1,0x100D3E5,0,
