h1_meleeshovel,reward,0x100C697,0,4150,0x100D041,0,LootDrop1,
fk_cmp,reward,0x100C6C4,0,4025,0x100D06E,0,LootDrop1,
fk_gsr,reward,0x100C6CE,0,4025,0x100D078,0,LootDrop1,
fk_asn,reward,0x100C6C0,0,4025,0x100D06A,0,LootDrop1,
fk_btw,reward,0x100C6C2,0,4025,0x100D06C,0,LootDrop1,
fk_war,reward,0x100C6CB,0,4025,0x100D075,0,LootDrop1,
h1_kam12,reward,0x100C6A3,0,4150,0x100D04D,0,LootDrop2,
h1_meleebottle,loot,0x1007459,3,3600,0x1007459,0,LootDrop1,
h1_meleeblade,reward,0x100C69C,0,4150,0x100D046,0,LootDrop1,
h1_meleeicepick,reward,0x100C695,0,4150,0x100D03F,0,LootDrop1,
fk_clh,loot,0x100B2D9,3,2150,0x100B2D9,0,LootDrop1,
fk_fcn,loot,0x100B2DA,3,2150,0x100B2DA,0,LootDrop1,
fk_gvd,loot,0x100AB09,1,775,0x100AB09,0,LootDrop1,
fk_nse,loot,0x100AEF2,2,1300,0x100AEF2,0,LootDrop1,
fk_scn,loot,0x100B2DB,3,2150,0x100B2DB,0,LootDrop1,
fk_cpr,loot,0x100AEF1,2,1300,0x100AEF1,0,LootDrop1,
cc_dec_bad_karma_01,loot,0x1001A81,0,165,0x1001A81,0,LootDrop1,
cc_dec_bad_karma_02,loot,0x1001A82,0,165,0x1001A82,0,LootDrop1,
cc_dec_bad_karma_03,loot,0x1001E6A,1,275,0x1001E6A,0,LootDrop1,
cc_dec_bad_karma_04,loot,0x1001E6B,1,275,0x1001E6B,0,LootDrop1,
cc_dec_bad_karma_05,loot,0x1001E6C,1,275,0x1001E6C,0,LootDrop1,
cc_dec_bad_karma_06,loot,0x1002251,2,775,0x1002251,0,LootDrop1,
cc_dec_bad_karma_07,loot,0x1002639,3,1300,0x1002639,0,LootDrop1,
cc_dec_bad_karma_reward,reward,0x100C670,0,3950,0x100D01A,0,LootDrop1,
cc_dec_battle_worn_01,loot,0x1001A83,0,165,0x1001A83,0,LootDrop1,
cc_dec_cliffhanger_01,loot,0x1001A84,0,165,0x1001A84,0,LootDrop1,
cc_dec_competitor_01,loot,0x1001A85,0,165,0x1001A85,0,LootDrop1,
cc_dec_cursed_01,loot,0x1001A86,0,165,0x1001A86,0,LootDrop1,
cc_dec_cursed_02,loot,0x1001A87,0,165,0x1001A87,0,LootDrop1,
cc_dec_cursed_03,loot,0x1001E6D,1,275,0x1001E6D,0,LootDrop1,
cc_dec_cursed_04,loot,0x1001E6E,1,275,0x1001E6E,0,LootDrop1,
cc_dec_cursed_05,loot,0x1001E6F,1,275,0x1001E6F,0,LootDrop1,
cc_dec_cursed_06,loot,0x1002252,2,775,0x1002252,0,LootDrop1,
cc_dec_cursed_07,loot,0x100263A,3,1300,0x100263A,0,LootDrop1,
cc_dec_cursed_reward,reward,0x100C672,0,3950,0x100D01C,0,LootDrop1,
cc_dec_deep_end_01,loot,0x1001A88,0,165,0x1001A88,0,LootDrop1,
cc_dec_deep_end_02,loot,0x1001A89,0,165,0x1001A89,0,LootDrop1,
cc_dec_deep_end_03,loot,0x1001E70,1,275,0x1001E70,0,LootDrop1,
cc_dec_deep_end_04,loot,0x1001E71,1,275,0x1001E71,0,LootDrop1,
cc_dec_deep_end_05,loot,0x1001E72,1,275,0x1001E72,0,LootDrop1,
cc_dec_deep_end_06,loot,0x1002253,2,775,0x1002253,0,LootDrop1,
cc_dec_deep_end_07,loot,0x100263B,3,1300,0x100263B,0,LootDrop1,
cc_dec_deep_end_reward,reward,0x100C673,0,3950,0x100D01D,0,LootDrop1,
cc_dec_gravedigger_01,loot,0x1001A8A,0,165,0x1001A8A,0,LootDrop1,
cc_dec_mechanized_01,loot,0x1001A8B,0,165,0x1001A8B,0,LootDrop1,
cc_dec_mechanized_02,loot,0x1001A8C,0,165,0x1001A8C,0,LootDrop1,
cc_dec_mechanized_03,loot,0x1001E73,1,275,0x1001E73,0,LootDrop1,
cc_dec_mechanized_04,loot,0x1001E74,1,275,0x1001E74,0,LootDrop1,
cc_dec_mechanized_05,loot,0x1001E75,1,275,0x1001E75,0,LootDrop1,
cc_dec_mechanized_06,loot,0x1002256,2,775,0x1002256,0,LootDrop1,
cc_dec_mechanized_07,loot,0x100263C,3,1300,0x100263C,0,LootDrop1,
cc_dec_mechanized_reward,reward,0x100C676,0,3950,0x100D020,0,LootDrop1,
cc_dec_royal_01,loot,0x1001A8D,0,165,0x1001A8D,0,LootDrop1,
cc_dec_royal_02,loot,0x1001A8E,0,165,0x1001A8E,0,LootDrop1,
cc_dec_royal_03,loot,0x1001E76,1,275,0x1001E76,0,LootDrop1,
cc_dec_royal_04,loot,0x1001E77,1,275,0x1001E77,0,LootDrop1,
cc_dec_royal_05,loot,0x1001E78,1,275,0x1001E78,0,LootDrop1,
cc_dec_royal_06,loot,0x1002257,2,775,0x1002257,0,LootDrop1,
cc_dec_royal_07,loot,0x100263D,3,1300,0x100263D,0,LootDrop1,
cc_dec_royal_reward,reward,0x100C679,0,3950,0x100D023,0,LootDrop1,
cc_dec_scorpion_01,loot,0x1001A8F,0,165,0x1001A8F,0,LootDrop1,
cc_dec_super_01,loot,0x1001A90,0,165,0x1001A90,0,LootDrop1,
cc_dec_super_02,loot,0x1001A91,0,165,0x1001A91,0,LootDrop1,
cc_dec_super_03,loot,0x1001E79,1,275,0x1001E79,0,LootDrop1,
cc_dec_super_04,loot,0x1001E7A,1,275,0x1001E7A,0,LootDrop1,
cc_dec_super_05,loot,0x1001E7B,1,275,0x1001E7B,0,LootDrop1,
cc_dec_super_06,loot,0x1002258,2,775,0x1002258,0,LootDrop1,
cc_dec_super_07,loot,0x100263E,3,1300,0x100263E,0,LootDrop1,
cc_dec_super_reward,reward,0x100C67C,0,3950,0x100D026,0,LootDrop1,
cc_dec_warfighter_01,loot,0x1001A92,0,165,0x1001A92,0,LootDrop1,
cc_dec_warrior_01,loot,0x1001A93,0,165,0x1001A93,0,LootDrop1,
cc_dec_warrior_02,loot,0x1001A94,0,165,0x1001A94,0,LootDrop1,
cc_dec_warrior_03,loot,0x1001E7C,1,275,0x1001E7C,0,LootDrop1,
cc_dec_warrior_04,loot,0x1001E7D,1,275,0x1001E7D,0,LootDrop1,
cc_dec_warrior_05,loot,0x1001E7E,1,275,0x1001E7E,0,LootDrop1,
cc_dec_warrior_06,loot,0x1002259,2,775,0x1002259,0,LootDrop1,
cc_dec_warrior_07,loot,0x100263F,3,1300,0x100263F,0,LootDrop1,
cc_dec_warrior_reward,reward,0x100C67E,0,3950,0x100D028,0,LootDrop1,
cc_dec_assassin_01,loot,0x1001E69,1,275,0x1001E69,0,LootDrop1,
cc_dec_gunslinger_01,loot,0x1002254,2,775,0x1002254,0,LootDrop1,
ccamo_dec_assassin_01,loot,0x10039C1,0,275,0x10039C1,0,LootDrop1,
ccamo_dec_battle_worn_01,loot,0x1003DA9,1,460,0x1003DA9,0,LootDrop1,
ccamo_dec_cliffhanger_01,loot,0x1004191,2,775,0x1004191,0,LootDrop1,
ccamo_dec_competitor_01,loot,0x1003DAA,1,460,0x1003DAA,0,LootDrop1,
ccamo_dec_forward_01,loot,0x10039C2,0,275,0x10039C2,0,LootDrop1,
ccamo_dec_forward_02,loot,0x10039C3,0,275,0x10039C3,0,LootDrop1,
ccamo_dec_forward_03,loot,0x10039C4,0,275,0x10039C4,0,LootDrop1,
ccamo_dec_forward_04,loot,0x1003DAB,1,460,0x1003DAB,0,LootDrop1,
ccamo_dec_forward_05,loot,0x1004579,3,2150,0x1004579,0,LootDrop1,
ccamo_dec_gravedigger_01,loot,0x10039C5,0,275,0x10039C5,0,LootDrop1,
ccamo_dec_gunslinger_01,loot,0x10039C6,0,275,0x10039C6,0,LootDrop1,
ccamo_dec_omsk_01,loot,0x100457A,3,2150,0x100457A,0,LootDrop1,
ccamo_dec_scorpion_01,loot,0x10039C7,0,275,0x10039C7,0,LootDrop1,
ccamo_dec_special_01,loot,0x10039C8,0,275,0x10039C8,0,LootDrop1,
ccamo_dec_special_02,loot,0x10039C9,0,275,0x10039C9,0,LootDrop1,
ccamo_dec_special_03,loot,0x10039CA,0,275,0x10039CA,0,LootDrop1,
ccamo_dec_special_04,loot,0x1003DAC,1,460,0x1003DAC,0,LootDrop1,
ccamo_dec_special_05,loot,0x100457B,3,2150,0x100457B,0,LootDrop1,
ccamo_dec_warfighter_01,loot,0x1003DAD,1,460,0x1003DAD,0,LootDrop1,
ccamo_dec_bayonet_01,loot,0x100457C,3,2150,0x100457C,0,LootDrop1,
em_dec_accolade_01,loot,0x1005901,0,165,0x1005901,0,LootDrop1,
em_dec_accolade_02,loot,0x1005902,0,165,0x1005902,0,LootDrop1,
em_dec_accolade_03,loot,0x1005903,0,165,0x1005903,0,LootDrop1,
em_dec_accolade_04,loot,0x1005CE9,1,275,0x1005CE9,0,LootDrop1,
em_dec_accolade_05,loot,0x1005CEA,1,275,0x1005CEA,0,LootDrop1,
em_dec_accolade_06,loot,0x10060D1,2,775,0x10060D1,0,LootDrop1,
em_dec_accolade_07,loot,0x10064B9,3,1300,0x10064B9,0,LootDrop1,
em_dec_accolade_reward,reward,0x100C682,0,3950,0x100D02C,0,LootDrop1,
em_dec_arrowhead_01,loot,0x1005904,0,165,0x1005904,0,LootDrop1,
em_dec_arrowhead_02,loot,0x1005905,0,165,0x1005905,0,LootDrop1,
em_dec_arrowhead_03,loot,0x1005906,0,165,0x1005906,0,LootDrop1,
em_dec_arrowhead_04,loot,0x1005CEB,1,275,0x1005CEB,0,LootDrop1,
em_dec_arrowhead_05,loot,0x1005CEC,1,275,0x1005CEC,0,LootDrop1,
em_dec_arrowhead_06,loot,0x10060D2,2,775,0x10060D2,0,LootDrop1,
em_dec_arrowhead_07,loot,0x10064BA,3,1300,0x10064BA,0,LootDrop1,
em_dec_arrowhead_reward,reward,0x100C684,0,3950,0x100D02E,0,LootDrop1,
em_dec_assassin_01,loot,0x10064BB,3,1300,0x10064BB,0,LootDrop1,
em_dec_battle_worn_01,loot,0x1005907,0,165,0x1005907,0,LootDrop1,
em_dec_champion_01,loot,0x1005908,0,165,0x1005908,0,LootDrop1,
em_dec_champion_02,loot,0x1005909,0,165,0x1005909,0,LootDrop1,
em_dec_champion_03,loot,0x100590A,0,165,0x100590A,0,LootDrop1,
em_dec_champion_04,loot,0x1005CED,1,275,0x1005CED,0,LootDrop1,
em_dec_champion_05,loot,0x1005CEE,1,275,0x1005CEE,0,LootDrop1,
em_dec_champion_06,loot,0x10060D3,2,775,0x10060D3,0,LootDrop1,
em_dec_champion_07,loot,0x10064BC,3,1300,0x10064BC,0,LootDrop1,
em_dec_champion_reward,reward,0x100C685,0,3950,0x100D02F,0,LootDrop1,
em_dec_cliffhanger_01,loot,0x1005CEF,0,165,0x1005CEF,0,LootDrop1,
em_dec_commander_01,loot,0x100590B,0,165,0x100590B,0,LootDrop1,
em_dec_commander_02,loot,0x100590C,0,165,0x100590C,0,LootDrop1,
em_dec_commander_03,loot,0x100590D,0,165,0x100590D,0,LootDrop1,
em_dec_commander_04,loot,0x1005CF0,1,275,0x1005CF0,0,LootDrop1,
em_dec_commander_05,loot,0x1005CF1,1,275,0x1005CF1,0,LootDrop1,
em_dec_commander_06,loot,0x10060D4,2,775,0x10060D4,0,LootDrop1,
em_dec_commander_07,loot,0x10064BD,3,1300,0x10064BD,0,LootDrop1,
em_dec_commander_reward,reward,0x100C686,0,3950,0x100D030,0,LootDrop1,
em_dec_competitor_01,loot,0x1005CF2,1,275,0x1005CF2,0,LootDrop1,
em_dec_firefly_01,loot,0x100590E,0,165,0x100590E,0,LootDrop1,
em_dec_firefly_02,loot,0x100590F,0,165,0x100590F,0,LootDrop1,
em_dec_firefly_03,loot,0x1005910,0,165,0x1005910,0,LootDrop1,
em_dec_firefly_04,loot,0x1005CF3,1,275,0x1005CF3,0,LootDrop1,
em_dec_firefly_05,loot,0x1005CF4,1,275,0x1005CF4,0,LootDrop1,
em_dec_firefly_06,loot,0x10060D5,2,775,0x10060D5,0,LootDrop1,
em_dec_firefly_07,loot,0x10064BE,3,1300,0x10064BE,0,LootDrop1,
em_dec_firefly_reward,reward,0x100C689,0,3950,0x100D033,0,LootDrop1,
em_dec_gravedigger_01,loot,0x10060D6,2,775,0x10060D6,0,LootDrop1,
em_dec_gunslinger_01,loot,0x1005CF5,1,275,0x1005CF5,0,LootDrop1,
em_dec_homeland_01,loot,0x1005911,0,165,0x1005911,0,LootDrop1,
em_dec_homeland_02,loot,0x1005912,0,165,0x1005912,0,LootDrop1,
em_dec_homeland_03,loot,0x1005913,0,165,0x1005913,0,LootDrop1,
em_dec_homeland_04,loot,0x1005CF6,1,275,0x1005CF6,0,LootDrop1,
em_dec_homeland_05,loot,0x1005CF7,1,275,0x1005CF7,0,LootDrop1,
em_dec_homeland_06,loot,0x10060D7,2,775,0x10060D7,0,LootDrop1,
em_dec_homeland_07,loot,0x10064BF,3,1300,0x10064BF,0,LootDrop1,
em_dec_homeland_reward,reward,0x100C68C,0,3950,0x100D036,0,LootDrop1,
em_dec_scorpion_01,loot,0x1005CF8,1,275,0x1005CF8,0,LootDrop1,
em_dec_shield_01,loot,0x1005915,0,165,0x1005915,0,LootDrop1,
em_dec_shield_02,loot,0x1005916,0,165,0x1005916,0,LootDrop1,
em_dec_shield_03,loot,0x1005917,0,165,0x1005917,0,LootDrop1,
em_dec_shield_04,loot,0x1005CF9,1,275,0x1005CF9,0,LootDrop1,
em_dec_shield_05,loot,0x1005CFA,1,275,0x1005CFA,0,LootDrop1,
em_dec_shield_06,loot,0x10060D8,2,775,0x10060D8,0,LootDrop1,
em_dec_shield_07,loot,0x10064C0,3,1300,0x10064C0,0,LootDrop1,
em_dec_shield_reward,reward,0x100C690,0,3950,0x100D03A,0,LootDrop1,
em_dec_task_force_01,loot,0x1005918,0,165,0x1005918,0,LootDrop1,
em_dec_task_force_02,loot,0x1005919,0,165,0x1005919,0,LootDrop1,
em_dec_task_force_03,loot,0x100591A,0,165,0x100591A,0,LootDrop1,
em_dec_task_force_04,loot,0x1005CFB,1,275,0x1005CFB,0,LootDrop1,
em_dec_task_force_05,loot,0x1005CFC,1,275,0x1005CFC,0,LootDrop1,
em_dec_task_force_06,loot,0x10060D9,2,775,0x10060D9,0,LootDrop1,
em_dec_task_force_07,loot,0x10064C1,3,1300,0x10064C1,0,LootDrop1,
em_dec_task_force_reward,reward,0x100C693,0,3950,0x100D03D,0,LootDrop1,
em_dec_warfighter_01,loot,0x100591B,0,165,0x100591B,0,LootDrop1,
ret_dec_assassin_01,loot,0x100B6C1,0,100,0x100B6C1,0,LootDrop1,
ret_dec_battle_worn_01,loot,0x100B6C2,0,100,0x100B6C2,0,LootDrop1,
ret_dec_captain_01,loot,0x100B6C3,0,100,0x100B6C3,0,LootDrop1,
ret_dec_captain_02,loot,0x100B6C4,0,100,0x100B6C4,0,LootDrop1,
ret_dec_captain_03,loot,0x100BAA9,1,165,0x100BAA9,0,LootDrop1,
ret_dec_captain_04,loot,0x100BAAA,1,165,0x100BAAA,0,LootDrop1,
ret_dec_captain_05,loot,0x100BAAB,1,165,0x100BAAB,0,LootDrop1,
ret_dec_captain_06,loot,0x100BE91,2,460,0x100BE91,0,LootDrop1,
ret_dec_captain_07,loot,0x100C279,3,1300,0x100C279,0,LootDrop1,
ret_dec_captain_reward,reward,0x100C6D3,0,3950,0x100D07D,0,LootDrop1,
ret_dec_cliffhanger_01,loot,0x100B6C5,0,100,0x100B6C5,0,LootDrop1,
ret_dec_colonel_01,loot,0x100B6C6,0,100,0x100B6C6,0,LootDrop1,
ret_dec_colonel_02,loot,0x100B6C7,0,100,0x100B6C7,0,LootDrop1,
ret_dec_colonel_03,loot,0x100BAAC,1,165,0x100BAAC,0,LootDrop1,
ret_dec_colonel_04,loot,0x100BAAD,1,165,0x100BAAD,0,LootDrop1,
ret_dec_colonel_05,loot,0x100BAAE,1,165,0x100BAAE,0,LootDrop1,
ret_dec_colonel_06,loot,0x100BE92,2,460,0x100BE92,0,LootDrop1,
ret_dec_colonel_07,loot,0x100C27A,3,1300,0x100C27A,0,LootDrop1,
ret_dec_colonel_reward,reward,0x100C6D4,0,3950,0x100D07E,0,LootDrop1,
ret_dec_competitor_01,loot,0x100B6C8,0,100,0x100B6C8,0,LootDrop1,
ret_dec_general_01,loot,0x100B6C9,0,100,0x100B6C9,0,LootDrop1,
ret_dec_general_02,loot,0x100B6CA,0,100,0x100B6CA,0,LootDrop1,
ret_dec_general_03,loot,0x100B6CB,0,100,0x100B6CB,0,LootDrop1,
ret_dec_general_04,loot,0x100BAAF,1,165,0x100BAAF,0,LootDrop1,
ret_dec_general_05,loot,0x100BAB0,1,165,0x100BAB0,0,LootDrop1,
ret_dec_general_06,loot,0x100BE93,2,460,0x100BE93,0,LootDrop1,
ret_dec_general_07,loot,0x100C27B,3,1300,0x100C27B,0,LootDrop1,
ret_dec_general_reward,reward,0x100C6D5,0,3950,0x100D07F,0,LootDrop1,
ret_dec_gravedigger_01,loot,0x100BAB1,1,165,0x100BAB1,0,LootDrop1,
ret_dec_omsk_01,loot,0x100B6CC,0,100,0x100B6CC,0,LootDrop1,
ret_dec_lieutenant_01,loot,0x100B6CD,0,100,0x100B6CD,0,LootDrop1,
ret_dec_lieutenant_02,loot,0x100B6CE,0,100,0x100B6CE,0,LootDrop1,
ret_dec_lieutenant_03,loot,0x100BAB2,1,165,0x100BAB2,0,LootDrop1,
ret_dec_lieutenant_04,loot,0x100BAB3,1,165,0x100BAB3,0,LootDrop1,
ret_dec_lieutenant_05,loot,0x100BAB4,1,165,0x100BAB4,0,LootDrop1,
ret_dec_lieutenant_06,loot,0x100BE94,2,460,0x100BE94,0,LootDrop1,
ret_dec_lieutenant_07,loot,0x100C27C,3,1300,0x100C27C,0,LootDrop1,
ret_dec_lieutenant_reward,reward,0x100C6D9,0,3950,0x100D083,0,LootDrop1,
ret_dec_scorpion_01,loot,0x100B6CF,0,100,0x100B6CF,0,LootDrop1,
ret_dec_sergeant_01,loot,0x100B6D0,0,100,0x100B6D0,0,LootDrop1,
ret_dec_sergeant_02,loot,0x100B6D1,0,100,0x100B6D1,0,LootDrop1,
ret_dec_sergeant_03,loot,0x100B6D2,0,100,0x100B6D2,0,LootDrop1,
ret_dec_sergeant_04,loot,0x100BAB5,1,165,0x100BAB5,0,LootDrop1,
ret_dec_sergeant_05,loot,0x100BAB6,1,165,0x100BAB6,0,LootDrop1,
ret_dec_sergeant_06,loot,0x100BE95,2,460,0x100BE95,0,LootDrop1,
ret_dec_sergeant_07,loot,0x100C27D,3,1300,0x100C27D,0,LootDrop1,
ret_dec_sergeant_reward,reward,0x100C6DA,0,3950,0x100D084,0,LootDrop1,
ret_dec_warfighter_01,loot,0x100BE96,2,460,0x100BE96,0,LootDrop1,
ret_dec_bayonet_01,loot,0x100BAB7,1,165,0x100BAB7,0,LootDrop1,
wcamo_dec_bestiary_01,loot,0x10087E1,0,275,0x10087E1,0,LootDrop1,
wcamo_dec_bestiary_02,loot,0x10087E2,0,275,0x10087E2,0,LootDrop1,
wcamo_dec_bestiary_03,loot,0x10087E3,0,275,0x10087E3,0,LootDrop1,
wcamo_dec_bestiary_04,loot,0x1008BC9,1,460,0x1008BC9,0,LootDrop1,
wcamo_dec_bestiary_05,loot,0x1008BCA,2,775,0x1008BCA,0,LootDrop1,
wcamo_dec_bestiary_06,loot,0x1008FB1,1,460,0x1008FB1,0,LootDrop1,
wcamo_dec_bestiary_07,loot,0x1009399,3,2150,0x1009399,0,LootDrop1,
wcamo_dec_bestiary_reward,reward,0x100C6AA,0,4025,0x100D054,0,LootDrop1,
wcamo_dec_assassin_01,loot,0x10087E4,0,275,0x10087E4,0,LootDrop1,
wcamo_dec_battle_worn_01,loot,0x1008BCB,1,460,0x1008BCB,0,LootDrop1,
wcamo_dec_mineral_01,loot,0x10087E5,0,275,0x10087E5,0,LootDrop1,
wcamo_dec_mineral_02,loot,0x10087E6,0,275,0x10087E6,0,LootDrop1,
wcamo_dec_mineral_03,loot,0x10087E7,0,275,0x10087E7,0,LootDrop1,
wcamo_dec_mineral_04,loot,0x1008BCC,1,460,0x1008BCC,0,LootDrop1,
wcamo_dec_mineral_05,loot,0x1008BCD,1,460,0x1008BCD,0,LootDrop1,
wcamo_dec_mineral_06,loot,0x1008FB2,2,775,0x1008FB2,0,LootDrop1,
wcamo_dec_mineral_07,loot,0x100939A,3,2150,0x100939A,0,LootDrop1,
wcamo_dec_mineral_reward,reward,0x100C6AC,0,4025,0x100D056,0,LootDrop1,
wcamo_dec_cliffhanger_01,loot,0x10087E8,1,460,0x10087E8,0,LootDrop1,
wcamo_dec_competitor_01,loot,0x100939B,3,2150,0x100939B,0,LootDrop1,
wcamo_dec_geometric_01,loot,0x10087E9,0,275,0x10087E9,0,LootDrop1,
wcamo_dec_geometric_02,loot,0x10087EA,0,275,0x10087EA,0,LootDrop1,
wcamo_dec_geometric_03,loot,0x10087EB,0,275,0x10087EB,0,LootDrop1,
wcamo_dec_geometric_04,loot,0x1008BCE,1,460,0x1008BCE,0,LootDrop1,
wcamo_dec_geometric_05,loot,0x1008FB3,2,775,0x1008FB3,0,LootDrop1,
wcamo_dec_geometric_06,loot,0x100939C,1,460,0x100939C,0,LootDrop1,
wcamo_dec_geometric_07,loot,0x100939D,3,2150,0x100939D,0,LootDrop1,
wcamo_dec_geometric_reward,reward,0x100C6AE,0,4025,0x100D058,0,LootDrop1,
wcamo_dec_gravedigger_01,loot,0x100939E,3,2150,0x100939E,0,LootDrop1,
wcamo_dec_gunslinger_01,loot,0x1008BCF,1,460,0x1008BCF,0,LootDrop1,
wcamo_dec_omsk_01,loot,0x10087EC,1,460,0x10087EC,0,LootDrop1,
wcamo_dec_faction_01,loot,0x10087ED,0,275,0x10087ED,0,LootDrop1,
wcamo_dec_faction_02,loot,0x10087EE,0,275,0x10087EE,0,LootDrop1,
wcamo_dec_faction_03,loot,0x1008BD0,2,775,0x1008BD0,0,LootDrop1,
wcamo_dec_faction_04,loot,0x1008BD1,1,460,0x1008BD1,0,LootDrop1,
wcamo_dec_faction_05,loot,0x1008BD2,1,460,0x1008BD2,0,LootDrop1,
wcamo_dec_faction_06,loot,0x1008FB4,1,460,0x1008FB4,0,LootDrop1,
wcamo_dec_faction_reward,reward,0x100C6B7,0,4025,0x100D061,0,LootDrop1,
wcamo_dec_norse_01,loot,0x10087EF,0,275,0x10087EF,0,LootDrop1,
wcamo_dec_norse_02,loot,0x10087F0,0,275,0x10087F0,0,LootDrop1,
wcamo_dec_norse_03,loot,0x1008BD3,1,460,0x1008BD3,0,LootDrop1,
wcamo_dec_norse_04,loot,0x1008BD4,1,460,0x1008BD4,0,LootDrop1,
wcamo_dec_norse_05,loot,0x1008BD5,1,460,0x1008BD5,0,LootDrop1,
wcamo_dec_norse_06,loot,0x100939F,3,2150,0x100939F,0,LootDrop1,
wcamo_dec_norse_reward,reward,0x100C6BB,0,4025,0x100D065,0,LootDrop1,
wcamo_dec_scorpion_01,loot,0x1008FB5,2,775,0x1008FB5,0,LootDrop1,
wcamo_dec_toxic_01,loot,0x10087F1,0,275,0x10087F1,0,LootDrop1,
wcamo_dec_toxic_02,loot,0x10087F2,0,275,0x10087F2,0,LootDrop1,
wcamo_dec_toxic_03,loot,0x10087F3,0,275,0x10087F3,0,LootDrop1,
wcamo_dec_toxic_04,loot,0x1008BD6,1,460,0x1008BD6,0,LootDrop1,
wcamo_dec_toxic_05,loot,0x1008BD7,1,460,0x1008BD7,0,LootDrop1,
wcamo_dec_toxic_06,loot,0x1008FB6,2,775,0x1008FB6,0,LootDrop1,
wcamo_dec_toxic_07,loot,0x10093A0,3,2150,0x10093A0,0,LootDrop1,
wcamo_dec_toxic_reward,reward,0x100C6BC,0,4025,0x100D066,0,LootDrop1,
wcamo_dec_warfighter_01,loot,0x1008BD8,1,460,0x1008BD8,0,LootDrop1,
wcamo_dec_widowmaker_01,loot,0x10087F4,0,275,0x10087F4,0,LootDrop1,
wcamo_dec_widowmaker_02,loot,0x10087F5,0,275,0x10087F5,0,LootDrop1,
wcamo_dec_widowmaker_03,loot,0x10087F6,0,275,0x10087F6,0,LootDrop1,
wcamo_dec_widowmaker_04,loot,0x1008BD9,1,460,0x1008BD9,0,LootDrop1,
wcamo_dec_widowmaker_05,loot,0x1008BDA,2,775,0x1008BDA,0,LootDrop1,
wcamo_dec_widowmaker_06,loot,0x1008FB7,1,460,0x1008FB7,0,LootDrop1,
wcamo_dec_widowmaker_07,loot,0x10093A1,3,2150,0x10093A1,0,LootDrop1,
wcamo_dec_widowmaker_reward,reward,0x100C6BE,0,4025,0x100D068,0,LootDrop1,
wcamo_dec_fareast_01,loot,0x10087F7,0,275,0x10087F7,0,LootDrop1,
wcamo_dec_fareast_02,loot,0x10087F8,0,275,0x10087F8,0,LootDrop1,
wcamo_dec_fareast_03,loot,0x10087F9,0,275,0x10087F9,0,LootDrop1,
wcamo_dec_fareast_04,loot,0x1008BDB,1,460,0x1008BDB,0,LootDrop1,
wcamo_dec_fareast_05,loot,0x1008BDC,1,460,0x1008BDC,0,LootDrop1,
wcamo_dec_fareast_06,loot,0x1008FB8,2,775,0x1008FB8,0,LootDrop1,
wcamo_dec_fareast_07,loot,0x10093A2,3,2150,0x10093A2,0,LootDrop1,
wcamo_dec_fareast_reward,reward,0x100C6BF,0,4025,0x100D069,0,LootDrop1,
wcamo_dec_bayonet_01,loot,0x10087FA,1,460,0x10087FA,0,LootDrop1,
cc_jan_44_magnum_01,loot,0x1001A96,0,165,0x1001A96,0,LootDrop2,
cc_jan_battle_scarred_01,loot,0x100225A,2,775,0x100225A,0,LootDrop2,
cc_jan_comic_01,loot,0x1001A97,0,165,0x1001A97,0,LootDrop2,
cc_jan_comic_02,loot,0x1001A98,0,165,0x1001A98,0,LootDrop2,
cc_jan_comic_03,loot,0x1001E7F,1,275,0x1001E7F,0,LootDrop2,
cc_jan_comic_04,loot,0x1001E80,1,275,0x1001E80,0,LootDrop2,
cc_jan_comic_05,loot,0x1001E81,1,275,0x1001E81,0,LootDrop2,
cc_jan_comic_06,loot,0x100225B,2,775,0x100225B,0,LootDrop2,
cc_jan_comic_07,loot,0x1002640,3,1300,0x1002640,0,LootDrop2,
cc_jan_comic_reward,reward,0x100C671,0,3950,0x100D01B,0,LootDrop2,
cc_jan_hatchetman_01,loot,0x1001A99,0,165,0x1001A99,0,LootDrop2,
cc_jan_huntsman_01,loot,0x1001A9A,0,165,0x1001A9A,0,LootDrop2,
cc_jan_lawman_01,loot,0x1001E82,1,275,0x1001E82,0,LootDrop2,
cc_jan_mythic_01,loot,0x1001A9B,0,165,0x1001A9B,0,LootDrop2,
cc_jan_mythic_02,loot,0x1001A9C,0,165,0x1001A9C,0,LootDrop2,
cc_jan_mythic_03,loot,0x1001E83,1,275,0x1001E83,0,LootDrop2,
cc_jan_mythic_04,loot,0x1001E84,1,275,0x1001E84,0,LootDrop2,
cc_jan_mythic_05,loot,0x1001E85,1,275,0x1001E85,0,LootDrop2,
cc_jan_mythic_06,loot,0x100225C,2,775,0x100225C,0,LootDrop2,
cc_jan_mythic_07,loot,0x1002641,3,1300,0x1002641,0,LootDrop2,
cc_jan_mythic_reward,reward,0x100C677,0,3950,0x100D021,0,LootDrop2,
cc_jan_sportsman_01,loot,0x1001A9D,0,165,0x1001A9D,0,LootDrop2,
cc_jan_sportsman_02,loot,0x1001A9E,0,165,0x1001A9E,0,LootDrop2,
cc_jan_sportsman_03,loot,0x1001E86,1,275,0x1001E86,0,LootDrop2,
cc_jan_sportsman_04,loot,0x1001E87,1,275,0x1001E87,0,LootDrop2,
cc_jan_sportsman_05,loot,0x1001E88,1,275,0x1001E88,0,LootDrop2,
cc_jan_sportsman_06,loot,0x100225D,2,775,0x100225D,0,LootDrop2,
cc_jan_sportsman_07,loot,0x1002643,3,1300,0x1002643,0,LootDrop2,
cc_jan_sportsman_reward,reward,0x100C67B,0,3950,0x100D025,0,LootDrop2,
cc_jan_czar_01,loot,0x1001A9F,0,165,0x1001A9F,0,LootDrop2,
ccamo_jan_44_magnum_01,loot,0x100457D,3,2150,0x100457D,0,LootDrop2,
ccamo_jan_battle_scarred_01,loot,0x1003DAE,1,460,0x1003DAE,0,LootDrop2,
ccamo_jan_hatchetman_01,loot,0x100457E,3,2150,0x100457E,0,LootDrop2,
ccamo_jan_huntsman_01,loot,0x1003DAF,1,460,0x1003DAF,0,LootDrop2,
ccamo_jan_lawman_01,loot,0x10039CB,0,275,0x10039CB,0,LootDrop2,
ccamo_jan_czar_01,loot,0x10039CD,0,275,0x10039CD,0,LootDrop2,
em_jan_44_magnum_01,loot,0x1005CFD,1,275,0x1005CFD,0,LootDrop2,
em_jan_bonehead_01,loot,0x100591D,0,165,0x100591D,0,LootDrop2,
em_jan_bonehead_02,loot,0x100591E,0,165,0x100591E,0,LootDrop2,
em_jan_bonehead_03,loot,0x1005CFE,1,275,0x1005CFE,0,LootDrop2,
em_jan_bonehead_04,loot,0x1005CFF,1,275,0x1005CFF,0,LootDrop2,
em_jan_bonehead_05,loot,0x1005D00,1,275,0x1005D00,0,LootDrop2,
em_jan_bonehead_06,loot,0x10060DA,2,775,0x10060DA,0,LootDrop2,
em_jan_bonehead_07,loot,0x10064C2,3,1300,0x10064C2,0,LootDrop2,
em_jan_bonehead_reward,reward,0x100C683,0,3950,0x100D02D,0,LootDrop2,
em_jan_battle_scarred_01,loot,0x1005D01,1,275,0x1005D01,0,LootDrop2,
em_jan_hardpoint_01,loot,0x100591F,0,165,0x100591F,0,LootDrop2,
em_jan_hardpoint_02,loot,0x1005920,0,165,0x1005920,0,LootDrop2,
em_jan_hardpoint_03,loot,0x1005D02,1,275,0x1005D02,0,LootDrop2,
em_jan_hardpoint_04,loot,0x1005D03,1,275,0x1005D03,0,LootDrop2,
em_jan_hardpoint_05,loot,0x1005D04,1,275,0x1005D04,0,LootDrop2,
em_jan_hardpoint_06,loot,0x10060DB,2,775,0x10060DB,0,LootDrop2,
em_jan_hardpoint_07,loot,0x10064C3,3,1300,0x10064C3,0,LootDrop2,
em_jan_hardpoint_reward,reward,0x100C687,0,3950,0x100D031,0,LootDrop2,
em_jan_gladiator_01,loot,0x1005921,1,275,0x1005921,0,LootDrop2,
em_jan_hatchetman_01,loot,0x1005D08,1,275,0x1005D08,0,LootDrop2,
em_jan_piercing_01,loot,0x1005923,0,165,0x1005923,0,LootDrop2,
em_jan_piercing_02,loot,0x1005924,0,165,0x1005924,0,LootDrop2,
em_jan_piercing_03,loot,0x1005D09,1,275,0x1005D09,0,LootDrop2,
em_jan_piercing_04,loot,0x1005D0A,1,275,0x1005D0A,0,LootDrop2,
em_jan_piercing_05,loot,0x1005D0B,1,275,0x1005D0B,0,LootDrop2,
em_jan_piercing_06,loot,0x10060DD,2,775,0x10060DD,0,LootDrop2,
em_jan_piercing_07,loot,0x10064C5,3,1300,0x10064C5,0,LootDrop2,
em_jan_piercing_reward,reward,0x100C68D,0,3950,0x100D037,0,LootDrop2,
em_jan_huntsman_01,loot,0x1005925,0,165,0x1005925,0,LootDrop2,
em_jan_lawman_01,loot,0x10064C6,3,1300,0x10064C6,0,LootDrop2,
em_jan_czar_01,loot,0x10060DE,1,275,0x10060DE,0,LootDrop2,
fk_bts,reward,0x100C6C1,0,4025,0x100D06B,0,LootDrop2,
fk_htm,reward,0x100C6CF,0,4025,0x100D079,0,LootDrop2,
fk_gsl,reward,0x100C6D1,0,4025,0x100D07B,0,LootDrop2,
fk_kgp,reward,0x100C6D2,0,4025,0x100D07C,0,LootDrop2,
ret_jan_battle_scarred_01,loot,0x100B6D3,0,100,0x100B6D3,0,LootDrop2,
ret_jan_hatchetman_01,loot,0x100B6D4,0,100,0x100B6D4,0,LootDrop2,
ret_jan_huntsman_01,loot,0x100BE97,2,460,0x100BE97,0,LootDrop2,
ret_jan_judge_01,loot,0x100B6D5,0,100,0x100B6D5,0,LootDrop2,
ret_jan_judge_02,loot,0x100B6D6,0,100,0x100B6D6,0,LootDrop2,
ret_jan_judge_03,loot,0x100BAB8,1,165,0x100BAB8,0,LootDrop2,
ret_jan_judge_04,loot,0x100BAB9,1,165,0x100BAB9,0,LootDrop2,
ret_jan_judge_05,loot,0x100BABA,1,165,0x100BABA,0,LootDrop2,
ret_jan_judge_06,loot,0x100BE98,2,460,0x100BE98,0,LootDrop2,
ret_jan_judge_07,loot,0x100C27E,3,1300,0x100C27E,0,LootDrop2,
ret_jan_judge_reward,reward,0x100C6D7,0,3950,0x100D081,0,LootDrop2,
ret_jan_shuriken_01,loot,0x100B6D7,0,100,0x100B6D7,0,LootDrop2,
ret_jan_shuriken_02,loot,0x100B6D8,0,100,0x100B6D8,0,LootDrop2,
ret_jan_shuriken_03,loot,0x100BABB,1,165,0x100BABB,0,LootDrop2,
ret_jan_shuriken_04,loot,0x100BABC,1,165,0x100BABC,0,LootDrop2,
ret_jan_shuriken_05,loot,0x100BABD,1,165,0x100BABD,0,LootDrop2,
ret_jan_shuriken_06,loot,0x100BE99,2,460,0x100BE99,0,LootDrop2,
ret_jan_shuriken_07,loot,0x100C27F,3,1300,0x100C27F,0,LootDrop2,
ret_jan_shuriken_reward,reward,0x100C6D8,0,3950,0x100D082,0,LootDrop2,
ret_jan_lawman_01,loot,0x100BABE,1,165,0x100BABE,0,LootDrop2,
ret_jan_spartan_01,loot,0x100B6DA,0,100,0x100B6DA,0,LootDrop2,
ret_jan_spartan_02,loot,0x100B6DB,0,100,0x100B6DB,0,LootDrop2,
ret_jan_spartan_03,loot,0x100BABF,1,165,0x100BABF,0,LootDrop2,
ret_jan_spartan_04,loot,0x100BAC0,1,165,0x100BAC0,0,LootDrop2,
ret_jan_spartan_05,loot,0x100BAC1,1,165,0x100BAC1,0,LootDrop2,
ret_jan_spartan_06,loot,0x100BE9A,2,460,0x100BE9A,0,LootDrop2,
ret_jan_spartan_07,loot,0x100C280,3,1300,0x100C280,0,LootDrop2,
ret_jan_spartan_reward,reward,0x100C6DB,0,3950,0x100D085,0,LootDrop2,
ret_jan_supreme_01,loot,0x100B6DC,0,100,0x100B6DC,0,LootDrop2,
ret_jan_supreme_02,loot,0x100B6DD,0,100,0x100B6DD,0,LootDrop2,
ret_jan_supreme_03,loot,0x100BAC2,1,165,0x100BAC2,0,LootDrop2,
ret_jan_supreme_04,loot,0x100BAC3,1,165,0x100BAC3,0,LootDrop2,
ret_jan_supreme_05,loot,0x100BAC4,1,165,0x100BAC4,0,LootDrop2,
ret_jan_supreme_06,loot,0x100BE9B,2,460,0x100BE9B,0,LootDrop2,
ret_jan_supreme_07,loot,0x100C281,3,1300,0x100C281,0,LootDrop2,
ret_jan_supreme_reward,reward,0x100C6DC,0,3950,0x100D086,0,LootDrop2,
ret_jan_czar_01,loot,0x100C282,1,165,0x100C282,0,LootDrop2,
wcamo_jan_44_magnum_01,loot,0x1008BDD,2,775,0x1008BDD,0,LootDrop2,
wcamo_jan_funhouse_01,loot,0x10087FB,0,275,0x10087FB,0,LootDrop2,
wcamo_jan_funhouse_02,loot,0x10087FC,0,275,0x10087FC,0,LootDrop2,
wcamo_jan_funhouse_03,loot,0x10087FD,0,275,0x10087FD,0,LootDrop2,
wcamo_jan_funhouse_04,loot,0x1008BDE,1,460,0x1008BDE,0,LootDrop2,
wcamo_jan_funhouse_05,loot,0x1008BDF,1,460,0x1008BDF,0,LootDrop2,
wcamo_jan_funhouse_06,loot,0x1008FB9,2,775,0x1008FB9,0,LootDrop2,
wcamo_jan_funhouse_07,loot,0x10093A3,3,2150,0x10093A3,0,LootDrop2,
wcamo_jan_funhouse_reward,reward,0x100C6AB,0,4025,0x100D055,0,LootDrop2,
wcamo_jan_battle_scarred_01,loot,0x10093A4,3,2150,0x10093A4,0,LootDrop2,
wcamo_jan_diablo_01,loot,0x10087FE,0,275,0x10087FE,0,LootDrop2,
wcamo_jan_diablo_02,loot,0x10087FF,0,275,0x10087FF,0,LootDrop2,
wcamo_jan_diablo_03,loot,0x1008800,0,275,0x1008800,0,LootDrop2,
wcamo_jan_diablo_04,loot,0x1008BE0,1,460,0x1008BE0,0,LootDrop2,
wcamo_jan_diablo_05,loot,0x1008BE1,1,460,0x1008BE1,0,LootDrop2,
wcamo_jan_diablo_06,loot,0x1008FBA,2,775,0x1008FBA,0,LootDrop2,
wcamo_jan_diablo_07,loot,0x10093A5,3,2150,0x10093A5,0,LootDrop2,
wcamo_jan_diablo_reward,reward,0x100C6AD,0,4025,0x100D057,0,LootDrop2,
wcamo_jan_hatchetman_01,loot,0x1008BE5,0,275,0x1008BE5,0,LootDrop2,
wcamo_jan_hunter_01,loot,0x1008803,0,275,0x1008803,0,LootDrop2,
wcamo_jan_hunter_02,loot,0x1008804,0,275,0x1008804,0,LootDrop2,
wcamo_jan_hunter_03,loot,0x1008805,0,275,0x1008805,0,LootDrop2,
wcamo_jan_hunter_04,loot,0x1008BE6,1,460,0x1008BE6,0,LootDrop2,
wcamo_jan_hunter_05,loot,0x1008BE7,1,460,0x1008BE7,0,LootDrop2,
wcamo_jan_hunter_06,loot,0x1008FBC,2,775,0x1008FBC,0,LootDrop2,
wcamo_jan_hunter_07,loot,0x10093A7,3,2150,0x10093A7,0,LootDrop2,
wcamo_jan_hunter_reward,reward,0x100C6B3,0,4025,0x100D05D,0,LootDrop2,
wcamo_jan_huntsman_01,loot,0x1008BE8,1,460,0x1008BE8,0,LootDrop2,
wcamo_jan_lawman_01,loot,0x1008806,0,275,0x1008806,0,LootDrop2,
wcamo_jan_aftermath_01,loot,0x1008807,0,275,0x1008807,0,LootDrop2,
wcamo_jan_aftermath_02,loot,0x1008808,0,275,0x1008808,0,LootDrop2,
wcamo_jan_aftermath_03,loot,0x1008809,0,275,0x1008809,0,LootDrop2,
wcamo_jan_aftermath_04,loot,0x1008BE9,1,460,0x1008BE9,0,LootDrop2,
wcamo_jan_aftermath_05,loot,0x1008BEA,1,460,0x1008BEA,0,LootDrop2,
wcamo_jan_aftermath_06,loot,0x1008FBD,2,775,0x1008FBD,0,LootDrop2,
wcamo_jan_aftermath_07,loot,0x10093A8,3,2150,0x10093A8,0,LootDrop2,
wcamo_jan_aftermath_reward,reward,0x100C6B8,0,4025,0x100D062,0,LootDrop2,
wcamo_jan_czar_01,loot,0x1008BEB,3,2150,0x1008BEB,0,LootDrop2,
cc_feb_boss_01,loot,0x1001AA0,0,165,0x1001AA0,0,LootDrop3,
cc_feb_challenger_01,loot,0x1001AA1,0,165,0x1001AA1,0,LootDrop3,
cc_feb_equalizer_01,loot,0x1001E89,1,275,0x1001E89,0,LootDrop3,
cc_feb_evolution_01,loot,0x1001AA2,0,165,0x1001AA2,0,LootDrop3,
cc_feb_evolution_02,loot,0x1001AA3,0,165,0x1001AA3,0,LootDrop3,
cc_feb_evolution_03,loot,0x1001E8A,1,275,0x1001E8A,0,LootDrop3,
cc_feb_evolution_04,loot,0x1001E8B,1,275,0x1001E8B,0,LootDrop3,
cc_feb_evolution_05,loot,0x1001E8C,1,275,0x1001E8C,0,LootDrop3,
cc_feb_evolution_06,loot,0x100225E,2,775,0x100225E,0,LootDrop3,
cc_feb_evolution_07,loot,0x1002644,3,1300,0x1002644,0,LootDrop3,
cc_feb_evolution_reward,reward,0x100C674,0,3950,0x100D01E,0,LootDrop3,
cc_feb_frag_01,loot,0x1001E8D,1,275,0x1001E8D,0,LootDrop3,
cc_feb_killshot_01,loot,0x1001AA4,0,165,0x1001AA4,0,LootDrop3,
cc_apr_kingfish_01,loot,0x1001AA5,0,165,0x1001AA5,0,LootDrop4,
cc_feb_kingpin_01,loot,0x1001AA6,0,165,0x1001AA6,0,LootDrop3,
cc_feb_mac_10_01,loot,0x1001E8E,1,275,0x1001E8E,0,LootDrop3,
cc_feb_marksman_01,loot,0x1002645,3,1300,0x1002645,0,LootDrop3,
cc_feb_masterblaster_01,loot,0x1001AA7,1,275,0x1001AA7,0,LootDrop3,
cc_feb_masterpiece_01,loot,0x1001E8F,1,275,0x1001E8F,0,LootDrop3,
cc_feb_mechanic_01,loot,0x1002646,3,1300,0x1002646,0,LootDrop3,
cc_feb_n00btuber_01,loot,0x1002647,3,1300,0x1002647,0,LootDrop3,
cc_feb_pkm_01,loot,0x1001AA8,0,165,0x1001AA8,0,LootDrop3,
cc_feb_reflex_01,loot,0x1001AA9,0,165,0x1001AA9,0,LootDrop3,
cc_feb_samurai_01,loot,0x1001AAA,0,165,0x1001AAA,0,LootDrop3,
cc_feb_sting_01,loot,0x1002648,3,1300,0x1002648,0,LootDrop3,
cc_feb_striker_01,loot,0x1001E90,1,550,0x1001E90,1,LootDrop3,
cc_feb_titanium_01,loot,0x1001AAB,2,775,0x1001AAB,0,LootDrop3,
cc_feb_trooper_01,loot,0x1001AAC,0,165,0x1001AAC,0,LootDrop3,
cc_feb_trooper_02,loot,0x1001AAD,0,165,0x1001AAD,0,LootDrop3,
cc_feb_trooper_03,loot,0x1001E91,1,275,0x1001E91,0,LootDrop3,
cc_feb_trooper_04,loot,0x1001E92,1,275,0x1001E92,0,LootDrop3,
cc_feb_trooper_05,loot,0x1001E93,1,275,0x1001E93,0,LootDrop3,
cc_feb_trooper_06,loot,0x100225F,2,775,0x100225F,0,LootDrop3,
cc_feb_trooper_07,loot,0x1002649,3,1300,0x1002649,0,LootDrop3,
cc_feb_trooper_reward,reward,0x100C67D,0,3950,0x100D027,0,LootDrop3,
cc_feb_ultraviolet_01,loot,0x1001AAE,0,165,0x1001AAE,0,LootDrop3,
cc_feb_vss_vintorez_01,loot,0x1001AAF,2,775,0x1001AAF,0,LootDrop3,
cc_feb_wartorn_01,loot,0x1002260,2,775,0x1002260,0,LootDrop3,
cc_feb_wicked_01,loot,0x1001AB0,0,165,0x1001AB0,0,LootDrop3,
cc_feb_wicked_02,loot,0x1001AB1,0,165,0x1001AB1,0,LootDrop3,
cc_feb_wicked_03,loot,0x1001E94,1,275,0x1001E94,0,LootDrop3,
cc_feb_wicked_04,loot,0x1001E95,1,275,0x1001E95,0,LootDrop3,
cc_feb_wicked_05,loot,0x1001E96,1,275,0x1001E96,0,LootDrop3,
cc_feb_wicked_06,loot,0x1002261,2,775,0x1002261,0,LootDrop3,
cc_feb_wicked_07,loot,0x100264A,3,1300,0x100264A,0,LootDrop3,
cc_feb_wicked_reward,reward,0x100C67F,0,3950,0x100D029,0,LootDrop3,
ccamo_feb_boss_01,loot,0x10039CE,0,275,0x10039CE,0,LootDrop3,
ccamo_feb_challenger_01,loot,0x1003DB0,1,460,0x1003DB0,0,LootDrop3,
ccamo_feb_killshot_01,loot,0x1003DB1,1,460,0x1003DB1,0,LootDrop3,
ccamo_apr_kingfish_01,loot,0x1003DB2,1,460,0x1003DB2,0,LootDrop4,
ccamo_feb_kingpin_01,loot,0x1004192,2,775,0x1004192,0,LootDrop3,
ccamo_feb_mac_10_01,loot,0x1003DB3,1,460,0x1003DB3,0,LootDrop3,
ccamo_feb_masterblaster_01,loot,0x1003DB4,1,460,0x1003DB4,0,LootDrop3,
ccamo_feb_mechanic_01,loot,0x10039CF,2,775,0x10039CF,0,LootDrop3,
ccamo_feb_pkm_01,loot,0x1004193,2,775,0x1004193,0,LootDrop3,
ccamo_feb_samurai_01,loot,0x10039D0,3,2150,0x10039D0,0,LootDrop3,
ccamo_feb_striker_01,loot,0x10039D1,0,550,0x10039D1,1,LootDrop3,
ccamo_feb_vss_vintorez_01,loot,0x10039D2,0,275,0x10039D2,0,LootDrop3,
ccamo_feb_wartorn_01,loot,0x1003DB5,1,460,0x1003DB5,0,LootDrop3,
em_feb_boss_01,loot,0x1005D0D,1,275,0x1005D0D,0,LootDrop3,
em_feb_challenger_01,loot,0x1005926,0,165,0x1005926,0,LootDrop3,
em_feb_dominator_01,loot,0x1005927,0,165,0x1005927,0,LootDrop3,
em_feb_dominator_02,loot,0x1005928,0,165,0x1005928,0,LootDrop3,
em_feb_dominator_03,loot,0x1005D0E,1,275,0x1005D0E,0,LootDrop3,
em_feb_dominator_04,loot,0x1005D0F,1,275,0x1005D0F,0,LootDrop3,
em_feb_dominator_05,loot,0x1005D10,1,275,0x1005D10,0,LootDrop3,
em_feb_dominator_06,loot,0x10060DF,2,775,0x10060DF,0,LootDrop3,
em_feb_dominator_07,loot,0x10064C7,3,1300,0x10064C7,0,LootDrop3,
em_feb_dominator_reward,reward,0x100C688,0,3950,0x100D032,0,LootDrop3,
em_feb_equalizer_01,loot,0x1005929,0,165,0x1005929,0,LootDrop3,
em_feb_frag_01,loot,0x100592A,0,165,0x100592A,0,LootDrop3,
em_feb_gung_ho_01,loot,0x100592B,0,165,0x100592B,0,LootDrop3,
em_feb_gung_ho_02,loot,0x100592C,0,165,0x100592C,0,LootDrop3,
em_feb_gung_ho_03,loot,0x1005D11,1,275,0x1005D11,0,LootDrop3,
em_feb_gung_ho_04,loot,0x1005D12,1,275,0x1005D12,0,LootDrop3,
em_feb_gung_ho_05,loot,0x1005D13,1,275,0x1005D13,0,LootDrop3,
em_feb_gung_ho_06,loot,0x10060E0,2,775,0x10060E0,0,LootDrop3,
em_feb_gung_ho_07,loot,0x10064C8,3,1300,0x10064C8,0,LootDrop3,
em_feb_gung_ho_reward,reward,0x100C68B,0,3950,0x100D035,0,LootDrop3,
em_feb_killshot_01,loot,0x100592D,0,165,0x100592D,0,LootDrop3,
em_apr_kingfish_01,loot,0x100592E,1,275,0x100592E,0,LootDrop4,
em_feb_kingpin_01,loot,0x100592F,0,165,0x100592F,0,LootDrop3,
em_feb_mac_10_01,loot,0x1005930,0,165,0x1005930,0,LootDrop3,
em_feb_marksman_01,loot,0x1005931,0,165,0x1005931,0,LootDrop3,
em_feb_masterblaster_01,loot,0x1005932,0,165,0x1005932,0,LootDrop3,
em_feb_masterpiece_01,loot,0x1005933,0,165,0x1005933,0,LootDrop3,
em_feb_mechanic_01,loot,0x1005D14,1,275,0x1005D14,0,LootDrop3,
em_feb_n00btuber_01,loot,0x1005934,0,165,0x1005934,0,LootDrop3,
em_feb_pkm_01,loot,0x1005935,0,165,0x1005935,0,LootDrop3,
em_feb_reflex_01,loot,0x1005936,1,275,0x1005936,0,LootDrop3,
em_feb_samurai_01,loot,0x1005D15,1,275,0x1005D15,0,LootDrop3,
em_feb_squad_01,loot,0x1005937,0,165,0x1005937,0,LootDrop3,
em_feb_squad_02,loot,0x1005938,0,165,0x1005938,0,LootDrop3,
em_feb_squad_03,loot,0x1005D16,1,275,0x1005D16,0,LootDrop3,
em_feb_squad_04,loot,0x1005D17,1,275,0x1005D17,0,LootDrop3,
em_feb_squad_05,loot,0x1005D18,1,275,0x1005D18,0,LootDrop3,
em_feb_squad_06,loot,0x10060E1,2,775,0x10060E1,0,LootDrop3,
em_feb_squad_07,loot,0x10064C9,3,1300,0x10064C9,0,LootDrop3,
em_feb_squad_reward,reward,0x100C691,0,3950,0x100D03B,0,LootDrop3,
em_feb_sting_01,loot,0x1005939,0,165,0x1005939,0,LootDrop3,
em_feb_striker_01,loot,0x10060E2,1,550,0x10060E2,1,LootDrop3,
em_feb_sword_01,loot,0x100593A,0,165,0x100593A,0,LootDrop3,
em_feb_sword_02,loot,0x100593B,0,165,0x100593B,0,LootDrop3,
em_feb_sword_03,loot,0x1005D19,1,275,0x1005D19,0,LootDrop3,
em_feb_sword_04,loot,0x1005D1A,1,275,0x1005D1A,0,LootDrop3,
em_feb_sword_05,loot,0x1005D1B,1,275,0x1005D1B,0,LootDrop3,
em_feb_sword_06,loot,0x10060E3,2,775,0x10060E3,0,LootDrop3,
em_feb_sword_07,loot,0x10064CA,3,1300,0x10064CA,0,LootDrop3,
em_feb_sword_reward,reward,0x100C692,0,3950,0x100D03C,0,LootDrop3,
em_feb_titanium_01,loot,0x1005D1C,1,275,0x1005D1C,0,LootDrop3,
em_feb_ultraviolet_01,loot,0x1005D1D,1,275,0x1005D1D,0,LootDrop3,
em_feb_vss_vintorez_01,loot,0x10064CB,1,275,0x10064CB,0,LootDrop3,
em_feb_wartorn_01,loot,0x100593C,0,165,0x100593C,0,LootDrop3,
fk_kin,reward,0x100C6C7,0,4025,0x100D071,0,LootDrop3,
ret_feb_challenger_01,loot,0x100B6DE,0,100,0x100B6DE,0,LootDrop3,
ret_feb_equalizer_01,loot,0x100B6DF,0,100,0x100B6DF,0,LootDrop3,
ret_feb_frag_01,loot,0x100B6E0,1,165,0x100B6E0,0,LootDrop3,
ret_feb_ironsmith_01,loot,0x100B6E1,0,100,0x100B6E1,0,LootDrop3,
ret_feb_ironsmith_02,loot,0x100B6E2,0,100,0x100B6E2,0,LootDrop3,
ret_feb_ironsmith_03,loot,0x100BAC5,1,165,0x100BAC5,0,LootDrop3,
ret_feb_ironsmith_04,loot,0x100BAC6,1,165,0x100BAC6,0,LootDrop3,
ret_feb_ironsmith_05,loot,0x100BAC7,1,165,0x100BAC7,0,LootDrop3,
ret_feb_ironsmith_06,loot,0x100BE9C,2,460,0x100BE9C,0,LootDrop3,
ret_feb_ironsmith_07,loot,0x100C283,3,1300,0x100C283,0,LootDrop3,
ret_feb_ironsmith_reward,reward,0x100C6D6,0,3950,0x100D080,0,LootDrop3,
ret_feb_killshot_01,loot,0x100BE9D,2,460,0x100BE9D,0,LootDrop3,
ret_apr_kingfish_01,loot,0x100B6E3,0,100,0x100B6E3,0,LootDrop4,
ret_feb_kingpin_01,loot,0x100B6E4,0,100,0x100B6E4,0,LootDrop3,
ret_feb_mac_10_01,loot,0x100B6E5,2,460,0x100B6E5,0,LootDrop3,
ret_feb_marksman_01,loot,0x100BAC8,1,165,0x100BAC8,0,LootDrop3,
ret_feb_masterblaster_01,loot,0x100B6E6,0,100,0x100B6E6,0,LootDrop3,
ret_feb_masterpiece_01,loot,0x100BE9E,2,460,0x100BE9E,0,LootDrop3,
ret_feb_mechanic_01,loot,0x100B6E7,0,100,0x100B6E7,0,LootDrop3,
ret_feb_n00btuber_01,loot,0x100BAC9,1,165,0x100BAC9,0,LootDrop3,
ret_feb_pkm_01,loot,0x100BACA,1,165,0x100BACA,0,LootDrop3,
ret_feb_reflex_01,loot,0x100B6E8,0,100,0x100B6E8,0,LootDrop3,
ret_feb_samurai_01,loot,0x100C284,0,100,0x100C284,0,LootDrop3,
ret_feb_sting_01,loot,0x100BACB,1,165,0x100BACB,0,LootDrop3,
ret_feb_striker_01,loot,0x100BACC,0,200,0x100BACC,1,LootDrop3,
ret_feb_titanium_01,loot,0x100C285,0,100,0x100C285,0,LootDrop3,
ret_feb_ultraviolet_01,loot,0x100BE9F,2,460,0x100BE9F,0,LootDrop3,
ret_feb_vss_vintorez_01,loot,0x100B6E9,0,100,0x100B6E9,0,LootDrop3,
ret_feb_wartorn_01,loot,0x100BACD,1,165,0x100BACD,0,LootDrop3,
wcamo_feb_amoeba_01,loot,0x100880A,0,275,0x100880A,0,LootDrop3,
wcamo_feb_amoeba_02,loot,0x100880B,0,275,0x100880B,0,LootDrop3,
wcamo_feb_amoeba_03,loot,0x1008BEC,0,275,0x1008BEC,0,LootDrop3,
wcamo_feb_amoeba_04,loot,0x1008BED,1,460,0x1008BED,0,LootDrop3,
wcamo_feb_amoeba_05,loot,0x1008BEE,1,460,0x1008BEE,0,LootDrop3,
wcamo_feb_amoeba_06,loot,0x1008FBF,2,775,0x1008FBF,0,LootDrop3,
wcamo_feb_amoeba_07,loot,0x10093A9,3,2150,0x10093A9,0,LootDrop3,
wcamo_feb_amoeba_reward,reward,0x100C6A9,0,4025,0x100D053,0,LootDrop3,
wcamo_feb_boss_01,loot,0x1008BEF,1,460,0x1008BEF,0,LootDrop3,
wcamo_feb_challenger_01,loot,0x1008FC0,2,775,0x1008FC0,0,LootDrop3,
wcamo_feb_elite_01,loot,0x100880C,0,275,0x100880C,0,LootDrop3,
wcamo_feb_elite_02,loot,0x100880D,0,275,0x100880D,0,LootDrop3,
wcamo_feb_elite_03,loot,0x1008BF0,0,275,0x1008BF0,0,LootDrop3,
wcamo_feb_elite_04,loot,0x1008BF1,1,460,0x1008BF1,0,LootDrop3,
wcamo_feb_elite_05,loot,0x1008FC1,1,460,0x1008FC1,0,LootDrop3,
wcamo_feb_elite_06,loot,0x10093AA,2,775,0x10093AA,0,LootDrop3,
wcamo_feb_elite_07,loot,0x10093AB,3,2150,0x10093AB,0,LootDrop3,
wcamo_feb_elite_reward,reward,0x100C6AF,0,4025,0x100D059,0,LootDrop3,
wcamo_feb_equalizer_01,loot,0x1008BF2,1,460,0x1008BF2,0,LootDrop3,
wcamo_feb_frag_01,loot,0x100880E,0,275,0x100880E,0,LootDrop3,
wcamo_feb_killshot_01,loot,0x1008BF3,1,460,0x1008BF3,0,LootDrop3,
wcamo_apr_kingfish_01,loot,0x10093AC,2,775,0x10093AC,0,LootDrop4,
wcamo_feb_kingpin_01,loot,0x10093AD,3,2150,0x10093AD,0,LootDrop3,
wcamo_feb_mac_10_01,loot,0x10093AE,3,2150,0x10093AE,0,LootDrop3,
wcamo_feb_marksman_01,loot,0x1008FC2,2,775,0x1008FC2,0,LootDrop3,
wcamo_feb_mars_animated_01,loot,0x100880F,0,275,0x100880F,0,LootDrop3,
wcamo_feb_mars_animated_02,loot,0x1008810,0,275,0x1008810,0,LootDrop3,
wcamo_feb_mars_animated_03,loot,0x1008811,0,275,0x1008811,0,LootDrop3,
wcamo_feb_mars_animated_04,loot,0x1008BF4,1,460,0x1008BF4,0,LootDrop3,
wcamo_feb_mars_animated_05,loot,0x1008BF5,1,460,0x1008BF5,0,LootDrop3,
wcamo_feb_mars_animated_06,loot,0x1008FC3,2,775,0x1008FC3,0,LootDrop3,
wcamo_feb_mars_animated_07,loot,0x10093AF,3,2150,0x10093AF,0,LootDrop3,
wcamo_feb_mars_animated_reward,reward,0x100C6B4,0,4025,0x100D05E,0,LootDrop3,
wcamo_feb_masterblaster_01,loot,0x10093B0,3,2150,0x10093B0,0,LootDrop3,
wcamo_feb_masterpiece_01,loot,0x1008812,0,275,0x1008812,0,LootDrop3,
wcamo_feb_mechanic_01,loot,0x1008813,0,275,0x1008813,0,LootDrop3,
wcamo_feb_minerva_01,loot,0x1008814,0,275,0x1008814,0,LootDrop3,
wcamo_feb_minerva_02,loot,0x1008815,0,275,0x1008815,0,LootDrop3,
wcamo_feb_minerva_03,loot,0x1008816,0,275,0x1008816,0,LootDrop3,
wcamo_feb_minerva_04,loot,0x1008BF6,1,460,0x1008BF6,0,LootDrop3,
wcamo_feb_minerva_05,loot,0x1008BF7,1,460,0x1008BF7,0,LootDrop3,
wcamo_feb_minerva_06,loot,0x1008FC4,2,775,0x1008FC4,0,LootDrop3,
wcamo_feb_minerva_07,loot,0x10093B1,3,2150,0x10093B1,0,LootDrop3,
wcamo_feb_minerva_reward,reward,0x100C6B5,0,4025,0x100D05F,0,LootDrop3,
wcamo_feb_n00btuber_01,loot,0x1008817,0,275,0x1008817,0,LootDrop3,
wcamo_feb_pkm_01,loot,0x1008BF8,3,2150,0x1008BF8,0,LootDrop3,
wcamo_feb_reflex_01,loot,0x1008BF9,1,460,0x1008BF9,0,LootDrop3,
wcamo_feb_reptile_01,loot,0x1008818,0,275,0x1008818,0,LootDrop3,
wcamo_feb_reptile_02,loot,0x1008819,0,275,0x1008819,0,LootDrop3,
wcamo_feb_reptile_03,loot,0x1008BFA,0,275,0x1008BFA,0,LootDrop3,
wcamo_feb_reptile_04,loot,0x1008BFB,1,460,0x1008BFB,0,LootDrop3,
wcamo_feb_reptile_05,loot,0x1008BFC,1,460,0x1008BFC,0,LootDrop3,
wcamo_feb_reptile_06,loot,0x1008FC5,2,775,0x1008FC5,0,LootDrop3,
wcamo_feb_reptile_07,loot,0x10093B2,3,2150,0x10093B2,0,LootDrop3,
wcamo_feb_reptile_reward,reward,0x100C6BA,0,4025,0x100D064,0,LootDrop3,
wcamo_feb_samurai_01,loot,0x1008FC6,2,775,0x1008FC6,0,LootDrop3,
wcamo_feb_sting_01,loot,0x1008FC7,2,775,0x1008FC7,0,LootDrop3,
wcamo_feb_striker_01,loot,0x10093B3,2,1550,0x10093B3,1,LootDrop3,
wcamo_feb_titanium_01,loot,0x100881A,3,2150,0x100881A,0,LootDrop3,
wcamo_feb_ultraviolet_01,loot,0x100881B,0,275,0x100881B,0,LootDrop3,
wcamo_feb_urban_decay_01,loot,0x100881C,0,275,0x100881C,0,LootDrop3,
wcamo_feb_urban_decay_02,loot,0x100881D,0,275,0x100881D,0,LootDrop3,
wcamo_feb_urban_decay_03,loot,0x1008BFD,0,275,0x1008BFD,0,LootDrop3,
wcamo_feb_urban_decay_04,loot,0x1008BFE,1,460,0x1008BFE,0,LootDrop3,
wcamo_feb_urban_decay_05,loot,0x1008BFF,1,460,0x1008BFF,0,LootDrop3,
wcamo_feb_urban_decay_06,loot,0x1008FC8,2,775,0x1008FC8,0,LootDrop3,
wcamo_feb_urban_decay_07,loot,0x10093B4,3,2150,0x10093B4,0,LootDrop3,
wcamo_feb_urban_decay_reward,reward,0x100C6BD,0,4025,0x100D067,0,LootDrop3,
wcamo_feb_vss_vintorez_01,loot,0x1008C00,1,460,0x1008C00,0,LootDrop3,
wcamo_feb_wartorn_01,loot,0x10093B5,3,2150,0x10093B5,0,LootDrop3,
cc_apr_caveman_01,loot,0x1001AB3,0,165,0x1001AB3,0,LootDrop4,
cc_apr_diabolical_01,loot,0x1001AB4,0,165,0x1001AB4,0,LootDrop4,
cc_apr_grotesque_01,loot,0x1001AB6,0,165,0x1001AB6,0,LootDrop4,
cc_apr_grotesque_02,loot,0x1001AB7,0,165,0x1001AB7,0,LootDrop4,
cc_apr_grotesque_03,loot,0x1001E97,1,275,0x1001E97,0,LootDrop4,
cc_apr_grotesque_04,loot,0x1001E98,1,275,0x1001E98,0,LootDrop4,
cc_apr_grotesque_05,loot,0x1001E99,1,275,0x1001E99,0,LootDrop4,
cc_apr_grotesque_06,loot,0x1002262,2,775,0x1002262,0,LootDrop4,
cc_apr_grotesque_07,loot,0x100264C,3,1300,0x100264C,0,LootDrop4,
cc_apr_grotesque_reward,reward,0x100C675,0,3950,0x100D01F,0,LootDrop4,
cc_apr_peacekeeper_01,loot,0x1001E9A,3,1300,0x1001E9A,0,LootDrop4,
cc_apr_phalanx_01,loot,0x1001AB8,2,775,0x1001AB8,0,LootDrop4,
cc_apr_rogue_01,loot,0x1001AB9,0,165,0x1001AB9,0,LootDrop4,
cc_apr_rogue_02,loot,0x1001ABA,0,165,0x1001ABA,0,LootDrop4,
cc_apr_rogue_03,loot,0x1001E9D,1,275,0x1001E9D,0,LootDrop4,
cc_apr_rogue_04,loot,0x1001E9E,1,275,0x1001E9E,0,LootDrop4,
cc_apr_rogue_05,loot,0x1001E9F,1,275,0x1001E9F,0,LootDrop4,
cc_apr_rogue_06,loot,0x1002263,2,775,0x1002263,0,LootDrop4,
cc_apr_rogue_07,loot,0x100264D,3,1300,0x100264D,0,LootDrop4,
cc_apr_rogue_reward,reward,0x100C678,0,3950,0x100D022,0,LootDrop4,
cc_apr_sawtooth_01,loot,0x1002264,2,775,0x1002264,0,LootDrop4,
cc_apr_slapstick_01,loot,0x1001ABB,0,165,0x1001ABB,0,LootDrop4,
cc_apr_slapstick_02,loot,0x1001ABC,0,165,0x1001ABC,0,LootDrop4,
cc_apr_slapstick_03,loot,0x1001EA0,1,275,0x1001EA0,0,LootDrop4,
cc_apr_slapstick_04,loot,0x1001EA1,1,275,0x1001EA1,0,LootDrop4,
cc_apr_slapstick_05,loot,0x1001EA2,1,275,0x1001EA2,0,LootDrop4,
cc_apr_slapstick_06,loot,0x1002265,2,775,0x1002265,0,LootDrop4,
cc_apr_slapstick_07,loot,0x100264F,3,1300,0x100264F,0,LootDrop4,
cc_apr_slapstick_reward,reward,0x100C67A,0,3950,0x100D024,0,LootDrop4,
cc_apr_tactical_01,loot,0x1001ABD,0,165,0x1001ABD,0,LootDrop4,
cc_apr_urban_warfare_01,loot,0x1001ABF,0,165,0x1001ABF,0,LootDrop4,
ccamo_apr_caveman_01,loot,0x1004194,2,775,0x1004194,0,LootDrop4,
ccamo_apr_diabolical_01,loot,0x1003DB6,1,460,0x1003DB6,0,LootDrop4,
ccamo_apr_peacekeeper_01,loot,0x1004195,1,460,0x1004195,0,LootDrop4,
ccamo_apr_sawtooth_01,loot,0x10039D4,0,275,0x10039D4,0,LootDrop4,
ccamo_apr_tactical_01,loot,0x1003DB8,1,460,0x1003DB8,0,LootDrop4,
em_apr_caveman_01,loot,0x1005D1F,1,275,0x1005D1F,0,LootDrop4,
em_apr_diabolical_01,loot,0x10060E4,2,775,0x10060E4,0,LootDrop4,
em_apr_peacekeeper_01,loot,0x100593F,0,165,0x100593F,0,LootDrop4,
em_apr_phalanx_01,loot,0x1005D23,1,275,0x1005D23,0,LootDrop4,
em_apr_sawtooth_01,loot,0x1005D27,1,275,0x1005D27,0,LootDrop4,
em_apr_tactical_01,loot,0x1005D28,1,275,0x1005D28,0,LootDrop4,
em_apr_urban_warfare_01,loot,0x1005948,0,165,0x1005948,0,LootDrop4,
ret_apr_caveman_01,loot,0x100B6EA,0,100,0x100B6EA,0,LootDrop4,
ret_apr_diabolical_01,loot,0x100BACE,1,165,0x100BACE,0,LootDrop4,
ret_apr_peacekeeper_01,loot,0x100B6EB,1,165,0x100B6EB,0,LootDrop4,
ret_apr_phalanx_01,loot,0x100C286,0,100,0x100C286,0,LootDrop4,
ret_apr_sawtooth_01,loot,0x100C287,1,165,0x100C287,0,LootDrop4,
ret_apr_tactical_01,loot,0x100B6EE,2,460,0x100B6EE,0,LootDrop4,
ret_apr_urban_warfare_01,loot,0x100BAD2,1,165,0x100BAD2,0,LootDrop4,
wcamo_apr_caveman_01,loot,0x100881E,0,275,0x100881E,0,LootDrop4,
wcamo_apr_diabolical_01,loot,0x10093B6,3,2150,0x10093B6,0,LootDrop4,
wcamo_apr_peacekeeper_01,loot,0x10093B8,0,275,0x10093B8,0,LootDrop4,
wcamo_apr_high_tech_01,loot,0x1008822,0,275,0x1008822,0,LootDrop4,
wcamo_apr_high_tech_02,loot,0x1008823,0,275,0x1008823,0,LootDrop4,
wcamo_apr_high_tech_03,loot,0x1008C05,1,460,0x1008C05,0,LootDrop4,
wcamo_apr_high_tech_04,loot,0x1008C06,1,460,0x1008C06,0,LootDrop4,
wcamo_apr_high_tech_05,loot,0x1008C07,1,460,0x1008C07,0,LootDrop4,
wcamo_apr_high_tech_06,loot,0x1008FCB,2,775,0x1008FCB,0,LootDrop4,
wcamo_apr_high_tech_07,loot,0x10093B9,3,2150,0x10093B9,0,LootDrop4,
wcamo_apr_high_tech_reward,reward,0x100C6B2,0,4025,0x100D05C,0,LootDrop4,
wcamo_apr_operator_01,loot,0x1008824,0,275,0x1008824,0,LootDrop4,
wcamo_apr_operator_02,loot,0x1008825,0,275,0x1008825,0,LootDrop4,
wcamo_apr_operator_03,loot,0x1008C09,1,460,0x1008C09,0,LootDrop4,
wcamo_apr_operator_04,loot,0x1008C0A,1,460,0x1008C0A,0,LootDrop4,
wcamo_apr_operator_05,loot,0x1008C0B,1,460,0x1008C0B,0,LootDrop4,
wcamo_apr_operator_06,loot,0x1008FCC,2,775,0x1008FCC,0,LootDrop4,
wcamo_apr_operator_07,loot,0x10093BB,3,2150,0x10093BB,0,LootDrop4,
wcamo_apr_operator_reward,reward,0x100C6B6,0,4025,0x100D060,0,LootDrop4,
wcamo_apr_phalanx_01,loot,0x1008826,0,275,0x1008826,0,LootDrop4,
wcamo_apr_rebel_01,loot,0x1008827,0,275,0x1008827,0,LootDrop4,
wcamo_apr_rebel_02,loot,0x1008828,0,275,0x1008828,0,LootDrop4,
wcamo_apr_rebel_03,loot,0x1008C0C,1,460,0x1008C0C,0,LootDrop4,
wcamo_apr_rebel_04,loot,0x1008C0D,1,460,0x1008C0D,0,LootDrop4,
wcamo_apr_rebel_05,loot,0x1008C0E,1,460,0x1008C0E,0,LootDrop4,
wcamo_apr_rebel_06,loot,0x1008FCD,2,775,0x1008FCD,0,LootDrop4,
wcamo_apr_rebel_07,loot,0x10093BC,3,2150,0x10093BC,0,LootDrop4,
wcamo_apr_rebel_reward,reward,0x100C6B9,0,4025,0x100D063,0,LootDrop4,
wcamo_apr_sawtooth_01,loot,0x1008C0F,3,2150,0x1008C0F,0,LootDrop4,
wcamo_apr_tactical_01,loot,0x1008829,0,275,0x1008829,0,LootDrop4,
wcamo_apr_urban_warfare_01,loot,0x100882A,2,775,0x100882A,0,LootDrop4,
fk_jun_sawed_off_01,loot,0x1000ED2,1,775,0x1000ED2,0,LootDrop5,
fk_jun_slapshot_01,loot,0x1000ED3,1,775,0x1000ED3,0,LootDrop5,
fk_jun_slapshot_reward,reward,0x100C6C9,0,4025,0x100D073,0,LootDrop5,
fk_clr,reward,0x100C6E1,2,4025,0x100D0FA,0,LootDrop3,
fk_wtn,reward,0x100C6E2,2,4025,0x100D0FB,0,LootDrop3,
fk_kls,reward,0x100C6E3,2,4025,0x100D0FC,0,LootDrop3,
fk_ntb,reward,0x100C6E4,0,4025,0x100D0FD,0,LootDrop3,
fk_ttm,reward,0x100C6E5,0,4025,0x100D089,0,LootDrop3,
fk_frg,reward,0x100C6E6,0,4025,0x100D08A,0,LootDrop3,
fk_mkm,reward,0x100C6E7,0,4025,0x100D08B,0,LootDrop3,
fk_rwr,reward,0x100C6E8,0,4025,0x100D08C,0,LootDrop3,
fk_eqr,reward,0x100C6E9,0,4025,0x100D08D,0,LootDrop3,
fk_mtp,reward,0x100C6EA,0,4025,0x100D08E,0,LootDrop3,
fk_utv,reward,0x100C6EB,0,4025,0x100D08F,0,LootDrop3,
fk_stg,reward,0x100C6EC,0,4025,0x100D090,0,LootDrop3,
h1_xmlar,reward,0x100C6A8,0,4150,0x100D052,0,LootDrop2,
h1_aprast,reward,0x100C6A1,0,4150,0x100D04B,0,LootDrop4,
h1_febsmg,reward,0x100C6A4,0,4150,0x100D04E,0,LootDrop3,
h1_aprsmg,reward,0x100C6A2,0,4150,0x100D04C,0,LootDrop4,
h1_feblmg,reward,0x100C6A5,0,4150,0x100D04F,0,LootDrop3,
h1_janpst,reward,0x100C6A0,0,4150,0x100D04A,0,LootDrop2,
h1_aprpst,reward,0x100C69F,0,4150,0x100D049,0,LootDrop4,
h1_meleegladius,reward,0x100C69D,0,4150,0x100D047,0,LootDrop2,
h1_meleesickle,loot,0x100745A,3,3600,0x100745A,0,LootDrop2,
h1_meleehatchet,reward,0x100C698,2,4150,0x100D042,0,LootDrop2,
h1_meleefeb1,reward,0x100745B,0,4150,0x100D126,0,LootDrop3,
h1_meleefeb2,loot,0x100C699,3,7200,0x100C699,1,LootDrop3,
h1_meleefeb3,reward,0x100C69A,0,4150,0x100D044,0,LootDrop3,
h1_meleefeb4,loot,0x100C69E,3,3600,0x100C69E,0,LootDrop3,
h1_meleeapr1,reward,0x1007072,0,4150,0x100D1A3,0,LootDrop4,
h1_meleeapr2,loot,0x100C694,3,3600,0x100C694,0,LootDrop4,
h1_meleeapr3,reward,0x100C696,0,4150,0x100D040,0,LootDrop4,
h1_meleeapr4,reward,0x100C69B,0,4150,0x100D045,0,LootDrop4,
cc_dec_bayonet_01,loot,0x1001AC1,0,165,0x1001AC1,0,LootDrop1,
cc_dec_omsk_01,loot,0x1002267,2,775,0x1002267,0,LootDrop1,
em_dec_bayonet_01,loot,0x100594B,0,165,0x100594B,0,LootDrop1,
em_dec_omsk_01,loot,0x100594C,0,165,0x100594C,0,LootDrop1,
h1_meleebayonet,reward,0x100C6DD,0,4150,0x100D087,0,LootDrop1,
h1_meleepaddle,reward,0x100C6DE,0,4150,0x100D088,0,LootDrop1,
h1_febsnp,reward,0x100C6A7,0,4150,0x100D135,0,LootDrop3,
cc_jan_kamtchaka_01,loot,0x100D09B,1,275,0x100D09B,0,LootDrop2,
cc_jan_xmlar_01,loot,0x100D09C,0,165,0x100D09C,0,LootDrop2,
ccamo_jan_kamchatka_01,loot,0x100D09D,1,460,0x100D09D,0,LootDrop2,
ccamo_jan_xmlar_01,loot,0x100D09E,3,2150,0x100D09E,0,LootDrop2,
em_jan_kamchatka_01,loot,0x100D09F,1,275,0x100D09F,0,LootDrop2,
em_jan_xmlar_01,loot,0x100D0A0,2,775,0x100D0A0,0,LootDrop2,
ret_jan_kamchatka_01,loot,0x100D0A1,0,100,0x100D0A1,0,LootDrop2,
ret_jan_xmlar_01,loot,0x100D0A2,1,165,0x100D0A2,0,LootDrop2,
wcamo_jan_kamchatka_01,loot,0x100D0A3,0,275,0x100D0A3,0,LootDrop2,
wcamo_jan_xmlar_01,loot,0x100D0A4,0,275,0x100D0A4,0,LootDrop2,
cc_jan_gladiator_01,loot,0x100D0A5,3,1300,0x100D0A5,0,LootDrop2,
ccamo_jan_gladiator_01,loot,0x100D0A6,0,275,0x100D0A6,0,LootDrop2,
ret_jan_gladiator_01,loot,0x100D0A7,0,100,0x100D0A7,0,LootDrop2,
wcamo_jan_gladiator_01,loot,0x100D0A8,2,775,0x100D0A8,0,LootDrop2,
em_jan_astral_01,loot,0x100D0A9,0,165,0x100D0A9,0,LootDrop2,
em_jan_astral_02,loot,0x100D0AA,0,165,0x100D0AA,0,LootDrop2,
em_jan_astral_03,loot,0x100D0AB,1,275,0x100D0AB,0,LootDrop2,
em_jan_astral_04,loot,0x100D0AC,1,275,0x100D0AC,0,LootDrop2,
em_jan_astral_05,loot,0x100D0AD,1,275,0x100D0AD,0,LootDrop2,
em_jan_astral_06,loot,0x100D0AE,2,775,0x100D0AE,0,LootDrop2,
em_jan_astral_07,loot,0x100D0AF,3,1300,0x100D0AF,0,LootDrop2,
em_jan_astral_reward,reward,0x100D0B0,0,3950,0x100D0B1,0,LootDrop2,
fk_bss,reward,0x100D0B3,0,4025,0x100D0FF,0,LootDrop3,
ret_jan_44_magnum_01,loot,0x100D0BD,1,165,0x100D0BD,0,LootDrop2,
wcamo_jan_arctic_wolf_reward,reward,0x100D0BE,0,0,0x100D0BF,0,LootDrop2,
fk_pgn,reward,0x100D0C1,0,4025,0x100D100,0,LootDrop3,
cc_feb_standoff_01,loot,0x100D0C2,0,165,0x100D0C2,0,LootDrop3,
cc_feb_standoff_02,loot,0x100D0C3,0,165,0x100D0C3,0,LootDrop3,
cc_feb_standoff_03,loot,0x100D0C4,1,275,0x100D0C4,0,LootDrop3,
cc_feb_standoff_04,loot,0x100D0C5,1,275,0x100D0C5,0,LootDrop3,
cc_feb_standoff_05,loot,0x100D0C6,1,275,0x100D0C6,0,LootDrop3,
cc_feb_standoff_06,loot,0x100D0C7,2,775,0x100D0C7,0,LootDrop3,
cc_feb_standoff_07,loot,0x100D0C8,3,1300,0x100D0C8,0,LootDrop3,
cc_feb_standoff_reward,reward,0x100D0C9,0,3950,0x100D0CA,0,LootDrop3,
ret_feb_bent_01,loot,0x100D0CB,0,100,0x100D0CB,0,LootDrop3,
ret_feb_bent_02,loot,0x100D0CC,0,100,0x100D0CC,0,LootDrop3,
ret_feb_bent_03,loot,0x100D0CD,0,100,0x100D0CD,0,LootDrop3,
ret_feb_bent_04,loot,0x100D0CE,1,165,0x100D0CE,0,LootDrop3,
ret_feb_bent_05,loot,0x100D0CF,1,165,0x100D0CF,0,LootDrop3,
ret_feb_bent_06,loot,0x100D0D0,2,460,0x100D0D0,0,LootDrop3,
ret_feb_bent_07,loot,0x100D0D1,3,1300,0x100D0D1,0,LootDrop3,
ret_feb_bent_reward,reward,0x100D0D2,0,3950,0x100D0D3,0,LootDrop3,
ret_feb_vortex_01,loot,0x100D0D4,0,100,0x100D0D4,0,LootDrop3,
ret_feb_vortex_02,loot,0x100D0D5,0,100,0x100D0D5,0,LootDrop3,
ret_feb_vortex_03,loot,0x100D0D6,0,100,0x100D0D6,0,LootDrop3,
ret_feb_vortex_04,loot,0x100D0D7,1,165,0x100D0D7,0,LootDrop3,
ret_feb_vortex_05,loot,0x100D0D8,1,165,0x100D0D8,0,LootDrop3,
ret_feb_vortex_06,loot,0x100D0D9,2,460,0x100D0D9,0,LootDrop3,
ret_feb_vortex_07,loot,0x100D0DA,3,1300,0x100D0DA,0,LootDrop3,
ret_feb_vortex_reward,reward,0x100D0DB,0,3950,0x100D0DC,0,LootDrop3,
ret_feb_angle_01,loot,0x100D0DD,0,100,0x100D0DD,0,LootDrop3,
ret_feb_angle_02,loot,0x100D0DE,0,100,0x100D0DE,0,LootDrop3,
ret_feb_angle_03,loot,0x100D0DF,0,100,0x100D0DF,0,LootDrop3,
ret_feb_angle_04,loot,0x100D0E0,1,165,0x100D0E0,0,LootDrop3,
ret_feb_angle_05,loot,0x100D0E1,1,165,0x100D0E1,0,LootDrop3,
ret_feb_angle_06,loot,0x100D0E2,2,460,0x100D0E2,0,LootDrop3,
ret_feb_angle_07,loot,0x100D0E3,3,1300,0x100D0E3,0,LootDrop3,
ret_feb_angle_reward,reward,0x100D0E4,0,3950,0x100D0E5,0,LootDrop3,
em_feb_emoji_01,loot,0x100D0E7,0,165,0x100D0E7,0,LootDrop3,
em_feb_emoji_02,loot,0x100D0E8,0,165,0x100D0E8,0,LootDrop3,
em_feb_emoji_03,loot,0x100D0E9,1,275,0x100D0E9,0,LootDrop3,
em_feb_emoji_04,loot,0x100D0EA,1,275,0x100D0EA,0,LootDrop3,
em_feb_emoji_05,loot,0x100D0EB,1,275,0x100D0EB,0,LootDrop3,
em_feb_emoji_06,loot,0x100D0EC,2,775,0x100D0EC,0,LootDrop3,
em_feb_emoji_07,loot,0x100D0ED,3,1300,0x100D0ED,0,LootDrop3,
em_feb_emoji_reward,reward,0x100D0EE,0,3950,0x100D0EF,0,LootDrop3,
em_feb_warface_01,loot,0x100D0F0,0,165,0x100D0F0,0,LootDrop3,
em_feb_warface_02,loot,0x100D0F1,0,165,0x100D0F1,0,LootDrop3,
em_feb_warface_03,loot,0x100D0F2,1,275,0x100D0F2,0,LootDrop3,
em_feb_warface_04,loot,0x100D0F3,1,275,0x100D0F3,0,LootDrop3,
em_feb_warface_05,loot,0x100D0F4,1,275,0x100D0F4,0,LootDrop3,
em_feb_warface_06,loot,0x100D0F5,2,775,0x100D0F5,0,LootDrop3,
em_feb_warface_07,loot,0x100D0F6,3,1300,0x100D0F6,0,LootDrop3,
em_feb_warface_reward,reward,0x100D0F7,0,3950,0x100D0F8,0,LootDrop3,
h1_meleefeb5,reward,0x100D101,0,8300,0x100D102,1,LootDrop3,
h1_meleejun1,reward,0x100D103,0,4150,0x100D104,0,LootDrop5,
h1_meleejun2,loot,0x100D105,3,3600,0x100D105,0,LootDrop5,
h1_meleejun3,reward,0x100D107,0,4150,0x100D108,2,LootDrop5,
h1_meleejun4,loot,0x100D109,3,7200,0x100D109,2,LootDrop5,
h1_meleeaug1,reward,0x100D10B,0,4150,0x100D10C,0,LootDrop6,
h1_meleeaug2,reward,0x100D10D,0,4150,0x100D10E,0,LootDrop6,
h1_meleeaug3,loot,0x100D10F,3,3600,0x100D10F,0,LootDrop6,
h1_meleeaug4,reward,0x100D111,0,4150,0x100D112,0,LootDrop6,
ccamo_feb_chalk_01,loot,0x100D113,1,460,0x100D113,0,LootDrop3,
ccamo_feb_frag_01,loot,0x100D114,2,775,0x100D114,0,LootDrop3,
ccamo_feb_mastercraft_01,loot,0x100D115,3,2150,0x100D115,0,LootDrop3,
ccamo_feb_noobtuber_01,loot,0x100D116,1,460,0x100D116,0,LootDrop3,
ccamo_feb_reflex_01,loot,0x100D117,2,775,0x100D117,0,LootDrop3,
ccamo_feb_titanium_01,loot,0x100D118,0,275,0x100D118,0,LootDrop3,
ccamo_feb_ultraviolet_01,loot,0x100D119,3,2150,0x100D119,0,LootDrop3,
ccamo_feb_venom_01,loot,0x100D11A,1,460,0x100D11A,0,LootDrop3,
ccamo_feb_avalanche_01,loot,0x100D11B,3,2150,0x100D11B,0,LootDrop3,
cc_feb_revolution_01,loot,0x100D11C,0,165,0x100D11C,0,LootDrop3,
cc_feb_revolution_02,loot,0x100D11D,0,165,0x100D11D,0,LootDrop3,
cc_feb_revolution_03,loot,0x100D11E,1,275,0x100D11E,0,LootDrop3,
cc_feb_revolution_04,loot,0x100D11F,1,275,0x100D11F,0,LootDrop3,
cc_feb_revolution_05,loot,0x100D120,1,275,0x100D120,0,LootDrop3,
cc_feb_revolution_06,loot,0x100D121,2,775,0x100D121,0,LootDrop3,
cc_feb_revolution_07,loot,0x100D122,3,1300,0x100D122,0,LootDrop3,
cc_feb_revolution_reward,reward,0x100D123,0,3950,0x100D124,0,LootDrop3,
fk_ish,loot,0x100D125,3,4300,0x100D125,1,LootDrop3,
cc_feb_leprechaun_01,loot,0x100D127,2,1550,0x100D127,1,LootDrop3,
cc_feb_potogold_01,loot,0x100D128,0,330,0x100D128,1,LootDrop3,
cc_feb_potogold_02,loot,0x100D129,0,330,0x100D129,1,LootDrop3,
cc_feb_potogold_03,loot,0x100D12A,1,550,0x100D12A,1,LootDrop3,
cc_feb_potogold_04,loot,0x100D12B,1,550,0x100D12B,1,LootDrop3,
cc_feb_potogold_05,loot,0x100D12C,1,550,0x100D12C,1,LootDrop3,
cc_feb_potogold_06,loot,0x100D12D,2,1550,0x100D12D,1,LootDrop3,
cc_feb_potogold_07,loot,0x100D12E,3,2600,0x100D12E,1,LootDrop3,
cc_feb_potogold_reward,reward,0x100D12F,0,7900,0x100D130,1,LootDrop3,
ccamo_feb_leprechaun_01,loot,0x100D131,1,920,0x100D131,1,LootDrop3,
em_feb_leprechaun_01,loot,0x100D132,0,330,0x100D132,1,LootDrop3,
ret_feb_leprechaun_01,loot,0x100D133,1,330,0x100D133,1,LootDrop3,
wcamo_feb_leprechaun_01,loot,0x100D134,0,550,0x100D134,1,LootDrop3,
variety_mappack,loot,0x100D141,0,100,0x100D141,0,LootDrop3,
ret_apr_fang45_01,loot,0x100D142,0,100,0x100D142,0,LootDrop4,
ret_apr_bos14_01,loot,0x100D143,1,165,0x100D143,0,LootDrop4,
ret_apr_focal_01,loot,0x100D144,0,100,0x100D144,0,LootDrop4,
ret_apr_focal_02,loot,0x100D145,0,100,0x100D145,0,LootDrop4,
ret_apr_focal_03,loot,0x100D146,0,100,0x100D146,0,LootDrop4,
ret_apr_focal_04,loot,0x100D147,1,165,0x100D147,0,LootDrop4,
ret_apr_focal_05,loot,0x100D148,1,165,0x100D148,0,LootDrop4,
ret_apr_focal_06,loot,0x100D149,2,460,0x100D149,0,LootDrop4,
ret_apr_focal_07,loot,0x100D14A,3,1300,0x100D14A,0,LootDrop4,
ret_apr_focal_reward,reward,0x100D14B,0,3950,0x100D14C,0,LootDrop4,
ret_apr_facet_01,loot,0x100D14D,0,100,0x100D14D,0,LootDrop4,
ret_apr_facet_02,loot,0x100D14E,0,100,0x100D14E,0,LootDrop4,
ret_apr_facet_03,loot,0x100D14F,0,100,0x100D14F,0,LootDrop4,
ret_apr_facet_04,loot,0x100D150,1,165,0x100D150,0,LootDrop4,
ret_apr_facet_05,loot,0x100D151,1,165,0x100D151,0,LootDrop4,
ret_apr_facet_06,loot,0x100D152,2,460,0x100D152,0,LootDrop4,
ret_apr_facet_07,loot,0x100D153,3,1300,0x100D153,0,LootDrop4,
ret_apr_facet_reward,reward,0x100D154,0,3950,0x100D155,0,LootDrop4,
bun_feb_haspurchased,loot,0x100D156,0,100,0x100D156,0,LootDrop2,
ccamo_apr_urbanwarfare_01,loot,0x100D157,3,2150,0x100D157,0,LootDrop4,
ccamo_apr_fieldtested_01,loot,0x100D158,1,460,0x100D158,0,LootDrop4,
ccamo_apr_battletested_01,loot,0x100D159,2,775,0x100D159,0,LootDrop4,
ccamo_apr_bos14_01,loot,0x100D15A,3,2150,0x100D15A,0,LootDrop4,
ccamo_apr_fang45_01,loot,0x100D15B,1,460,0x100D15B,0,LootDrop4,
ccamo_apr_prokolot_01,loot,0x100D15C,2,775,0x100D15C,0,LootDrop4,
ccamo_apr_phalanx_01,loot,0x100D15D,3,2150,0x100D15D,0,LootDrop4,
fk_hnn,reward,0x100D15E,0,4025,0x100D15F,0,LootDrop4,
fk_phx,reward,0x100D160,0,4025,0x100D161,0,LootDrop4,
fk_urw,reward,0x100D162,0,4025,0x100D163,0,LootDrop4,
fk_ftd,reward,0x100D164,0,4025,0x100D165,0,LootDrop4,
fk_kgf,reward,0x100D166,0,4025,0x100D167,0,LootDrop4,
fk_ttf,reward,0x100D168,0,4025,0x100D169,0,LootDrop4,
fk_btt,reward,0x100D16A,0,4025,0x100D16B,0,LootDrop4,
fk_prm,loot,0x100D16C,3,2150,0x100D16C,0,LootDrop4,
ret_apr_fieldtested_01,loot,0x100D16D,1,165,0x100D16D,0,LootDrop4,
ret_apr_battletested_01,loot,0x100D16E,0,100,0x100D16E,0,LootDrop4,
wcamo_apr_fieldtested_01,loot,0x100D16F,2,775,0x100D16F,0,LootDrop4,
wcamo_apr_battletested_01,loot,0x100D170,3,2150,0x100D170,0,LootDrop4,
wcamo_apr_bos14_01,loot,0x100D171,2,775,0x100D171,0,LootDrop4,
wcamo_apr_fang45_01,loot,0x100D172,3,2150,0x100D172,0,LootDrop4,
wcamo_apr_prokolot_01,loot,0x100D173,1,460,0x100D173,0,LootDrop4,
wcamo_apr_geist_01,loot,0x100D174,0,275,0x100D174,0,LootDrop4,
wcamo_apr_geist_02,loot,0x100D175,0,275,0x100D175,0,LootDrop4,
wcamo_apr_geist_03,loot,0x100D176,1,460,0x100D176,0,LootDrop4,
wcamo_apr_geist_04,loot,0x100D177,1,460,0x100D177,0,LootDrop4,
wcamo_apr_geist_05,loot,0x100D178,1,460,0x100D178,0,LootDrop4,
wcamo_apr_geist_06,loot,0x100D179,2,775,0x100D179,0,LootDrop4,
wcamo_apr_geist_07,loot,0x100D17A,3,2150,0x100D17A,0,LootDrop4,
wcamo_apr_geist_reward,reward,0x100D17B,0,4025,0x100D17C,0,LootDrop4,
cc_apr_fieldtested_01,loot,0x100D17D,3,1300,0x100D17D,0,LootDrop4,
cc_apr_battletested_01,loot,0x100D17E,1,275,0x100D17E,0,LootDrop4,
cc_apr_bos14_01,loot,0x100D17F,0,165,0x100D17F,0,LootDrop4,
cc_apr_fang45_01,loot,0x100D180,1,275,0x100D180,0,LootDrop4,
cc_apr_prokolot_01,loot,0x100D181,0,165,0x100D181,0,LootDrop4,
em_apr_fieldtested_01,loot,0x100D182,0,165,0x100D182,0,LootDrop4,
em_apr_battletested_01,loot,0x100D183,0,165,0x100D183,0,LootDrop4,
em_apr_bos14_01,loot,0x100D184,0,165,0x100D184,0,LootDrop4,
em_apr_fang45_01,loot,0x100D185,0,165,0x100D185,0,LootDrop4,
em_apr_prokolot_01,loot,0x100D186,1,275,0x100D186,0,LootDrop4,
em_apr_allin_01,loot,0x100D187,0,165,0x100D187,0,LootDrop4,
em_apr_allin_02,loot,0x100D188,0,165,0x100D188,0,LootDrop4,
em_apr_allin_03,loot,0x100D189,1,275,0x100D189,0,LootDrop4,
em_apr_allin_04,loot,0x100D18A,1,275,0x100D18A,0,LootDrop4,
em_apr_allin_05,loot,0x100D18B,1,275,0x100D18B,0,LootDrop4,
em_apr_allin_06,loot,0x100D18C,2,775,0x100D18C,0,LootDrop4,
em_apr_allin_07,loot,0x100D18D,3,1300,0x100D18D,0,LootDrop4,
em_apr_allin_reward,reward,0x100D18E,0,3950,0x100D18F,0,LootDrop4,
em_apr_impact_01,loot,0x100D190,0,165,0x100D190,0,LootDrop4,
em_apr_impact_02,loot,0x100D191,0,165,0x100D191,0,LootDrop4,
em_apr_impact_03,loot,0x100D192,1,275,0x100D192,0,LootDrop4,
em_apr_impact_04,loot,0x100D193,1,275,0x100D193,0,LootDrop4,
em_apr_impact_05,loot,0x100D194,1,275,0x100D194,0,LootDrop4,
em_apr_impact_06,loot,0x100D195,2,775,0x100D195,0,LootDrop4,
em_apr_impact_07,loot,0x100D196,3,1300,0x100D196,0,LootDrop4,
em_apr_impact_reward,reward,0x100D197,0,3950,0x100D198,0,LootDrop4,
em_apr_spectral_01,loot,0x100D199,0,165,0x100D199,0,LootDrop4,
em_apr_spectral_02,loot,0x100D19A,0,165,0x100D19A,0,LootDrop4,
em_apr_spectral_03,loot,0x100D19B,1,275,0x100D19B,0,LootDrop4,
em_apr_spectral_04,loot,0x100D19C,1,275,0x100D19C,0,LootDrop4,
em_apr_spectral_05,loot,0x100D19D,1,275,0x100D19D,0,LootDrop4,
em_apr_spectral_06,loot,0x100D19E,2,775,0x100D19E,0,LootDrop4,
em_apr_spectral_07,loot,0x100D19F,3,1300,0x100D19F,0,LootDrop4,
em_apr_spectral_reward,reward,0x100D1A0,0,3950,0x100D1A1,0,LootDrop4,
h1_meleejun5,reward,0x100D1A4,0,4150,0x100D1A5,0,LootDrop5,
h1_augast,reward,0x100D1A6,0,4150,0x100D1A7,0,LootDrop6,
h1_augsmg,reward,0x100D1A8,0,4150,0x100D1A9,0,LootDrop6,
h1_junlmg,reward,0x100D1AA,0,4150,0x100D1AB,0,LootDrop5,
h1_junsho,reward,0x100D1AC,0,4150,0x100D1AD,0,LootDrop5,
h1_junsnp,reward,0x100D1AE,0,4150,0x100D1AF,0,LootDrop5,
h1_augpst,reward,0x100D1B0,0,4150,0x100D1B1,0,LootDrop6,
bun_apr_haspurchased,loot,0x100D1B5,0,100,0x100D1B5,0,LootDrop3,
bun_apr2_haspurchased,loot,0x100D1B7,0,100,0x100D1B7,0,LootDrop3,
ccamo_jun_summertime_01,loot,0x100D1C8,0,550,0x100D1C8,2,LootDrop5,
ccamo_jun_nauticus_01,loot,0x100D1C9,1,920,0x100D1C9,2,LootDrop5,
ccamo_jun_celebration_01,loot,0x100D1CA,3,4300,0x100D1CA,2,LootDrop5,
ccamo_jun_pyrotechnic_01,loot,0x100D1CB,0,550,0x100D1CB,2,LootDrop5,
ccamo_jun_stac330_01,loot,0x100D1CD,0,275,0x100D1CD,0,LootDrop5,
ccamo_jun_beredmk8_01,loot,0x100D1CE,2,775,0x100D1CE,0,LootDrop5,
ccamo_jun_wolfen_01,loot,0x100D1CF,1,460,0x100D1CF,0,LootDrop5,
ccamo_jun_warscarred_01,loot,0x100D1D0,2,775,0x100D1D0,0,LootDrop5,
ccamo_jun_slate_01,loot,0x100D1D1,1,460,0x100D1D1,0,LootDrop5,
ccamo_jun_grisly_01,loot,0x100D1D2,2,775,0x100D1D2,0,LootDrop5,
ccamo_jun_blackout_01,loot,0x100D1D3,3,2150,0x100D1D3,0,LootDrop5,
ccamo_jun_glacier_01,loot,0x100D1D4,3,2150,0x100D1D4,0,LootDrop5,
ccamo_jun_masterpiece_01,loot,0x100D1D5,1,460,0x100D1D5,0,LootDrop5,
ccamo_jun_don_01,loot,0x100D1D6,1,460,0x100D1D6,0,LootDrop5,
ccamo_jun_mudder_01,loot,0x100D1D7,1,460,0x100D1D7,0,LootDrop5,
ccamo_jun_liquidator_01,loot,0x100D1D8,1,460,0x100D1D8,0,LootDrop5,
ccamo_jun_neanderthal_01,loot,0x100D1D9,1,460,0x100D1D9,0,LootDrop5,
ccamo_jun_reaper_01,loot,0x100D1DA,2,775,0x100D1DA,0,LootDrop5,
ccamo_jun_relic_01,loot,0x100D1DB,0,275,0x100D1DB,0,LootDrop5,
ccamo_jun_tribal_01,loot,0x100D1DC,3,2150,0x100D1DC,0,LootDrop5,
ccamo_jun_bludgeon_01,loot,0x100D1DD,2,775,0x100D1DD,0,LootDrop5,
fk_tki,loot,0x100D1EE,3,4300,0x100D1EE,2,LootDrop5,
fk_wlf,reward,0x100D1EF,0,4025,0x100D1F0,0,LootDrop5,
fk_clb,reward,0x100D1F1,0,4025,0x100D1F2,2,LootDrop5,
fk_wsr,reward,0x100D1F3,0,4025,0x100D1F4,0,LootDrop5,
fk_slt,reward,0x100D1F5,0,4025,0x100D1F6,0,LootDrop5,
fk_gsy,reward,0x100D1F7,0,4025,0x100D1F8,0,LootDrop5,
fk_pyr,reward,0x100D1F9,0,4025,0x100D1FA,2,LootDrop5,
fk_bko,reward,0x100D1FB,0,4025,0x100D1FC,0,LootDrop5,
fk_gla,reward,0x100D1FD,0,4025,0x100D1FE,0,LootDrop5,
fk_msp,reward,0x100D1FF,0,4025,0x100D200,0,LootDrop5,
fk_don,reward,0x100D201,0,4025,0x100D202,0,LootDrop5,
fk_mud,reward,0x100D203,0,4025,0x100D204,0,LootDrop5,
fk_liq,reward,0x100D205,0,4025,0x100D206,0,LootDrop5,
fk_ndl,reward,0x100D207,0,4025,0x100D208,0,LootDrop5,
fk_rpr,reward,0x100D209,0,4025,0x100D20A,0,LootDrop5,
fk_rlc,reward,0x100D20B,0,4025,0x100D20C,0,LootDrop5,
ret_jun_summertime_01,loot,0x100D20D,0,200,0x100D20D,2,LootDrop5,
ret_jun_nauticus_01,loot,0x100D20E,1,330,0x100D20E,2,LootDrop5,
ret_jun_celebration_01,loot,0x100D20F,0,200,0x100D20F,2,LootDrop5,
ret_jun_pyrotechnic_01,loot,0x100D210,0,200,0x100D210,2,LootDrop5,
ret_jun_stac330_01,loot,0x100D212,0,100,0x100D212,0,LootDrop5,
ret_jun_beredmk8_01,loot,0x100D213,1,165,0x100D213,0,LootDrop5,
ret_jun_wolfen_01,loot,0x100D214,1,165,0x100D214,0,LootDrop5,
ret_jun_warscarred_01,loot,0x100D215,1,165,0x100D215,0,LootDrop5,
ret_jun_slate_01,loot,0x100D216,1,165,0x100D216,0,LootDrop5,
ret_jun_grisly_01,loot,0x100D217,0,100,0x100D217,0,LootDrop5,
ret_jun_blackout_01,loot,0x100D218,2,460,0x100D218,0,LootDrop5,
ret_jun_glacier_01,loot,0x100D219,2,460,0x100D219,0,LootDrop5,
ret_jun_masterpiece_01,loot,0x100D21A,1,165,0x100D21A,0,LootDrop5,
ret_jun_don_01,loot,0x100D21B,0,100,0x100D21B,0,LootDrop5,
ret_jun_mudder_01,loot,0x100D21C,1,165,0x100D21C,0,LootDrop5,
ret_jun_liquidator_01,loot,0x100D21D,0,100,0x100D21D,0,LootDrop5,
ret_jun_neanderthal_01,loot,0x100D21E,2,460,0x100D21E,0,LootDrop5,
ret_jun_reaper_01,loot,0x100D21F,0,100,0x100D21F,0,LootDrop5,
ret_jun_tribal_01,loot,0x100D220,0,100,0x100D220,0,LootDrop5,
ret_jun_bludgeon_01,loot,0x100D221,0,100,0x100D221,0,LootDrop5,
ret_jun_subdivision_01,loot,0x100D222,0,100,0x100D222,0,LootDrop5,
ret_jun_subdivision_02,loot,0x100D223,0,100,0x100D223,0,LootDrop5,
ret_jun_subdivision_03,loot,0x100D224,1,165,0x100D224,0,LootDrop5,
ret_jun_subdivision_04,loot,0x100D225,1,165,0x100D225,0,LootDrop5,
ret_jun_subdivision_05,loot,0x100D226,1,165,0x100D226,0,LootDrop5,
ret_jun_subdivision_06,loot,0x100D227,2,460,0x100D227,0,LootDrop5,
ret_jun_subdivision_07,loot,0x100D228,3,1300,0x100D228,0,LootDrop5,
ret_jun_subdivision_reward,reward,0x100D229,0,3950,0x100D22A,0,LootDrop5,
ret_jun_monarch_01,loot,0x100D22B,0,100,0x100D22B,0,LootDrop5,
ret_jun_monarch_02,loot,0x100D22C,0,100,0x100D22C,0,LootDrop5,
ret_jun_monarch_03,loot,0x100D22D,0,100,0x100D22D,0,LootDrop5,
ret_jun_monarch_04,loot,0x100D22E,1,165,0x100D22E,0,LootDrop5,
ret_jun_monarch_05,loot,0x100D22F,1,165,0x100D22F,0,LootDrop5,
ret_jun_monarch_06,loot,0x100D230,2,460,0x100D230,0,LootDrop5,
ret_jun_monarch_07,loot,0x100D231,3,1300,0x100D231,0,LootDrop5,
ret_jun_monarch_reward,reward,0x100D232,0,3950,0x100D233,0,LootDrop5,
ret_jun_interrupt_01,loot,0x100D234,0,100,0x100D234,0,LootDrop5,
ret_jun_interrupt_02,loot,0x100D235,0,100,0x100D235,0,LootDrop5,
ret_jun_interrupt_03,loot,0x100D236,0,100,0x100D236,0,LootDrop5,
ret_jun_interrupt_04,loot,0x100D237,1,165,0x100D237,0,LootDrop5,
ret_jun_interrupt_05,loot,0x100D238,1,165,0x100D238,0,LootDrop5,
ret_jun_interrupt_06,loot,0x100D239,2,460,0x100D239,0,LootDrop5,
ret_jun_interrupt_07,loot,0x100D23A,3,1300,0x100D23A,0,LootDrop5,
ret_jun_interrupt_reward,reward,0x100D23B,0,3950,0x100D23C,0,LootDrop5,
ret_jun_phantasm_01,loot,0x100D23D,0,100,0x100D23D,0,LootDrop5,
ret_jun_phantasm_02,loot,0x100D23E,0,100,0x100D23E,0,LootDrop5,
ret_jun_phantasm_03,loot,0x100D23F,0,100,0x100D23F,0,LootDrop5,
ret_jun_phantasm_04,loot,0x100D240,1,165,0x100D240,0,LootDrop5,
ret_jun_phantasm_05,loot,0x100D241,1,165,0x100D241,0,LootDrop5,
ret_jun_phantasm_06,loot,0x100D242,2,460,0x100D242,0,LootDrop5,
ret_jun_phantasm_07,loot,0x100D243,3,1300,0x100D243,0,LootDrop5,
ret_jun_phantasm_reward,reward,0x100D244,0,3950,0x100D245,0,LootDrop5,
wcamo_jun_summertime_01,loot,0x100D248,2,1550,0x100D248,2,LootDrop5,
wcamo_jun_nauticus_01,loot,0x100D249,0,550,0x100D249,2,LootDrop5,
wcamo_jun_celebration_01,loot,0x100D24A,1,920,0x100D24A,2,LootDrop5,
wcamo_jun_pyrotechnic_01,loot,0x100D24B,3,4300,0x100D24B,2,LootDrop5,
wcamo_jun_stac330_01,loot,0x100D24D,1,460,0x100D24D,0,LootDrop5,
wcamo_jun_beredmk8_01,loot,0x100D24E,3,2150,0x100D24E,0,LootDrop5,
wcamo_jun_wolfen_01,loot,0x100D24F,0,275,0x100D24F,0,LootDrop5,
wcamo_jun_warscarred_01,loot,0x100D250,0,275,0x100D250,0,LootDrop5,
wcamo_jun_slate_01,loot,0x100D251,2,775,0x100D251,0,LootDrop5,
wcamo_jun_grisly_01,loot,0x100D252,1,460,0x100D252,0,LootDrop5,
wcamo_jun_blackout_01,loot,0x100D253,0,275,0x100D253,0,LootDrop5,
wcamo_jun_glacier_01,loot,0x100D254,0,275,0x100D254,0,LootDrop5,
wcamo_jun_masterpiece_01,loot,0x100D255,2,775,0x100D255,0,LootDrop5,
wcamo_jun_don_01,loot,0x100D256,2,775,0x100D256,0,LootDrop5,
wcamo_jun_mudder_01,loot,0x100D257,3,2150,0x100D257,0,LootDrop5,
wcamo_jun_liquidator_01,loot,0x100D258,3,2150,0x100D258,0,LootDrop5,
wcamo_jun_neanderthal_01,loot,0x100D259,1,460,0x100D259,0,LootDrop5,
wcamo_jun_reaper_01,loot,0x100D25A,3,2150,0x100D25A,0,LootDrop5,
wcamo_jun_relic_01,loot,0x100D25B,1,460,0x100D25B,0,LootDrop5,
wcamo_jun_tribal_01,loot,0x100D25C,2,775,0x100D25C,0,LootDrop5,
wcamo_jun_bludgeon_01,loot,0x100D25D,0,275,0x100D25D,0,LootDrop5,
wcamo_jun_foliage_01,loot,0x100D25E,0,275,0x100D25E,0,LootDrop5,
wcamo_jun_foliage_02,loot,0x100D25F,0,275,0x100D25F,0,LootDrop5,
wcamo_jun_foliage_03,loot,0x100D260,0,275,0x100D260,0,LootDrop5,
wcamo_jun_foliage_04,loot,0x100D261,1,460,0x100D261,0,LootDrop5,
wcamo_jun_foliage_05,loot,0x100D262,1,460,0x100D262,0,LootDrop5,
wcamo_jun_foliage_06,loot,0x100D263,2,775,0x100D263,0,LootDrop5,
wcamo_jun_foliage_07,loot,0x100D264,3,2150,0x100D264,0,LootDrop5,
wcamo_jun_foliage_reward,reward,0x100D265,0,4025,0x100D266,0,LootDrop5,
wcamo_jun_flow_01,loot,0x100D267,0,275,0x100D267,0,LootDrop5,
wcamo_jun_flow_02,loot,0x100D268,0,275,0x100D268,0,LootDrop5,
wcamo_jun_flow_03,loot,0x100D269,0,275,0x100D269,0,LootDrop5,
wcamo_jun_flow_04,loot,0x100D26A,1,460,0x100D26A,0,LootDrop5,
wcamo_jun_flow_05,loot,0x100D26B,1,460,0x100D26B,0,LootDrop5,
wcamo_jun_flow_06,loot,0x100D26C,2,775,0x100D26C,0,LootDrop5,
wcamo_jun_flow_07,loot,0x100D26D,3,2150,0x100D26D,0,LootDrop5,
wcamo_jun_flow_reward,reward,0x100D26E,0,4025,0x100D26F,0,LootDrop5,
wcamo_jun_pixel_01,loot,0x100D270,0,275,0x100D270,0,LootDrop5,
wcamo_jun_pixel_02,loot,0x100D271,0,275,0x100D271,0,LootDrop5,
wcamo_jun_pixel_03,loot,0x100D272,0,275,0x100D272,0,LootDrop5,
wcamo_jun_pixel_04,loot,0x100D273,1,460,0x100D273,0,LootDrop5,
wcamo_jun_pixel_05,loot,0x100D274,1,460,0x100D274,0,LootDrop5,
wcamo_jun_pixel_06,loot,0x100D275,2,775,0x100D275,0,LootDrop5,
wcamo_jun_pixel_07,loot,0x100D276,3,2150,0x100D276,0,LootDrop5,
wcamo_jun_pixel_reward,reward,0x100D277,0,4025,0x100D278,0,LootDrop5,
wcamo_jun_texture_01,loot,0x100D279,0,275,0x100D279,0,LootDrop5,
wcamo_jun_texture_02,loot,0x100D27A,0,275,0x100D27A,0,LootDrop5,
wcamo_jun_texture_03,loot,0x100D27B,0,275,0x100D27B,0,LootDrop5,
wcamo_jun_texture_04,loot,0x100D27C,1,460,0x100D27C,0,LootDrop5,
wcamo_jun_texture_05,loot,0x100D27D,1,460,0x100D27D,0,LootDrop5,
wcamo_jun_texture_06,loot,0x100D27E,2,775,0x100D27E,0,LootDrop5,
wcamo_jun_texture_07,loot,0x100D27F,3,2150,0x100D27F,0,LootDrop5,
wcamo_jun_texture_reward,reward,0x100D280,0,4025,0x100D281,0,LootDrop5,
wcamo_jun_iris_01,loot,0x100D282,0,275,0x100D282,0,LootDrop5,
wcamo_jun_iris_02,loot,0x100D283,0,275,0x100D283,0,LootDrop5,
wcamo_jun_iris_03,loot,0x100D284,1,460,0x100D284,0,LootDrop5,
wcamo_jun_iris_04,loot,0x100D285,1,460,0x100D285,0,LootDrop5,
wcamo_jun_iris_05,loot,0x100D286,1,460,0x100D286,0,LootDrop5,
wcamo_jun_iris_06,loot,0x100D287,2,775,0x100D287,0,LootDrop5,
wcamo_jun_iris_07,loot,0x100D288,3,2150,0x100D288,0,LootDrop5,
wcamo_jun_iris_reward,reward,0x100D289,0,4025,0x100D28A,0,LootDrop5,
wcamo_jun_burnt_01,loot,0x100D28B,0,275,0x100D28B,0,LootDrop5,
wcamo_jun_burnt_02,loot,0x100D28C,0,275,0x100D28C,0,LootDrop5,
wcamo_jun_burnt_03,loot,0x100D28D,1,460,0x100D28D,0,LootDrop5,
wcamo_jun_burnt_04,loot,0x100D28E,1,460,0x100D28E,0,LootDrop5,
wcamo_jun_burnt_05,loot,0x100D28F,2,775,0x100D28F,0,LootDrop5,
wcamo_jun_burnt_06,loot,0x100D290,3,2150,0x100D290,0,LootDrop5,
wcamo_jun_burnt_07,loot,0x100D291,3,2150,0x100D291,0,LootDrop5,
wcamo_jun_burnt_reward,reward,0x100D292,0,4025,0x100D293,0,LootDrop5,
cc_jun_summertime_01,loot,0x100D297,1,550,0x100D297,2,LootDrop5,
cc_jun_nauticus_01,loot,0x100D298,2,1550,0x100D298,2,LootDrop5,
cc_jun_celebration_01,loot,0x100D299,1,550,0x100D299,2,LootDrop5,
cc_jun_pyrotechnic_01,loot,0x100D29A,2,1550,0x100D29A,2,LootDrop5,
cc_jun_stac330_01,loot,0x100D29B,2,775,0x100D29B,0,LootDrop5,
cc_jun_beredmk8_01,loot,0x100D29C,0,165,0x100D29C,0,LootDrop5,
cc_jun_wolfen_01,loot,0x100D29D,3,1300,0x100D29D,0,LootDrop5,
cc_jun_warscarred_01,loot,0x100D29E,1,275,0x100D29E,0,LootDrop5,
cc_jun_slate_01,loot,0x100D29F,3,1300,0x100D29F,0,LootDrop5,
cc_jun_grisly_01,loot,0x100D2A0,0,165,0x100D2A0,0,LootDrop5,
cc_jun_blackout_01,loot,0x100D2A1,1,275,0x100D2A1,0,LootDrop5,
cc_jun_glacier_01,loot,0x100D2A2,0,165,0x100D2A2,0,LootDrop5,
cc_jun_masterpiece_01,loot,0x100D2A3,3,1300,0x100D2A3,0,LootDrop5,
cc_jun_don_01,loot,0x100D2A4,0,165,0x100D2A4,0,LootDrop5,
cc_jun_mudder_01,loot,0x100D2A5,2,775,0x100D2A5,0,LootDrop5,
cc_jun_liquidator_01,loot,0x100D2A6,1,275,0x100D2A6,0,LootDrop5,
cc_jun_neanderthal_01,loot,0x100D2A7,0,165,0x100D2A7,0,LootDrop5,
cc_jun_reaper_01,loot,0x100D2A8,0,165,0x100D2A8,0,LootDrop5,
cc_jun_relic_01,loot,0x100D2A9,0,165,0x100D2A9,0,LootDrop5,
cc_jun_tribal_01,loot,0x100D2AA,0,165,0x100D2AA,0,LootDrop5,
cc_jun_bludgeon_01,loot,0x100D2AB,3,1300,0x100D2AB,0,LootDrop5,
cc_jun_vacation_01,loot,0x100D2AC,0,330,0x100D2AC,2,LootDrop5,
cc_jun_vacation_02,loot,0x100D2AD,0,330,0x100D2AD,2,LootDrop5,
cc_jun_vacation_03,loot,0x100D2AE,1,550,0x100D2AE,2,LootDrop5,
cc_jun_vacation_04,loot,0x100D2AF,1,550,0x100D2AF,2,LootDrop5,
cc_jun_vacation_05,loot,0x100D2B0,1,550,0x100D2B0,2,LootDrop5,
cc_jun_vacation_06,loot,0x100D2B1,2,1550,0x100D2B1,2,LootDrop5,
cc_jun_vacation_07,loot,0x100D2B2,3,2600,0x100D2B2,2,LootDrop5,
cc_jun_vacation_reward,reward,0x100D2B3,0,3950,0x100D2B4,2,LootDrop5,
cc_jun_primordial_01,loot,0x100D2B5,0,165,0x100D2B5,0,LootDrop5,
cc_jun_primordial_02,loot,0x100D2B6,0,165,0x100D2B6,0,LootDrop5,
cc_jun_primordial_03,loot,0x100D2B7,1,275,0x100D2B7,0,LootDrop5,
cc_jun_primordial_04,loot,0x100D2B8,1,275,0x100D2B8,0,LootDrop5,
cc_jun_primordial_05,loot,0x100D2B9,1,275,0x100D2B9,0,LootDrop5,
cc_jun_primordial_06,loot,0x100D2BA,2,775,0x100D2BA,0,LootDrop5,
cc_jun_primordial_07,loot,0x100D2BB,3,1300,0x100D2BB,0,LootDrop5,
cc_jun_primordial_reward,reward,0x100D2BC,0,3950,0x100D2BD,0,LootDrop5,
cc_jun_redbeard_01,loot,0x100D2BE,0,165,0x100D2BE,0,LootDrop5,
cc_jun_redbeard_02,loot,0x100D2BF,0,165,0x100D2BF,0,LootDrop5,
cc_jun_redbeard_03,loot,0x100D2C0,1,275,0x100D2C0,0,LootDrop5,
cc_jun_redbeard_04,loot,0x100D2C1,1,275,0x100D2C1,0,LootDrop5,
cc_jun_redbeard_05,loot,0x100D2C2,1,275,0x100D2C2,0,LootDrop5,
cc_jun_redbeard_06,loot,0x100D2C3,2,775,0x100D2C3,0,LootDrop5,
cc_jun_redbeard_07,loot,0x100D2C4,3,1300,0x100D2C4,0,LootDrop5,
cc_jun_redbeard_reward,reward,0x100D2C5,0,3950,0x100D2C6,0,LootDrop5,
cc_jun_tempest_01,loot,0x100D2C7,0,165,0x100D2C7,0,LootDrop5,
cc_jun_tempest_02,loot,0x100D2C8,0,165,0x100D2C8,0,LootDrop5,
cc_jun_tempest_03,loot,0x100D2C9,1,275,0x100D2C9,0,LootDrop5,
cc_jun_tempest_04,loot,0x100D2CA,1,275,0x100D2CA,0,LootDrop5,
cc_jun_tempest_05,loot,0x100D2CB,1,275,0x100D2CB,0,LootDrop5,
cc_jun_tempest_06,loot,0x100D2CC,2,775,0x100D2CC,0,LootDrop5,
cc_jun_tempest_07,loot,0x100D2CD,3,1300,0x100D2CD,0,LootDrop5,
cc_jun_tempest_reward,reward,0x100D2CE,0,3950,0x100D2CF,0,LootDrop5,
cc_jun_cuttingedge_01,loot,0x100D2D0,0,165,0x100D2D0,0,LootDrop5,
cc_jun_cuttingedge_02,loot,0x100D2D1,0,165,0x100D2D1,0,LootDrop5,
cc_jun_cuttingedge_03,loot,0x100D2D2,1,275,0x100D2D2,0,LootDrop5,
cc_jun_cuttingedge_04,loot,0x100D2D3,1,275,0x100D2D3,0,LootDrop5,
cc_jun_cuttingedge_05,loot,0x100D2D4,1,275,0x100D2D4,0,LootDrop5,
cc_jun_cuttingedge_06,loot,0x100D2D5,2,775,0x100D2D5,0,LootDrop5,
cc_jun_cuttingedge_07,loot,0x100D2D6,3,1300,0x100D2D6,0,LootDrop5,
cc_jun_cuttingedge_reward,reward,0x100D2D7,0,3950,0x100D2D8,0,LootDrop5,
cc_jun_graffiti_01,loot,0x100D2D9,0,165,0x100D2D9,0,LootDrop5,
cc_jun_graffiti_02,loot,0x100D2DA,0,165,0x100D2DA,0,LootDrop5,
cc_jun_graffiti_03,loot,0x100D2DB,1,275,0x100D2DB,0,LootDrop5,
cc_jun_graffiti_04,loot,0x100D2DC,1,275,0x100D2DC,0,LootDrop5,
cc_jun_graffiti_05,loot,0x100D2DD,1,275,0x100D2DD,0,LootDrop5,
cc_jun_graffiti_06,loot,0x100D2DE,2,775,0x100D2DE,0,LootDrop5,
cc_jun_graffiti_07,loot,0x100D2DF,3,1300,0x100D2DF,0,LootDrop5,
cc_jun_graffiti_reward,reward,0x100D2E0,0,3950,0x100D2E1,0,LootDrop5,
em_jun_summertime_01,loot,0x100D2E2,1,550,0x100D2E2,2,LootDrop5,
em_jun_nauticus_01,loot,0x100D2E3,0,330,0x100D2E3,2,LootDrop5,
em_jun_celebration_01,loot,0x100D2E4,0,330,0x100D2E4,2,LootDrop5,
em_jun_pyrotechnic_01,loot,0x100D2E5,1,550,0x100D2E5,2,LootDrop5,
em_jun_stac330_01,loot,0x100D2E6,1,275,0x100D2E6,0,LootDrop5,
em_jun_beredmk8_01,loot,0x100D2E7,0,165,0x100D2E7,0,LootDrop5,
em_jun_wolfen_01,loot,0x100D2E8,0,165,0x100D2E8,0,LootDrop5,
em_jun_warscarred_01,loot,0x100D2E9,0,165,0x100D2E9,0,LootDrop5,
em_jun_slate_01,loot,0x100D2EA,0,165,0x100D2EA,0,LootDrop5,
em_jun_grisly_01,loot,0x100D2EB,1,275,0x100D2EB,0,LootDrop5,
em_jun_blackout_01,loot,0x100D2EC,0,165,0x100D2EC,0,LootDrop5,
em_jun_glacier_01,loot,0x100D2ED,1,275,0x100D2ED,0,LootDrop5,
em_jun_masterpiece_01,loot,0x100D2EE,0,165,0x100D2EE,0,LootDrop5,
em_jun_don_01,loot,0x100D2EF,0,165,0x100D2EF,0,LootDrop5,
em_jun_mudder_01,loot,0x100D2F0,0,165,0x100D2F0,0,LootDrop5,
em_jun_liquidator_01,loot,0x100D2F1,0,165,0x100D2F1,0,LootDrop5,
em_jun_neanderthal_01,loot,0x100D2F2,0,165,0x100D2F2,0,LootDrop5,
em_jun_reaper_01,loot,0x100D2F3,0,165,0x100D2F3,0,LootDrop5,
em_jun_relic_01,loot,0x100D2F4,1,275,0x100D2F4,0,LootDrop5,
em_jun_tribal_01,loot,0x100D2F5,1,275,0x100D2F5,0,LootDrop5,
em_jun_bludgeon_01,loot,0x100D2F6,1,275,0x100D2F6,0,LootDrop5,
em_jun_heatwave_01,loot,0x100D2F7,0,330,0x100D2F7,2,LootDrop5,
em_jun_heatwave_02,loot,0x100D2F8,0,330,0x100D2F8,2,LootDrop5,
em_jun_heatwave_03,loot,0x100D2F9,1,550,0x100D2F9,2,LootDrop5,
em_jun_heatwave_04,loot,0x100D2FA,1,550,0x100D2FA,2,LootDrop5,
em_jun_heatwave_05,loot,0x100D2FB,1,550,0x100D2FB,2,LootDrop5,
em_jun_heatwave_06,loot,0x100D2FC,2,1550,0x100D2FC,2,LootDrop5,
em_jun_heatwave_07,loot,0x100D2FD,3,2600,0x100D2FD,2,LootDrop5,
em_jun_heatwave_reward,reward,0x100D2FE,0,3950,0x100D2FF,2,LootDrop5,
em_jun_airborne_01,loot,0x100D300,0,165,0x100D300,0,LootDrop5,
em_jun_airborne_02,loot,0x100D301,0,165,0x100D301,0,LootDrop5,
em_jun_airborne_03,loot,0x100D302,1,275,0x100D302,0,LootDrop5,
em_jun_airborne_04,loot,0x100D303,1,275,0x100D303,0,LootDrop5,
em_jun_airborne_05,loot,0x100D304,1,275,0x100D304,0,LootDrop5,
em_jun_airborne_06,loot,0x100D305,2,775,0x100D305,0,LootDrop5,
em_jun_airborne_07,loot,0x100D306,3,1300,0x100D306,0,LootDrop5,
em_jun_airborne_reward,reward,0x100D307,0,3950,0x100D308,0,LootDrop5,
em_jun_jester_01,loot,0x100D309,0,165,0x100D309,0,LootDrop5,
em_jun_jester_02,loot,0x100D30A,0,165,0x100D30A,0,LootDrop5,
em_jun_jester_03,loot,0x100D30B,1,275,0x100D30B,0,LootDrop5,
em_jun_jester_04,loot,0x100D30C,1,275,0x100D30C,0,LootDrop5,
em_jun_jester_05,loot,0x100D30D,1,275,0x100D30D,0,LootDrop5,
em_jun_jester_06,loot,0x100D30E,2,775,0x100D30E,0,LootDrop5,
em_jun_jester_07,loot,0x100D30F,3,1300,0x100D30F,0,LootDrop5,
em_jun_jester_reward,reward,0x100D310,0,3950,0x100D311,0,LootDrop5,
em_jun_decorated_01,loot,0x100D312,0,165,0x100D312,0,LootDrop5,
em_jun_decorated_02,loot,0x100D313,0,165,0x100D313,0,LootDrop5,
em_jun_decorated_03,loot,0x100D314,1,275,0x100D314,0,LootDrop5,
em_jun_decorated_04,loot,0x100D315,1,275,0x100D315,0,LootDrop5,
em_jun_decorated_05,loot,0x100D316,1,275,0x100D316,0,LootDrop5,
em_jun_decorated_06,loot,0x100D317,2,775,0x100D317,0,LootDrop5,
em_jun_decorated_07,loot,0x100D318,3,1300,0x100D318,0,LootDrop5,
em_jun_decorated_reward,reward,0x100D319,0,3950,0x100D31A,0,LootDrop5,
em_jun_oohrah_01,loot,0x100D31B,0,165,0x100D31B,0,LootDrop5,
em_jun_oohrah_02,loot,0x100D31C,0,165,0x100D31C,0,LootDrop5,
em_jun_oohrah_03,loot,0x100D31D,1,275,0x100D31D,0,LootDrop5,
em_jun_oohrah_04,loot,0x100D31E,1,275,0x100D31E,0,LootDrop5,
em_jun_oohrah_05,loot,0x100D31F,1,275,0x100D31F,0,LootDrop5,
em_jun_oohrah_06,loot,0x100D320,2,775,0x100D320,0,LootDrop5,
em_jun_oohrah_07,loot,0x100D321,3,1300,0x100D321,0,LootDrop5,
em_jun_oohrah_reward,reward,0x100D322,0,3950,0x100D323,0,LootDrop5,
em_jun_splash_01,loot,0x100D324,0,165,0x100D324,0,LootDrop5,
em_jun_splash_02,loot,0x100D325,0,165,0x100D325,0,LootDrop5,
em_jun_splash_03,loot,0x100D326,1,275,0x100D326,0,LootDrop5,
em_jun_splash_04,loot,0x100D327,1,275,0x100D327,0,LootDrop5,
em_jun_splash_05,loot,0x100D328,1,275,0x100D328,0,LootDrop5,
em_jun_splash_06,loot,0x100D329,2,775,0x100D329,0,LootDrop5,
em_jun_splash_07,loot,0x100D32A,3,1300,0x100D32A,0,LootDrop5,
em_jun_splash_reward,reward,0x100D32B,0,3950,0x100D32C,0,LootDrop5,
em_jun_boom_01,loot,0x100D32D,0,165,0x100D32D,0,LootDrop5,
em_jun_boom_02,loot,0x100D32E,0,165,0x100D32E,0,LootDrop5,
em_jun_boom_03,loot,0x100D32F,1,275,0x100D32F,0,LootDrop5,
em_jun_boom_04,loot,0x100D330,1,275,0x100D330,0,LootDrop5,
em_jun_boom_05,loot,0x100D331,1,275,0x100D331,0,LootDrop5,
em_jun_boom_06,loot,0x100D332,2,775,0x100D332,0,LootDrop5,
em_jun_boom_07,loot,0x100D333,3,1300,0x100D333,0,LootDrop5,
em_jun_boom_reward,reward,0x100D334,0,3950,0x100D335,0,LootDrop5,
wcamo_jun_ranger_01,loot,0x100D344,0,275,0x100D344,0,LootDrop5,
wcamo_jun_ranger_02,loot,0x100D345,1,460,0x100D345,0,LootDrop5,
ccamo_jun_ranger_01,loot,0x100D346,0,275,0x100D346,0,LootDrop5,
cc_jun_ranger_01,loot,0x100D347,2,775,0x100D347,0,LootDrop5,
em_jun_ranger_01,loot,0x100D348,1,275,0x100D348,0,LootDrop5,
h1_meleejun6,loot,0x100D349,3,3600,0x100D349,0,LootDrop5,
wcamo_aug_lynxcq300_01,loot,0x100D354,2,775,0x100D354,0,LootDrop6,
wcamo_aug_pkpsd9_01,loot,0x100D355,3,2150,0x100D355,0,LootDrop6,
wcamo_aug_br9_01,loot,0x100D356,1,460,0x100D356,0,LootDrop6,
wcamo_aug_centermass_01,loot,0x100D357,0,275,0x100D357,0,LootDrop6,
wcamo_aug_elder_01,loot,0x100D358,0,275,0x100D358,0,LootDrop6,
wcamo_aug_obsidian_01,loot,0x100D359,2,775,0x100D359,0,LootDrop6,
wcamo_aug_ghillie_01,loot,0x100D35A,2,775,0x100D35A,0,LootDrop6,
wcamo_aug_urbanoperator_01,loot,0x100D35B,2,775,0x100D35B,0,LootDrop6,
wcamo_aug_firedrake_01,loot,0x100D35C,0,275,0x100D35C,0,LootDrop6,
wcamo_aug_specops_01,loot,0x100D35D,3,2150,0x100D35D,0,LootDrop6,
wcamo_aug_enforce_01,loot,0x100D35E,3,2150,0x100D35E,0,LootDrop6,
wcamo_aug_barber_01,loot,0x100D35F,0,275,0x100D35F,0,LootDrop6,
wcamo_aug_dangerclose_01,loot,0x100D360,3,2150,0x100D360,0,LootDrop6,
wcamo_aug_cosmos_01,loot,0x100D361,0,275,0x100D361,0,LootDrop6,
wcamo_aug_cosmos_02,loot,0x100D362,0,275,0x100D362,0,LootDrop6,
wcamo_aug_cosmos_03,loot,0x100D363,1,460,0x100D363,0,LootDrop6,
wcamo_aug_cosmos_04,loot,0x100D364,1,460,0x100D364,0,LootDrop6,
wcamo_aug_cosmos_05,loot,0x100D365,1,460,0x100D365,0,LootDrop6,
wcamo_aug_cosmos_06,loot,0x100D366,2,775,0x100D366,0,LootDrop6,
wcamo_aug_cosmos_07,loot,0x100D367,3,2150,0x100D367,0,LootDrop6,
wcamo_aug_cosmos_reward,reward,0x100D368,0,4025,0x100D369,0,LootDrop6,
wcamo_aug_sweettooth_01,loot,0x100D36A,0,275,0x100D36A,0,LootDrop6,
wcamo_aug_sweettooth_02,loot,0x100D36B,0,275,0x100D36B,0,LootDrop6,
wcamo_aug_sweettooth_03,loot,0x100D36C,1,460,0x100D36C,0,LootDrop6,
wcamo_aug_sweettooth_04,loot,0x100D36D,1,460,0x100D36D,0,LootDrop6,
wcamo_aug_sweettooth_05,loot,0x100D36E,1,460,0x100D36E,0,LootDrop6,
wcamo_aug_sweettooth_06,loot,0x100D36F,2,775,0x100D36F,0,LootDrop6,
wcamo_aug_sweettooth_07,loot,0x100D370,3,2150,0x100D370,0,LootDrop6,
wcamo_aug_sweettooth_reward,reward,0x100D371,0,4025,0x100D372,0,LootDrop6,
wcamo_aug_tomahawk_01,loot,0x100D373,0,275,0x100D373,0,LootDrop6,
wcamo_aug_tomahawk_02,loot,0x100D374,0,275,0x100D374,0,LootDrop6,
wcamo_aug_tomahawk_03,loot,0x100D375,1,460,0x100D375,0,LootDrop6,
wcamo_aug_tomahawk_04,loot,0x100D376,1,460,0x100D376,0,LootDrop6,
wcamo_aug_tomahawk_05,loot,0x100D377,1,460,0x100D377,0,LootDrop6,
wcamo_aug_tomahawk_06,loot,0x100D378,2,775,0x100D378,0,LootDrop6,
wcamo_aug_tomahawk_07,loot,0x100D379,3,2150,0x100D379,0,LootDrop6,
wcamo_aug_tomahawk_reward,reward,0x100D37A,0,4025,0x100D37B,0,LootDrop6,
wcamo_aug_super_01,loot,0x100D37C,0,275,0x100D37C,0,LootDrop6,
wcamo_aug_super_02,loot,0x100D37D,0,275,0x100D37D,0,LootDrop6,
wcamo_aug_super_03,loot,0x100D37E,1,460,0x100D37E,0,LootDrop6,
wcamo_aug_super_04,loot,0x100D37F,1,460,0x100D37F,0,LootDrop6,
wcamo_aug_super_05,loot,0x100D380,1,460,0x100D380,0,LootDrop6,
wcamo_aug_super_06,loot,0x100D381,2,775,0x100D381,0,LootDrop6,
wcamo_aug_super_07,loot,0x100D382,3,2150,0x100D382,0,LootDrop6,
wcamo_aug_super_reward,reward,0x100D383,0,4025,0x100D384,0,LootDrop6,
ccamo_aug_lynxcq300_01,loot,0x100D385,3,2150,0x100D385,0,LootDrop6,
ccamo_aug_pkpsd9,loot,0x100D386,1,460,0x100D386,0,LootDrop6,
ccamo_aug_br9_01,loot,0x100D387,2,775,0x100D387,0,LootDrop6,
ccamo_aug_centermass_01,loot,0x100D388,1,460,0x100D388,0,LootDrop6,
ccamo_aug_elder_01,loot,0x100D389,3,2150,0x100D389,0,LootDrop6,
ccamo_aug_obsidian_01,loot,0x100D38A,3,2150,0x100D38A,0,LootDrop6,
ccamo_aug_ghillie_01,loot,0x100D38B,1,460,0x100D38B,0,LootDrop6,
ccamo_aug_urbanoperator_01,loot,0x100D38C,1,460,0x100D38C,0,LootDrop6,
ccamo_aug_firedrake_01,loot,0x100D38D,1,460,0x100D38D,0,LootDrop6,
ccamo_aug_specops_01,loot,0x100D38E,2,775,0x100D38E,0,LootDrop6,
ccamo_aug_enforce_01,loot,0x100D38F,1,460,0x100D38F,0,LootDrop6,
ccamo_aug_barber_01,loot,0x100D390,2,775,0x100D390,0,LootDrop6,
ccamo_aug_dangerclose_01,loot,0x100D391,0,275,0x100D391,0,LootDrop6,
fk_spo,reward,0x100D392,0,4025,0x100D393,0,LootDrop6,
fk_ctm,reward,0x100D394,0,4025,0x100D395,0,LootDrop6,
fk_edr,reward,0x100D396,0,4025,0x100D397,0,LootDrop6,
fk_osd,reward,0x100D398,0,4025,0x100D399,0,LootDrop6,
fk_gle,reward,0x100D39A,0,4025,0x100D39B,0,LootDrop6,
fk_uop,reward,0x100D39C,0,4025,0x100D39D,0,LootDrop6,
fk_frd,reward,0x100D39E,0,4025,0x100D39F,0,LootDrop6,
fk_frt,loot,0x100D3A0,3,2150,0x100D3A0,0,LootDrop6,
ret_aug_lynxcq300_01,loot,0x100D3A1,1,165,0x100D3A1,0,LootDrop6,
ret_aug_pkpsd9_01,loot,0x100D3A2,0,100,0x100D3A2,0,LootDrop6,
ret_aug_centermass_01,loot,0x100D3A3,1,165,0x100D3A3,0,LootDrop6,
ret_aug_elder_01,loot,0x100D3A4,0,100,0x100D3A4,0,LootDrop6,
ret_aug_obsidian_01,loot,0x100D3A5,1,165,0x100D3A5,0,LootDrop6,
ret_aug_ghillie_01,loot,0x100D3A6,1,165,0x100D3A6,0,LootDrop6,
ret_aug_urbanoperator_01,loot,0x100D3A7,0,100,0x100D3A7,0,LootDrop6,
ret_aug_firedrake_01,loot,0x100D3A8,2,460,0x100D3A8,0,LootDrop6,
ret_aug_specops_01,loot,0x100D3A9,0,100,0x100D3A9,0,LootDrop6,
ret_aug_enforce_01,loot,0x100D3AA,1,165,0x100D3AA,0,LootDrop6,
ret_aug_barber_01,loot,0x100D3AB,0,100,0x100D3AB,0,LootDrop6,
ret_aug_dangerclose_01,loot,0x100D3AC,1,165,0x100D3AC,0,LootDrop6,
ret_aug_monarch2_01,loot,0x100D3AD,0,100,0x100D3AD,0,LootDrop6,
ret_aug_monarch2_02,loot,0x100D3AE,0,100,0x100D3AE,0,LootDrop6,
ret_aug_monarch2_03,loot,0x100D3AF,0,100,0x100D3AF,0,LootDrop6,
ret_aug_monarch2_04,loot,0x100D3B0,1,165,0x100D3B0,0,LootDrop6,
ret_aug_monarch2_05,loot,0x100D3B1,1,165,0x100D3B1,0,LootDrop6,
ret_aug_monarch2_06,loot,0x100D3B2,2,460,0x100D3B2,0,LootDrop6,
ret_aug_monarch2_07,loot,0x100D3B3,3,1300,0x100D3B3,0,LootDrop6,
ret_aug_monarch2_reward,reward,0x100D3B4,0,3950,0x100D3B5,0,LootDrop6,
ret_aug_wildcard_01,loot,0x100D3B6,0,100,0x100D3B6,0,LootDrop6,
ret_aug_wildcard_02,loot,0x100D3B7,0,100,0x100D3B7,0,LootDrop6,
ret_aug_wildcard_03,loot,0x100D3B8,0,100,0x100D3B8,0,LootDrop6,
ret_aug_wildcard_04,loot,0x100D3B9,1,165,0x100D3B9,0,LootDrop6,
ret_aug_wildcard_05,loot,0x100D3BA,1,165,0x100D3BA,0,LootDrop6,
ret_aug_wildcard_06,loot,0x100D3BB,2,460,0x100D3BB,0,LootDrop6,
ret_aug_wildcard_07,loot,0x100D3BC,3,1300,0x100D3BC,0,LootDrop6,
ret_aug_wildcard_reward,reward,0x100D3BD,0,3950,0x100D3BE,0,LootDrop6,
cc_aug_lynxcq300_01,loot,0x100D3BF,0,165,0x100D3BF,0,LootDrop6,
cc_aug_pkpsd9_01,loot,0x100D3C0,1,275,0x100D3C0,0,LootDrop6,
cc_aug_br9_01,loot,0x100D3C1,0,165,0x100D3C1,0,LootDrop6,
cc_aug_centermass_01,loot,0x100D3C2,3,1300,0x100D3C2,0,LootDrop6,
cc_aug_elder_01,loot,0x100D3C3,2,775,0x100D3C3,0,LootDrop6,
cc_aug_obsidian_01,loot,0x100D3C4,0,165,0x100D3C4,0,LootDrop6,
cc_aug_ghillie_01,loot,0x100D3C5,3,1300,0x100D3C5,0,LootDrop6,
cc_aug_urbanoperator_01,loot,0x100D3C6,0,165,0x100D3C6,0,LootDrop6,
cc_aug_firedrake_01,loot,0x100D3C7,0,165,0x100D3C7,0,LootDrop6,
cc_aug_specops_01,loot,0x100D3C8,1,275,0x100D3C8,0,LootDrop6,
cc_aug_enforce_01,loot,0x100D3C9,0,165,0x100D3C9,0,LootDrop6,
cc_aug_barber_01,loot,0x100D3CA,0,165,0x100D3CA,0,LootDrop6,
cc_aug_dangerclose_01,loot,0x100D3CB,2,775,0x100D3CB,0,LootDrop6,
cc_aug_pharaoh_01,loot,0x100D3CC,0,165,0x100D3CC,0,LootDrop6,
cc_aug_pharaoh_02,loot,0x100D3CD,0,165,0x100D3CD,0,LootDrop6,
cc_aug_pharaoh_03,loot,0x100D3CE,1,275,0x100D3CE,0,LootDrop6,
cc_aug_pharaoh_04,loot,0x100D3CF,1,275,0x100D3CF,0,LootDrop6,
cc_aug_pharaoh_05,loot,0x100D3D0,1,275,0x100D3D0,0,LootDrop6,
cc_aug_pharaoh_06,loot,0x100D3D1,2,775,0x100D3D1,0,LootDrop6,
cc_aug_pharaoh_07,loot,0x100D3D2,3,1300,0x100D3D2,0,LootDrop6,
cc_aug_pharaoh_reward,reward,0x100D3D3,0,3950,0x100D3D4,0,LootDrop6,
cc_aug_nitro_01,loot,0x100D3D5,0,165,0x100D3D5,0,LootDrop6,
cc_aug_nitro_02,loot,0x100D3D6,0,165,0x100D3D6,0,LootDrop6,
cc_aug_nitro_03,loot,0x100D3D7,1,275,0x100D3D7,0,LootDrop6,
cc_aug_nitro_04,loot,0x100D3D8,1,275,0x100D3D8,0,LootDrop6,
cc_aug_nitro_05,loot,0x100D3D9,1,275,0x100D3D9,0,LootDrop6,
cc_aug_nitro_06,loot,0x100D3DA,2,775,0x100D3DA,0,LootDrop6,
cc_aug_nitro_07,loot,0x100D3DB,3,1300,0x100D3DB,0,LootDrop6,
cc_aug_nitro_reward,reward,0x100D3DC,0,3950,0x100D3DD,0,LootDrop6,
cc_aug_extraterrestrial_01,loot,0x100D3DE,0,165,0x100D3DE,0,LootDrop6,
cc_aug_extraterrestrial_02,loot,0x100D3DF,0,165,0x100D3DF,0,LootDrop6,
cc_aug_extraterrestrial_03,loot,0x100D3E0,1,275,0x100D3E0,0,LootDrop6,
cc_aug_extraterrestrial_04,loot,0x100D3E1,1,275,0x100D3E1,0,LootDrop6,
cc_aug_extraterrestrial_05,loot,0x100D3E2,1,275,0x100D3E2,0,LootDrop6,
cc_aug_extraterrestrial_06,loot,0x100D3E3,2,775,0x100D3E3,0,LootDrop6,
cc_aug_extraterrestrial_07,loot,0x100D3E4,3,1300,0x100D3E4,0,LootDrop6,
cc_aug_extraterrestrial_reward,reward,0x100D3E5,0,3950,0x100D3E6,0,LootDrop6,
em_aug_lynxcq300_01,loot,0x100D3E7,0,165,0x100D3E7,0,LootDrop6,
em_aug_pkpsd9_01,loot,0x100D3E8,0,165,0x100D3E8,0,LootDrop6,
em_aug_br9_01,loot,0x100D3E9,1,275,0x100D3E9,0,LootDrop6,
em_aug_centermass_01,loot,0x100D3EA,0,165,0x100D3EA,0,LootDrop6,
em_aug_elder_01,loot,0x100D3EB,1,275,0x100D3EB,0,LootDrop6,
em_aug_ghillie_01,loot,0x100D3EC,0,165,0x100D3EC,0,LootDrop6,
em_aug_urbanoperator_01,loot,0x100D3ED,1,275,0x100D3ED,0,LootDrop6,
em_aug_specops_01,loot,0x100D3EE,0,165,0x100D3EE,0,LootDrop6,
em_aug_enforce_01,loot,0x100D3EF,2,775,0x100D3EF,0,LootDrop6,
em_aug_barber_01,loot,0x100D3F0,1,275,0x100D3F0,0,LootDrop6,
em_aug_dangerclose_01,loot,0x100D3F1,1,275,0x100D3F1,0,LootDrop6,
em_aug_nightstalker_01,loot,0x100D3F2,0,165,0x100D3F2,0,LootDrop6,
em_aug_nightstalker_02,loot,0x100D3F3,0,165,0x100D3F3,0,LootDrop6,
em_aug_nightstalker_03,loot,0x100D3F4,1,275,0x100D3F4,0,LootDrop6,
em_aug_nightstalker_04,loot,0x100D3F5,1,275,0x100D3F5,0,LootDrop6,
em_aug_nightstalker_05,loot,0x100D3F6,1,275,0x100D3F6,0,LootDrop6,
em_aug_nightstalker_06,loot,0x100D3F7,2,775,0x100D3F7,0,LootDrop6,
em_aug_nightstalker_07,loot,0x100D3F8,3,1300,0x100D3F8,0,LootDrop6,
em_aug_nightstalker_reward,reward,0x100D3F9,0,3950,0x100D3FA,0,LootDrop6,
em_aug_mojo_01,loot,0x100D3FB,0,165,0x100D3FB,0,LootDrop6,
em_aug_mojo_02,loot,0x100D3FC,0,165,0x100D3FC,0,LootDrop6,
em_aug_mojo_03,loot,0x100D3FD,1,275,0x100D3FD,0,LootDrop6,
em_aug_mojo_04,loot,0x100D3FE,1,275,0x100D3FE,0,LootDrop6,
em_aug_mojo_05,loot,0x100D3FF,1,275,0x100D3FF,0,LootDrop6,
em_aug_mojo_06,loot,0x100D400,2,775,0x100D400,0,LootDrop6,
em_aug_mojo_07,loot,0x100D401,3,1300,0x100D401,0,LootDrop6,
em_aug_mojo_reward,reward,0x100D402,0,3950,0x100D403,0,LootDrop6,
em_aug_weaponsfree_01,loot,0x100D404,0,165,0x100D404,0,LootDrop6,
em_aug_weaponsfree_02,loot,0x100D405,0,165,0x100D405,0,LootDrop6,
em_aug_weaponsfree_03,loot,0x100D406,1,275,0x100D406,0,LootDrop6,
em_aug_weaponsfree_04,loot,0x100D407,1,275,0x100D407,0,LootDrop6,
em_aug_weaponsfree_05,loot,0x100D408,1,275,0x100D408,0,LootDrop6,
em_aug_weaponsfree_06,loot,0x100D409,2,775,0x100D409,0,LootDrop6,
em_aug_weaponsfree_07,loot,0x100D40A,3,1300,0x100D40A,0,LootDrop6,
em_aug_weaponsfree_reward,reward,0x100D40B,0,3950,0x100D40C,0,LootDrop6,
em_aug_obsidian_01,loot,0x100D40D,0,165,0x100D40D,0,LootDrop6,
em_aug_firedrake_01,loot,0x100D40E,1,275,0x100D40E,0,LootDrop6,
head_a_habhab,loot,0x1002A21,0,460,0x1002A21,0,LootDrop1,
head_a_turnage,loot,0x1002E0E,2,1300,0x1002E0E,0,LootDrop1,
head_b_barth,loot,0x10035DA,3,2150,0x10035DA,0,LootDrop1,
head_c_joyce,loot,0x10031F3,2,1300,0x10031F3,0,LootDrop1,
head_m_tabassomi,loot,0x10035D9,3,2150,0x10035D9,0,LootDrop1,
head_o_manoukina,loot,0x1002A22,0,460,0x1002A22,0,LootDrop1,
head_p_albrechtsen,loot,0x10031F1,2,1300,0x10031F1,0,LootDrop1,
head_p_starcher,loot,0x10031F2,2,1300,0x10031F2,0,LootDrop1,
head_s_arnold,loot,0x1002E0C,1,775,0x1002E0C,0,LootDrop1,
head_t_stevens,loot,0x1002E0A,1,775,0x1002E0A,0,LootDrop1,
head_v_gamboa,loot,0x1002E09,1,775,0x1002E09,0,LootDrop1,
head_y_alfakey,loot,0x1002E0D,1,775,0x1002E0D,0,LootDrop1,
head_c_balthazar,loot,0x1002A23,0,460,0x1002A23,0,LootDrop1,
head_t_younger,loot,0x1002E0B,1,775,0x1002E0B,0,LootDrop1,
head_fo_highway,reward,0x100C680,0,4025,0x100D02A,0,LootDrop1,
head_sf_cowboy,reward,0x100C681,0,4025,0x100D02B,0,LootDrop1,
head_y_blagodir,loot,0x6300012,3,2150,0x6300012,0,LootDrop3,
head_a_zhukov,loot,0x6300013,2,1300,0x6300013,0,LootDrop2,
head_j_nonamegiven,loot,0x6300014,1,775,0x6300014,0,LootDrop2,
head_c_bui,loot,0x6300015,0,460,0x6300015,0,LootDrop2,
head_k_alai,loot,0x6300016,1,775,0x6300016,0,LootDrop2,
head_d_kya,loot,0x6300017,0,460,0x6300017,0,LootDrop2,
head_b_nabipour,loot,0x6300018,2,1300,0x6300018,0,LootDrop2,
head_r_thompson,loot,0x6300019,1,775,0x6300019,0,LootDrop3,
head_htm_cambo,loot,0x630001A,3,2150,0x630001A,0,LootDrop2,
head_lwm_fiveo,loot,0x630001B,2,1300,0x630001B,0,LootDrop2,
head_htm_butcher,loot,0x630001C,2,1300,0x630001C,0,LootDrop2,
head_c_sawa,loot,0x630001F,1,775,0x630001F,0,LootDrop3,
head_g_orlovszki,loot,0x6300020,3,2150,0x6300020,0,LootDrop3,
head_c_mekertichyai,loot,0x6300021,0,460,0x6300021,0,LootDrop3,
head_h_thurmond,loot,0x6300022,3,2150,0x6300022,0,LootDrop3,
head_d_lykes,loot,0x6300023,1,775,0x6300023,0,LootDrop3,
head_j_krotty,loot,0x6300024,1,775,0x6300024,0,LootDrop3,
head_k_alai_v2,loot,0x6300025,2,1300,0x6300025,0,LootDrop3,
head_p_albrechtsen_v2,loot,0x6300026,2,1300,0x6300026,0,LootDrop3,
head_m_tabassomi_v3,loot,0x6300027,3,2150,0x6300027,0,LootDrop3,
head_r_alexander,loot,0x6300028,1,775,0x6300028,0,LootDrop3,
head_j_dizon,loot,0x6300029,2,1300,0x6300029,0,LootDrop3,
head_k_schmidt,loot,0x630002A,3,2150,0x630002A,0,LootDrop3,
head_a_ramos,loot,0x630002B,0,460,0x630002B,0,LootDrop3,
head_a_turnage_v2,loot,0x630002C,2,1300,0x630002C,0,LootDrop3,
head_k_mcdonald,loot,0x630002D,0,460,0x630002D,0,LootDrop3,
head_p_kindschi,loot,0x630002E,1,775,0x630002E,0,LootDrop3,
head_h_ahmadzai,loot,0x630002F,1,775,0x630002F,0,LootDrop3,
head_m_bruce,loot,0x6300030,0,460,0x6300030,0,LootDrop3,
head_shamrock_graves,reward,0x6300031,0,0,0x100D13F,1,LootDrop3,
head_mcbamf,reward,0x6300032,0,8050,0x100D140,1,LootDrop3,
head_a_ramos_v2,loot,0x6300033,0,460,0x6300033,0,LootDrop4,
head_b_kruithof,loot,0x6300034,1,775,0x6300034,0,LootDrop4,
head_c_taylor,loot,0x6300035,0,460,0x6300035,0,LootDrop4,
head_d_costahaude,loot,0x6300036,1,775,0x6300036,0,LootDrop4,
head_d_green,loot,0x6300037,3,2150,0x6300037,0,LootDrop4,
head_d_lore,loot,0x6300038,1,775,0x6300038,0,LootDrop4,
head_e_sells,loot,0x6300039,1,775,0x6300039,0,LootDrop4,
head_g_bramble,loot,0x630003A,1,775,0x630003A,0,LootDrop4,
head_h_valladares,loot,0x630003B,0,460,0x630003B,0,LootDrop4,
head_j_jimenez,loot,0x630003C,3,2150,0x630003C,0,LootDrop4,
head_j_krotty_v2,loot,0x630003D,2,1300,0x630003D,0,LootDrop4,
head_j_rodriguez,loot,0x630003E,0,460,0x630003E,0,LootDrop4,
head_p_kindschi_v2,loot,0x630003F,2,1300,0x630003F,0,LootDrop4,
head_lionstrike_graves,reward,0x6300040,0,0,0x100D1B6,0,LootDrop4,
head_s_connell,loot,0x6300041,2,1300,0x6300041,0,LootDrop5,
head_j_badstibner,loot,0x6300042,3,2150,0x6300042,0,LootDrop5,
head_k_lai,loot,0x6300043,1,775,0x6300043,0,LootDrop5,
head_k_smith,loot,0x6300044,2,1300,0x6300044,0,LootDrop5,
head_d_simmons,reward,0x6300045,0,4025,0x100D336,2,LootDrop5,
head_o_manoukina_v2,loot,0x6300046,3,2150,0x6300046,0,LootDrop5,
head_j_banks,loot,0x6300047,1,775,0x6300047,0,LootDrop5,
head_s_swaynos,loot,0x6300048,1,775,0x6300048,0,LootDrop5,
head_d_williams,loot,0x6300049,0,460,0x6300049,0,LootDrop5,
head_r_rozmiarek,loot,0x630004A,3,2150,0x630004A,0,LootDrop5,
head_g_orlovszki_v3,loot,0x630004B,3,2150,0x630004B,0,LootDrop5,
head_k_schmidt_v2,loot,0x630004C,1,775,0x630004C,0,LootDrop5,
head_j_chew,loot,0x630004D,1,1550,0x630004D,2,LootDrop5,
head_graves_v2,reward,0x630004E,0,0,0x100D337,2,LootDrop5,
head_h_alexander,loot,0x630004F,1,775,0x630004F,0,LootDrop5,
head_a_dunn,loot,0x6300050,1,775,0x6300050,0,LootDrop5,
head_l_mccarthy,loot,0x6300051,0,460,0x6300051,0,LootDrop5,
head_y_senat,loot,0x6300052,3,2150,0x6300052,0,LootDrop5,
head_k_quiceno,loot,0x6300053,2,2600,0x6300053,2,LootDrop5,
head_n_kumari,loot,0x6300054,0,460,0x6300054,0,LootDrop5,
head_p_starcher_v2,loot,0x6300055,2,1300,0x6300055,0,LootDrop5,
head_t_laster,loot,0x6300056,1,775,0x6300056,0,LootDrop6,
head_e_mahon,loot,0x6300057,0,460,0x6300057,0,LootDrop6,
head_y_alfakey_v2,loot,0x6300058,2,1300,0x6300058,0,LootDrop6,
head_t_younger_v2,loot,0x6300059,2,1300,0x6300059,0,LootDrop6,
head_v_orlandi,loot,0x630005A,1,775,0x630005A,0,LootDrop6,
head_c_barkley_romero,loot,0x630005B,1,775,0x630005B,0,LootDrop6,
head_j_allen,loot,0x630005C,0,460,0x630005C,0,LootDrop6,
head_g_bramble_v2,loot,0x630005D,3,2150,0x630005D,0,LootDrop6,
head_j_jimenez_v2,loot,0x630005E,3,2150,0x630005E,0,LootDrop6,
head_m_malloy,loot,0x630005F,1,775,0x630005F,0,LootDrop6,
head_d_cueto,loot,0x6300060,0,460,0x6300060,0,LootDrop6,
head_g_utnehmer,loot,0x6300061,1,775,0x6300061,0,LootDrop6,
head_a_shapiro,loot,0x6300062,0,460,0x6300062,0,LootDrop6,
head_c_price,reward,0x6300063,0,0,0x100D417,0,LootDrop6,
