0,none,LUA_MENU_DEFAULT,PERKS_NO_CUSTOM_RETICLE,weapon_missing_image,,,,,,,,,,,,,,,
1,ret002,LUA_MENU_DEFAULT,,weapon_missing_image,,,,,,,,,,,,,,,
2,ret003,LUA_MENU_DEFAULT,,weapon_missing_image,,,,,,,,,,,,,,,
3,ret004,LUA_MENU_DEFAULT,,weapon_missing_image,,,,,,,,,,,,,,,
4,ret005,LUA_MENU_DEFAULT,,weapon_missing_image,,,,,,,,,,,,,,,
5,ret006,LUA_MENU_DEFAULT,,weapon_missing_image,,,,,,,,,,,,,,,
6,ret007,LOOT_DEC_RET_10,LUA_MENU_RETICLE_CAPS,h1_ret007,mtl_ret_h1_007_reflex,,,,,0x100B6CA,,,,,,,,mtl_ret_h1_007_reflex,
7,ret008,LOOT_DEC_RET_29,LUA_MENU_RETICLE_CAPS,h1_ret056,mtl_ret_h1_056_reflex,,,,,,,0x100BAB3,,,,,,mtl_ret_h1_056_reflex,
8,ret009,LOOT_DEC_RET_37,LUA_MENU_RETICLE_CAPS,h1_ret009,mtl_ret_h1_009_reflex,,,,,,,,0x100BE94,,0,0,1,mtl_ret_h1_009_sniper,
9,ret010,LOOT_DEC_RET_02,LUA_MENU_RETICLE_CAPS,h1_ret010,mtl_ret_h1_010_reflex,,,,0x100B6C2,,,,,,,,,mtl_ret_h1_010_reflex,
10,ret011,LOOT_DEC_RET_43,LUA_MENU_RETICLE_CAPS,h1_ret008,mtl_ret_h1_008_reflex,,,,0x100C27C,,,,,,0.5,0.3,0,mtl_ret_h1_008_reflex,
11,ret012,LOOT_DEC_RET_36,LUA_MENU_RETICLE_CAPS,h1_ret012,mtl_ret_h1_012_reflex,,,,0x100BE93,,,,,,0.3,0.07,0,mtl_ret_h1_012_reflex,
12,ret013,LOOT_DEC_RET_40,LUA_MENU_RETICLE_CAPS,h1_ret013,mtl_ret_h1_013_reflex,,,,,0x100C279,,,,,0,1,0,mtl_ret_h1_013_reflex,
13,ret014,LOOT_DEC_RET_18,LUA_MENU_RETICLE_CAPS,h1_ret014,mtl_ret_h1_014_reflex,,,,,,0x100B6D2,,,,,,,mtl_ret_h1_014_reflex,
14,ret015,LUA_MENU_DEFAULT,LUA_MENU_RETICLE_CAPS,weapon_missing_image,,,,,,,,,,,,,,,
15,ret016,LOOT_DEC_RET_39,LUA_MENU_RETICLE_CAPS,h1_ret016,mtl_ret_h1_016_reflex,,,,,,0x100BE96,,,,0.75,0.15,0,mtl_ret_h1_016_reflex,
16,ret017,LOOT_DEC_RET_16,LUA_MENU_RETICLE_CAPS,h1_ret017,mtl_ret_h1_017_reflex,,,,,0x100B6D0,,,,,,,,mtl_ret_h1_017_reflex,
17,ret018,LOOT_DEC_RET_05,LUA_MENU_RETICLE_CAPS,h1_ret018,mtl_ret_h1_018_reflex,,,,,0x100B6C5,,,,,,,,mtl_ret_h1_018_reflex,
18,ret019,LOOT_DEC_RET_REWARD_05,LUA_MENU_RETICLE_CAPS,h1_ret019,mtl_ret_h1_019_reflex,,,,0x100C6DA,,,,,,,,,mtl_ret_h1_019_reflex,
19,ret020,LUA_MENU_DEFAULT,LUA_MENU_RETICLE_CAPS,weapon_missing_image,,,,,,,,,,,,,,,
20,ret021,LOOT_DEC_RET_REWARD_03,LUA_MENU_RETICLE_CAPS,h1_ret021,mtl_ret_h1_021_reflex,,,,,0x100C6D5,,,,,,,,mtl_ret_h1_021_reflex,
21,ret022,LUA_MENU_DEFAULT,LUA_MENU_RETICLE_CAPS,weapon_missing_image,,,,,,,,,,,,,,,
22,ret023,LUA_MENU_DEFAULT,LUA_MENU_RETICLE_CAPS,weapon_missing_image,,,,,,,,,,,,,,,
23,ret024,LOOT_DEC_RET_REWARD_04,LUA_MENU_RETICLE_CAPS,h1_ret024,mtl_ret_h1_024_reflex,,,,,,0x100C6D9,,,,,,,mtl_ret_h1_024_reflex,
24,ret025,LOOT_DEC_RET_06,LUA_MENU_RETICLE_CAPS,h1_ret025,mtl_ret_h1_025_reflex,,,,,,,,0x100B6C6,,,,,mtl_ret_h1_025_sniper,
25,ret026,LOOT_DEC_RET_11,LUA_MENU_RETICLE_CAPS,h1_ret026,mtl_ret_h1_026_reflex,,,,,,0x100B6CB,,,,,,,mtl_ret_h1_026_reflex,
26,ret027,LOOT_DEC_RET_33,LUA_MENU_RETICLE_CAPS,h1_ret027,mtl_ret_h1_027_reflex,,,,0x100BAB7,,,,,,,,,mtl_ret_h1_027_reflex,
27,ret028,LOOT_DEC_RET_31,LUA_MENU_RETICLE_CAPS,h1_ret028,mtl_ret_h1_028_reflex,,,,0x100BAB5,,,,,,,,,mtl_ret_h1_028_reflex,
28,ret029,LUA_MENU_DEFAULT,LUA_MENU_RETICLE_CAPS,weapon_missing_image,,,,,,,,,,,,,,,
29,ret030,LOOT_DEC_RET_44,LUA_MENU_RETICLE_CAPS,h1_ret030,mtl_ret_h1_030_reflex,,,,,,0x100C27D,,,,0.1,0.015,0,mtl_ret_h1_030_reflex,
30,ret031,LOOT_DEC_RET_28,LUA_MENU_RETICLE_CAPS,h1_ret031,mtl_ret_h1_031_reflex,,,,,,0x100BAB2,,,,,,,mtl_ret_h1_031_reflex,
31,ret032,LOOT_DEC_RET_04,LUA_MENU_RETICLE_CAPS,h1_ret032,mtl_ret_h1_032_reflex,,,,0x100B6C4,,,,,,,,,mtl_ret_h1_032_reflex,
32,ret033,LOOT_DEC_RET_25,LUA_MENU_RETICLE_CAPS,h1_ret023,mtl_ret_h1_023_reflex,,,,,,0x100BAAF,,,,,,,mtl_ret_h1_023_reflex,
33,ret034,LOOT_DEC_RET_07,LUA_MENU_RETICLE_CAPS,h1_ret034,mtl_ret_h1_034_reflex,,,,0x100B6C7,,,,,,,,,mtl_ret_h1_034_reflex,
34,ret035,LOOT_DEC_RET_13,LUA_MENU_RETICLE_CAPS,h1_ret035,mtl_ret_h1_035_reflex,,,,0x100B6CD,,,,,,,,,mtl_ret_h1_035_reflex,
35,ret036,LOOT_DEC_RET_26,LUA_MENU_RETICLE_CAPS,h1_ret036,mtl_ret_h1_036_reflex,,,,,,,0x100BAB0,,,,,,mtl_ret_h1_036_reflex,
36,ret037,LOOT_DEC_RET_20,LUA_MENU_RETICLE_CAPS,h1_ret037,mtl_ret_h1_037_reflex,,,,,,0x100BAAA,,,,,,,mtl_ret_h1_037_reflex,
37,ret038,LOOT_DEC_RET_01,LUA_MENU_RETICLE_CAPS,h1_ret038,mtl_ret_h1_038_reflex,,,,,,,,0x100B6C1,,,,,mtl_ret_h1_038_sniper,
38,ret039,LUA_MENU_DEFAULT,LUA_MENU_RETICLE_CAPS,weapon_missing_image,,,,,,,,,,,,,,,
39,ret040,LUA_MENU_DEFAULT,LUA_MENU_RETICLE_CAPS,weapon_missing_image,,,,,,,,,,,,,,,
40,ret041,LOOT_DEC_RET_35,LUA_MENU_RETICLE_CAPS,h1_ret041,mtl_ret_h1_041_reflex,,,,,0x100BE92,,,,,0.25,0.11,0,mtl_ret_h1_041_reflex,
41,ret042,LOOT_DEC_RET_08,LUA_MENU_RETICLE_CAPS,h1_ret022,mtl_ret_h1_022_reflex,,,,,,,0x100B6C8,,,,,,mtl_ret_h1_022_reflex,
42,ret043,LOOT_DEC_RET_22,LUA_MENU_RETICLE_CAPS,h1_ret043,mtl_ret_h1_043_reflex,,,,0x100BAAC,,,,,,,,,mtl_ret_h1_043_reflex,
43,ret044,LOOT_DEC_RET_38,LUA_MENU_RETICLE_CAPS,h1_ret044,mtl_ret_h1_044_reflex,,,,,,,0x100BE95,,,0,0,0.5,mtl_ret_h1_044_reflex,
44,ret045,LOOT_DEC_RET_REWARD_02,LUA_MENU_RETICLE_CAPS,h1_ret045,mtl_ret_h1_045_reflex,,,,,,,,0x100C6D4,,,,,mtl_ret_h1_045_sniper,
45,ret046,LOOT_DEC_RET_42,LUA_MENU_RETICLE_CAPS,h1_ret046,mtl_ret_h1_046_reflex,,,,,,,0x100C27B,,,0.3,0.1,0,mtl_ret_h1_046_reflex,
46,ret047,LOOT_DEC_RET_27,LUA_MENU_RETICLE_CAPS,h1_ret047,mtl_ret_h1_047_reflex,,,,,,,0x100BAB1,,,,,,mtl_ret_h1_047_reflex,
47,ret048,LOOT_DEC_RET_30,LUA_MENU_RETICLE_CAPS,h1_ret048,mtl_ret_h1_048_reflex,,,,,,,,0x100BAB4,,,,,mtl_ret_h1_048_sniper,
48,ret049,LOOT_DEC_RET_19,LUA_MENU_RETICLE_CAPS,h1_ret049,mtl_ret_h1_049_reflex,,,,,,,0x100BAA9,,,,,,mtl_ret_h1_049_reflex,
49,ret050,LOOT_DEC_RET_15,LUA_MENU_RETICLE_CAPS,h1_ret050,mtl_ret_h1_050_reflex,,,,0x100B6CF,,,,,,,,,mtl_ret_h1_050_reflex,
50,ret051,LOOT_DEC_RET_23,LUA_MENU_RETICLE_CAPS,h1_ret051,mtl_ret_h1_051_reflex,,,,,,0x100BAAD,,,,,,,mtl_ret_h1_051_reflex,
51,ret052,LOOT_DEC_RET_41,LUA_MENU_RETICLE_CAPS,h1_ret052,mtl_ret_h1_052_reflex,,,,,,,,0x100C27A,,0,0.5,0,mtl_ret_h1_052_sniper,
52,ret053,LOOT_DEC_RET_09,LUA_MENU_RETICLE_CAPS,h1_ret053,mtl_ret_h1_053_reflex,,,,,,,,0x100B6C9,,,,,mtl_ret_h1_053_sniper,
53,ret054,LOOT_DEC_RET_24,LUA_MENU_RETICLE_CAPS,h1_ret054,mtl_ret_h1_054_reflex,,,,,,,0x100BAAE,,,,,,mtl_ret_h1_054_reflex,
54,ret055,LOOT_DEC_RET_32,LUA_MENU_RETICLE_CAPS,h1_ret055,mtl_ret_h1_055_reflex,,,,,,,,0x100BAB6,,,,,mtl_ret_h1_055_sniper,
55,ret056,LOOT_DEC_RET_12,LUA_MENU_RETICLE_CAPS,h1_ret011,mtl_ret_h1_011_reflex,,,,,,,0x100B6CC,,,,,,mtl_ret_h1_011_reflex,
56,ret057,LOOT_DEC_RET_21,LUA_MENU_RETICLE_CAPS,h1_ret057,mtl_ret_h1_057_reflex,,,,,,,,0x100BAAB,,,,,mtl_ret_h1_057_sniper,
57,ret058,LOOT_DEC_RET_03,LUA_MENU_RETICLE_CAPS,h1_ret058,mtl_ret_h1_058_reflex,,,,,0x100B6C3,,,,,,,,mtl_ret_h1_058_reflex,
58,ret059,LOOT_DEC_RET_14,LUA_MENU_RETICLE_CAPS,h1_ret059,mtl_ret_h1_059_reflex,,,,,0x100B6CE,,,,,,,,mtl_ret_h1_059_reflex,
59,ret060,LOOT_DEC_RET_34,LUA_MENU_RETICLE_CAPS,h1_ret060,mtl_ret_h1_060_reflex,,,,,,0x100BE91,,,,0.125,0,0.028,mtl_ret_h1_060_reflex,
60,ret061,LOOT_DEC_RET_17,LUA_MENU_RETICLE_CAPS,h1_ret061,mtl_ret_h1_061_reflex,,,,,0x100B6D1,,,,,,,,mtl_ret_h1_061_reflex,
61,ret062,LOOT_DEC_RET_REWARD_01,LUA_MENU_RETICLE_CAPS,h1_ret062,mtl_ret_h1_062_reflex,,,,,,,0x100C6D3,,,,,,mtl_ret_h1_062_reflex,
62,ret063,LOOT_JAN_RET_32,LUA_MENU_RETICLE_CAPS,h1_ret063,mtl_ret_h1_063_reflex,,,,,0x100B6DB,,,,,,,,mtl_ret_h1_063_reflex,
63,ret064,LOOT_JAN_RET_20,LUA_MENU_RETICLE_CAPS,h1_ret064,mtl_ret_h1_064_reflex,,,,0x100BAC0,,,,,,,,,mtl_ret_h1_064_reflex,
64,ret065,LOOT_JAN_RET_28,LUA_MENU_RETICLE_CAPS,h1_ret065,mtl_ret_h1_065_reflex,,,,,,0x100BABF,,,,,,,mtl_ret_h1_065_reflex,
65,ret066,LOOT_JAN_RET_08,LUA_MENU_RETICLE_CAPS,h1_ret066,mtl_ret_h1_066_reflex,,,,,,,0x100BE9A,,,,,,mtl_ret_h1_066_reflex,
66,ret067,LOOT_JAN_RET_09,LUA_MENU_RETICLE_CAPS,h1_ret067,mtl_ret_h1_067_reflex,,,,,,0x100C280,,,,,,,mtl_ret_h1_067_reflex,
67,ret068,LOOT_JAN_RET_19,LUA_MENU_RETICLE_CAPS,h1_ret068,mtl_ret_h1_068_reflex,,,,,0x100B6DA,,,,,,,,mtl_ret_h1_068_reflex,
68,ret069,LOOT_JAN_RET_21,LUA_MENU_RETICLE_CAPS,h1_ret069,mtl_ret_h1_069_reflex,,,,,,,,0x100BAC1,,,,,mtl_ret_h1_069_sniper,
69,ret070,LOOT_JAN_RET_REWARD_03,LUA_MENU_RETICLE_CAPS,h1_ret070,mtl_ret_h1_070_reflex,,,,0x100C6DB,,,,,,,,,mtl_ret_h1_070_reflex,
70,ret071,LOOT_JAN_RET_11,LUA_MENU_RETICLE_CAPS,h1_ret071,mtl_ret_h1_071_reflex,,,,,,,,0x100C281,,,,,mtl_ret_h1_071_sniper,
71,ret072,LOOT_JAN_RET_33,LUA_MENU_RETICLE_CAPS,h1_ret072,mtl_ret_h1_072_reflex,,,,,,0x100BAC3,,,,,,,mtl_ret_h1_072_reflex,
72,ret073,LOOT_JAN_RET_23,LUA_MENU_RETICLE_CAPS,h1_ret073,mtl_ret_h1_073_reflex,,,,0x100B6DD,,,,,,,,,mtl_ret_h1_073_reflex,
73,ret074,LOOT_JAN_RET_10,LUA_MENU_RETICLE_CAPS,h1_ret074,mtl_ret_h1_074_reflex,,,,,,,,0x100BAC2,,,,,mtl_ret_h1_074_sniper,
74,ret075,LOOT_JAN_RET_22,LUA_MENU_RETICLE_CAPS,h1_ret075,mtl_ret_h1_075_reflex,,,,,,,0x100B6DC,,,,,,mtl_ret_h1_075_reflex,
75,ret076,LOOT_JAN_RET_24,LUA_MENU_RETICLE_CAPS,h1_ret076,mtl_ret_h1_076_reflex,,,,,0x100BE9B,,,,,,,,mtl_ret_h1_076_reflex,
76,ret077,LOOT_JAN_RET_42,LUA_MENU_RETICLE_CAPS,h1_ret077,mtl_ret_h1_077_reflex,,,,0x100BAC4,,,,,,,,,mtl_ret_h1_077_reflex,
77,ret078,LOOT_JAN_RET_REWARD_04,LUA_MENU_RETICLE_CAPS,h1_ret078,mtl_ret_h1_078_reflex,,,,,,,,0x100C6DC,,,,,mtl_ret_h1_078_sniper,
78,ret079,,LUA_MENU_RETICLE_CAPS,h1_ret079,mtl_ret_h1_079_reflex,,,,,,,,,,,,,mtl_ret_h1_079_reflex,
79,ret080,LOOT_JAN_RET_03,LUA_MENU_RETICLE_CAPS,h1_ret080,mtl_ret_h1_080_reflex,,,,,,0x100B6D5,,,,,,,mtl_ret_h1_080_reflex,
80,ret081,LOOT_JAN_RET_35,LUA_MENU_RETICLE_CAPS,h1_ret081,mtl_ret_h1_081_reflex,,,,0x100D0A2,,,,,,,,,mtl_ret_h1_081_reflex,
81,ret082,,LUA_MENU_RETICLE_CAPS,h1_ret082,mtl_ret_h1_082_reflex,,,,,,,,,,,,,mtl_ret_h1_082_reflex,
82,ret083,,LUA_MENU_RETICLE_CAPS,h1_ret083,mtl_ret_h1_083_reflex,,,,,,,,,,,,,mtl_ret_h1_083_reflex,
83,ret084,,LUA_MENU_RETICLE_CAPS,h1_ret084,mtl_ret_h1_084_reflex,,,,,,,,,,,,,mtl_ret_h1_084_reflex,
84,ret085,LOOT_JAN_RET_13,LUA_MENU_RETICLE_CAPS,h1_ret085,mtl_ret_h1_085_reflex,,,,,,,,0x100BAB9,,,,,mtl_ret_h1_085_sniper,
85,ret086,LOOT_JAN_RET_REWARD_01,LUA_MENU_RETICLE_CAPS,h1_ret086,mtl_ret_h1_086_reflex,,,,,,0x100C6D7,,,,,,,mtl_ret_h1_086_reflex,
86,ret087,,LUA_MENU_RETICLE_CAPS,h1_ret087,mtl_ret_h1_087_reflex,,,,,,,,,,,,,mtl_ret_h1_087_reflex,
87,ret088,,LUA_MENU_RETICLE_CAPS,h1_ret088,mtl_ret_h1_088_reflex,,,,,,,,,,,,,mtl_ret_h1_088_reflex,
88,ret089,LOOT_JAN_RET_15,LUA_MENU_RETICLE_CAPS,h1_ret089,mtl_ret_h1_089_reflex,,,,,,,,0x100BABB,,,,,mtl_ret_h1_089_sniper,
89,ret090,,LUA_MENU_RETICLE_CAPS,h1_ret090,mtl_ret_h1_090_reflex,,,,,,,,,,,,,mtl_ret_h1_090_reflex,
90,ret091,LOOT_JAN_RET_05,LUA_MENU_RETICLE_CAPS,h1_ret091,mtl_ret_h1_091_reflex,,,,,,,0x100B6D7,,,,,,mtl_ret_h1_091_reflex,
91,ret092,,LUA_MENU_RETICLE_CAPS,h1_ret092,mtl_ret_h1_092_reflex,,,,,,,,,,,,,mtl_ret_h1_092_reflex,
92,ret093,,LUA_MENU_RETICLE_CAPS,h1_ret093,mtl_ret_h1_093_reflex,,,,,,,,,,,,,mtl_ret_h1_093_reflex,
93,ret094,LOOT_JAN_RET_REWARD_02,LUA_MENU_RETICLE_CAPS,h1_ret094,mtl_ret_h1_094_reflex,,,,,0x100C6D8,,,,,,,,mtl_ret_h1_094_reflex,
94,ret095,LOOT_JAN_RET_17,LUA_MENU_RETICLE_CAPS,h1_ret095,mtl_ret_h1_095_reflex,,,,,,0x100BABD,,,,,,,mtl_ret_h1_095_reflex,
95,ret096,LOOT_JAN_RET_16,LUA_MENU_RETICLE_CAPS,h1_ret096,mtl_ret_h1_096_reflex,,,,,,0x100BABC,,,,,,,mtl_ret_h1_096_reflex,
96,ret097,LOOT_JAN_RET_06,LUA_MENU_RETICLE_CAPS,h1_ret097,mtl_ret_h1_097_reflex,,,,,0x100B6D8,,,,,,,,mtl_ret_h1_097_reflex,
97,ret098,,LUA_MENU_RETICLE_CAPS,h1_ret098,mtl_ret_h1_098_reflex,,,,,,,,,,,,,mtl_ret_h1_098_reflex,
98,ret099,,LUA_MENU_RETICLE_CAPS,h1_ret099,mtl_ret_h1_099_reflex,,,,,,,,,,,,,mtl_ret_h1_099_sniper,
99,ret100,LOOT_JAN_RET_27,LUA_MENU_RETICLE_CAPS,h1_ret100,mtl_ret_h1_100_reflex,,,,0x100BE99,,,,,,,,,mtl_ret_h1_100_reflex,
100,ret101,LOOT_JAN_RET_31,LUA_MENU_RETICLE_CAPS,h1_ret101,mtl_ret_h1_101_reflex,,,,,,,0x100C27F,,,,,,mtl_ret_h1_101_reflex,
101,ret102,LOOT_JAN_RET_18,LUA_MENU_RETICLE_CAPS,h1_ret102,mtl_ret_h1_102_reflex,,,,,,,0x100BABE,,,,,,mtl_ret_h1_102_reflex,
102,ret103,LOOT_JAN_RET_07,LUA_MENU_RETICLE_CAPS,h1_ret103,mtl_ret_h1_103_reflex,,,,,,,0x100D0A7,,,,,,mtl_ret_h1_103_reflex,
103,ret104,LOOT_JAN_RET_34,LUA_MENU_RETICLE_CAPS,h1_ret104,mtl_ret_h1_104_reflex,,,,,,0x100C282,,,,,,,mtl_ret_h1_104_reflex,
104,ret105,LOOT_JAN_RET_01,LUA_MENU_RETICLE_CAPS,h1_ret105,mtl_ret_h1_105_reflex,,,,,0x100B6D3,,,,,,,,mtl_ret_h1_105_reflex,
105,ret106,LOOT_JAN_RET_36,LUA_MENU_RETICLE_CAPS,h1_ret106,mtl_ret_h1_106_reflex,,,,,,,0x100D0A1,,,,,,mtl_ret_h1_106_reflex,
106,ret107,LOOT_JAN_RET_02,LUA_MENU_RETICLE_CAPS,h1_ret107,mtl_ret_h1_107_reflex,,,,,0x100B6D4,,,,,,,,mtl_ret_h1_107_reflex,
107,ret108,LOOT_JAN_RET_25,LUA_MENU_RETICLE_CAPS,h1_ret108,mtl_ret_h1_108_reflex,,,,,,,,0x100BE97,,,,,mtl_ret_h1_108_sniper,
108,ret109,,LUA_MENU_RETICLE_CAPS,h1_ret109,mtl_ret_h1_109_reflex,,,,,,,,,,,,,mtl_ret_h1_109_reflex,
109,ret110,,LUA_MENU_RETICLE_CAPS,h1_ret110,mtl_ret_h1_110_reflex,,,,,,,,,,,,,mtl_ret_h1_110_reflex,
110,ret111,,LUA_MENU_RETICLE_CAPS,h1_ret111,mtl_ret_h1_111_reflex,,,,,,,,,,,,,mtl_ret_h1_111_sniper,
111,ret112,,LUA_MENU_RETICLE_CAPS,h1_ret112,mtl_ret_h1_112_reflex,,,,,,,,,,,,,mtl_ret_h1_112_reflex,
112,ret113,,LUA_MENU_RETICLE_CAPS,h1_ret113,mtl_ret_h1_113_reflex,,,,,,,,,,,,,mtl_ret_h1_113_reflex,
113,ret114,MPUI_CODE,LUA_MENU_RETICLE_CAPS,h1_ret114,mtl_ret_h1_114_reflex,,,,0x100D0B7,0x100D0B7,0x100D0B7,0x100D0B7,0x100D0B7,,0.3,0.1,0,mtl_ret_h1_114_sniper,
114,ret115,LOOT_JAN_RET_43,LUA_MENU_RETICLE_CAPS,h1_ret115,mtl_ret_h1_115_reflex,,,,,,,0x100D0BD,,,,,,mtl_ret_h1_115_reflex,
115,ret116,LOOT_JAN_RET_40,LUA_MENU_RETICLE_CAPS,h1_ret116,mtl_ret_h1_116_reflex,,,,,,,,0x100BE98,,,,,mtl_ret_h1_116_sniper,
116,ret117,LOOT_JAN_RET_41,LUA_MENU_RETICLE_CAPS,h1_ret117,mtl_ret_h1_117_reflex,,,,0x100C27E,,,,,,,,,mtl_ret_h1_117_reflex,
117,ret118,LOOT_JAN_RET_39,LUA_MENU_RETICLE_CAPS,h1_ret118,mtl_ret_h1_118_reflex,,,,,,,0x100BABA,,,,,,mtl_ret_h1_118_reflex,
118,ret119,,LUA_MENU_RETICLE_CAPS,h1_ret119,mtl_ret_h1_119_reflex,,,,,,,,,,,,,mtl_ret_h1_119_reflex,
119,ret120,LOOT_JAN_RET_37,LUA_MENU_RETICLE_CAPS,h1_ret120,mtl_ret_h1_120_reflex,,,,0x100B6D6,,,,,,,,,mtl_ret_h1_120_reflex,
120,ret121,LOOT_JAN_RET_38,LUA_MENU_RETICLE_CAPS,h1_ret121,mtl_ret_h1_121_reflex,,,,,0x100BAB8,,,,,,,,mtl_ret_h1_121_reflex,
121,ret122,,LUA_MENU_RETICLE_CAPS,h1_ret122,mtl_ret_h1_122_reflex,,,,,,,,,,,,,mtl_ret_h1_122_reflex,
122,ret_angle_01,LOOT_FEB_RET_43,LUA_MENU_RETICLE_CAPS,h1_ret_angle_01,mtl_ret_h1_123_reflex,,,,,,,,0x100D0DD,,,,,mtl_ret_h1_123_sniper,
123,ret_angle_02,LOOT_FEB_RET_44,LUA_MENU_RETICLE_CAPS,h1_ret_angle_02,mtl_ret_h1_124_reflex,,,,,,,0x100D0DE,,,,,,mtl_ret_h1_122_reflex,
124,ret_angle_03,LOOT_FEB_RET_45,LUA_MENU_RETICLE_CAPS,h1_ret_angle_03,mtl_ret_h1_127_reflex,,,,,,0x100D0DF,,,,,,,mtl_ret_h1_122_reflex,
125,ret_angle_04,LOOT_FEB_RET_46,LUA_MENU_RETICLE_CAPS,h1_ret_angle_04,mtl_ret_h1_126_reflex,,,,,0x100D0E0,,,,,,,,mtl_ret_h1_122_reflex,
126,ret_angle_05,LOOT_FEB_RET_47,LUA_MENU_RETICLE_CAPS,h1_ret_angle_05,mtl_ret_h1_125_reflex,,,,,,,,0x100D0E1,,,,,mtl_ret_h1_125_sniper,
127,ret_angle_06,LOOT_FEB_RET_48,LUA_MENU_RETICLE_CAPS,h1_ret_angle_06,mtl_ret_h1_129_reflex,,,,,,0x100D0E2,,,,,,,mtl_ret_h1_122_reflex,
128,ret_angle_07,LOOT_FEB_RET_49,LUA_MENU_RETICLE_CAPS,h1_ret_angle_07,mtl_ret_h1_128_reflex,,,,,,,0x100D0E3,,,0.3,0.1,0,mtl_ret_h1_122_reflex,
129,ret_angle_reward,LOOT_FEB_RET_REWARD_04,LUA_MENU_RETICLE_CAPS,h1_ret_angle_reward,mtl_ret_h1_130_reflex,,,,,0x100D0E4,,,,,,,,mtl_ret_h1_122_reflex,
130,ret_avalanche_01,LOOT_FEB_RET_02,LUA_MENU_RETICLE_CAPS,h1_ret_avalanche_01,mtl_ret_h1_131_reflex,,,,0x100B6DF,,,,,,,,,mtl_ret_h1_122_reflex,
131,ret_bent_01,LOOT_FEB_RET_29,LUA_MENU_RETICLE_CAPS,h1_ret_bent_01,mtl_ret_h1_132_reflex,,,,,,0x100D0CB,,,,,,,mtl_ret_h1_122_reflex,
132,ret_bent_02,LOOT_FEB_RET_30,LUA_MENU_RETICLE_CAPS,h1_ret_bent_02,mtl_ret_h1_133_reflex,,,,,,,,0x100D0CC,,,,,mtl_ret_h1_133_sniper,
133,ret_bent_03,LOOT_FEB_RET_31,LUA_MENU_RETICLE_CAPS,h1_ret_bent_03,mtl_ret_h1_134_reflex,,,,,0x100D0CD,,,,,,,,mtl_ret_h1_122_reflex,
134,ret_bent_04,LOOT_FEB_RET_32,LUA_MENU_RETICLE_CAPS,h1_ret_bent_04,mtl_ret_h1_135_reflex,,,,,,,0x100D0CE,,,,,,mtl_ret_h1_122_reflex,
135,ret_bent_05,LOOT_FEB_RET_33,LUA_MENU_RETICLE_CAPS,h1_ret_bent_05,mtl_ret_h1_136_reflex,,,,0x100D0CF,,,,,,,,,mtl_ret_h1_122_reflex,
136,ret_bent_06,LOOT_FEB_RET_34,LUA_MENU_RETICLE_CAPS,h1_ret_bent_06,mtl_ret_h1_137_reflex,,,,,0x100D0D0,,,,,,,,mtl_ret_h1_122_reflex,
137,ret_bent_07,LOOT_FEB_RET_35,LUA_MENU_RETICLE_CAPS,h1_ret_bent_07,mtl_ret_h1_138_reflex,,,,0x100D0D1,,,,,,0.3,0.1,0,mtl_ret_h1_122_reflex,
138,ret_bent_reward,LOOT_FEB_RET_REWARD_02,LUA_MENU_RETICLE_CAPS,h1_ret_bent_reward,mtl_ret_h1_139_reflex,,,,,,,,0x100D0D2,,,,,mtl_ret_h1_139_sniper,
139,ret_chalk_01,LOOT_FEB_RET_16,LUA_MENU_RETICLE_CAPS,h1_ret_chalk_01,mtl_ret_h1_175_reflex,,,,,,,,0x100BAC8,,,,,mtl_ret_h1_175_sniper,
140,ret_challenger_01,LOOT_FEB_RET_01,LUA_MENU_RETICLE_CAPS,h1_ret_challenger_01,mtl_ret_h1_173_reflex,,,,0x100B6DE,,,,,,,,,mtl_ret_h1_122_reflex,
141,ret_dmr25s_01,LOOT_FEB_RET_12,LUA_MENU_RETICLE_CAPS,h1_ret_dmr25s_01,mtl_ret_h1_170_reflex,,,,,,,,0x100B6E9,,,,,mtl_ret_h1_170_sniper,
142,ret_frag_01,LOOT_FEB_RET_03,LUA_MENU_RETICLE_CAPS,h1_ret_frag_01,mtl_ret_h1_159_reflex,,,,,,,0x100B6E0,,,,,,mtl_ret_h1_122_reflex,
143,ret_graves_01,LOOT_FEB_RET_20,LUA_MENU_RETICLE_CAPS,h1_ret_graves_01,mtl_ret_h1_163_reflex,,,,,,,,0x100BACC,,,,,mtl_ret_h1_163_sniper,
144,ret_ironsmith_01,LOOT_FEB_RET_04,LUA_MENU_RETICLE_CAPS,h1_ret_ironsmith_01,mtl_ret_h1_140_reflex,,,,0x100B6E1,,,,,,,,,mtl_ret_h1_122_reflex,
145,ret_ironsmith_02,LOOT_FEB_RET_05,LUA_MENU_RETICLE_CAPS,h1_ret_ironsmith_02,mtl_ret_h1_141_reflex,,,,0x100B6E2,,,,,,,,,mtl_ret_h1_122_reflex,
146,ret_ironsmith_03,LOOT_FEB_RET_13,LUA_MENU_RETICLE_CAPS,h1_ret_ironsmith_03,mtl_ret_h1_142_reflex,,,,,,0x100BAC5,,,,,,,mtl_ret_h1_122_reflex,
147,ret_ironsmith_04,LOOT_FEB_RET_14,LUA_MENU_RETICLE_CAPS,h1_ret_ironsmith_04,mtl_ret_h1_143_reflex,,,,,0x100BAC6,,,,,,,,mtl_ret_h1_122_reflex,
148,ret_ironsmith_05,LOOT_FEB_RET_15,LUA_MENU_RETICLE_CAPS,h1_ret_ironsmith_05,mtl_ret_h1_144_reflex,,,,,,,,0x100BAC7,,,,,mtl_ret_h1_144_sniper,
149,ret_ironsmith_06,LOOT_FEB_RET_22,LUA_MENU_RETICLE_CAPS,h1_ret_ironsmith_06,mtl_ret_h1_145_reflex,,,,,,0x100BE9C,,,,,,,mtl_ret_h1_122_reflex,
150,ret_ironsmith_07,LOOT_FEB_RET_26,LUA_MENU_RETICLE_CAPS,h1_ret_ironsmith_07,mtl_ret_h1_146_reflex,,,,,0x100C283,,,,,0.3,0.1,0,mtl_ret_h1_122_reflex,
151,ret_ironsmith_reward,LOOT_FEB_RET_REWARD_01,LUA_MENU_RETICLE_CAPS,h1_ret_ironsmith_reward,mtl_ret_h1_147_reflex,,,,,,,0x100C6D6,,,,,,mtl_ret_h1_122_reflex,
152,ret_killshot_01,LOOT_FEB_RET_23,LUA_MENU_RETICLE_CAPS,h1_ret_killshot_01,mtl_ret_h1_156_reflex,,,,,,,,0x100BE9D,,,,,mtl_ret_h1_156_sniper,
153,ret_kingpin_01,LOOT_FEB_RET_07,LUA_MENU_RETICLE_CAPS,h1_ret_kingpin_01,mtl_ret_h1_167_reflex,,,,,0x100B6E4,,,,,,,,mtl_ret_h1_122_reflex,
154,ret_mac10_01,LOOT_FEB_RET_08,LUA_MENU_RETICLE_CAPS,h1_ret_mac10_01,mtl_ret_h1_169_reflex,,,,,0x100B6E5,,,,,,,,mtl_ret_h1_122_reflex,
155,ret_mastercraft_01,LOOT_FEB_RET_24,LUA_MENU_RETICLE_CAPS,h1_ret_mastercraft_01,mtl_ret_h1_162_reflex,,,,0x100BE9E,,,,,,,,,mtl_ret_h1_122_reflex,
156,ret_mechanic_01,LOOT_FEB_RET_10,LUA_MENU_RETICLE_CAPS,h1_ret_mechanic_01,mtl_ret_h1_171_reflex,,,,,,0x100B6E7,,,,,,,mtl_ret_h1_122_reflex,
157,ret_noobtuber_01,LOOT_FEB_RET_17,LUA_MENU_RETICLE_CAPS,h1_ret_noobtuber_01,mtl_ret_h1_160_reflex,,,,0x100BAC9,,,,,,,,,mtl_ret_h1_122_reflex,
158,ret_pigpen_01,LOOT_FEB_RET_09,LUA_MENU_RETICLE_CAPS,h1_ret_pigpen_01,mtl_ret_h1_168_reflex,,,,,,,0x100B6E6,,,,,,mtl_ret_h1_122_reflex,
159,ret_pkm_01,LOOT_FEB_RET_18,LUA_MENU_RETICLE_CAPS,h1_ret_pkm_01,mtl_ret_h1_158_reflex,,,,,,0x100BACA,,,,,,,mtl_ret_h1_122_reflex,
160,ret_reflex_01,LOOT_FEB_RET_11,LUA_MENU_RETICLE_CAPS,h1_ret_reflex_01,mtl_ret_h1_161_reflex,,,,,0x100B6E8,,,,,,,,mtl_ret_h1_122_reflex,
161,ret_samurai_01,LOOT_FEB_RET_27,LUA_MENU_RETICLE_CAPS,h1_ret_samurai_01,mtl_ret_h1_157_reflex,,,,0x100C284,,,,,,,,,mtl_ret_h1_122_reflex,
162,ret_titanium_01,LOOT_FEB_RET_28,LUA_MENU_RETICLE_CAPS,h1_ret_titanium_01,mtl_ret_h1_164_reflex,,,,,,0x100C285,,,,,,,mtl_ret_h1_122_reflex,
163,ret_ultraviolet_01,LOOT_FEB_RET_25,LUA_MENU_RETICLE_CAPS,h1_ret_ultraviolet_01,mtl_ret_h1_166_reflex,,,,,,0x100BE9F,,,,,,,mtl_ret_h1_122_reflex,
164,ret_venom_01,LOOT_FEB_RET_19,LUA_MENU_RETICLE_CAPS,h1_ret_venom_01,mtl_ret_h1_165_reflex,,,,,0x100BACB,,,,,,,,mtl_ret_h1_122_reflex,
165,ret_vortex_01,LOOT_FEB_RET_36,LUA_MENU_RETICLE_CAPS,h1_ret_vortex_01,mtl_ret_h1_148_reflex,,,,,0x100D0D4,,,,,,,,mtl_ret_h1_122_reflex,
166,ret_vortex_02,LOOT_FEB_RET_37,LUA_MENU_RETICLE_CAPS,h1_ret_vortex_02,mtl_ret_h1_149_reflex,,,,,,,0x100D0D5,,,,,,mtl_ret_h1_122_reflex,
167,ret_vortex_03,LOOT_FEB_RET_38,LUA_MENU_RETICLE_CAPS,h1_ret_vortex_03,mtl_ret_h1_150_reflex,,,,0x100D0D6,,,,,,,,,mtl_ret_h1_122_reflex,
168,ret_vortex_04,LOOT_FEB_RET_39,LUA_MENU_RETICLE_CAPS,h1_ret_vortex_04,mtl_ret_h1_151_reflex,,,,,0x100D0D7,,,,,,,,mtl_ret_h1_122_reflex,
169,ret_vortex_05,LOOT_FEB_RET_40,LUA_MENU_RETICLE_CAPS,h1_ret_vortex_05,mtl_ret_h1_152_reflex,,,,,,0x100D0D8,,,,,,,mtl_ret_h1_122_reflex,
170,ret_vortex_06,LOOT_FEB_RET_41,LUA_MENU_RETICLE_CAPS,h1_ret_vortex_06,mtl_ret_h1_153_reflex,,,,,0x100D0D9,,,,,,,,mtl_ret_h1_122_reflex,
171,ret_vortex_07,LOOT_FEB_RET_42,LUA_MENU_RETICLE_CAPS,h1_ret_vortex_07,mtl_ret_h1_154_reflex,,,,,,,,0x100D0DA,,0.3,0.1,0,mtl_ret_h1_154_sniper,
172,ret_vortex_reward,LOOT_FEB_RET_REWARD_03,LUA_MENU_RETICLE_CAPS,h1_ret_vortex_reward,mtl_ret_h1_155_reflex,,,,0x100D0DB,,,,,,,,,mtl_ret_h1_122_reflex,
173,ret_wartorn_01,LOOT_FEB_RET_21,LUA_MENU_RETICLE_CAPS,h1_ret_wartorn_01,mtl_ret_h1_172_reflex,,,,,,0x100BACD,,,,,,,mtl_ret_h1_122_reflex,
174,ret_leprechaun_01,LOOT_FEB_RET_50,LUA_MENU_RETICLE_CAPS,h1_ret_leprechaun_01,mtl_ret_h1_174_reflex,,,,0x100D133,,,,,,,,,mtl_ret_h1_174_reflex,
175,ret_highnoon_01,LOOT_APR_RET_02,LUA_MENU_RETICLE_CAPS,h1_ret_apr_highnoon_01,mtl_ret_h1_180_reflex,,,,0x100B6EB,,,,,,,,,mtl_ret_h1_122_reflex,
176,ret_urbanwarfare_01,LOOT_APR_RET_11,LUA_MENU_RETICLE_CAPS,h1_ret_apr_urbanwarfare_01,mtl_ret_h1_181_reflex,,,,,,,0x100BAD2,,,,,,mtl_ret_h1_122_reflex,
177,ret_fieldtested_01,LOOT_APR_RET_10,LUA_MENU_RETICLE_CAPS,h1_ret_apr_fieldtested_01,mtl_ret_h1_182_reflex,,,,,,,,0x100D16D,,,,,mtl_ret_h1_182_sniper,
178,ret_kingfish_01,LOOT_APR_RET_14,LUA_MENU_RETICLE_CAPS,h1_ret_apr_kingfish_01,mtl_ret_h1_183_reflex,,,,,,,0x100B6E3,,,,,,mtl_ret_h1_122_reflex,
179,ret_tacticalfighter_01,LOOT_APR_RET_05,LUA_MENU_RETICLE_CAPS,h1_ret_apr_tacticalfighter_01,mtl_ret_h1_184_reflex,,,,0x100B6EE,,,,,,,,,mtl_ret_h1_122_reflex,
180,ret_battletested_01,LOOT_APR_RET_09,LUA_MENU_RETICLE_CAPS,h1_ret_apr_battletested_01,mtl_ret_h1_185_reflex,,,,,0x100D16E,,,,,,,,mtl_ret_h1_122_reflex,
181,ret_diabolical_01,LOOT_APR_RET_07,LUA_MENU_RETICLE_CAPS,h1_ret_apr_diabolical_01,mtl_ret_h1_186_reflex,,,,,,,,0x100BACE,,,,,mtl_ret_h1_186_sniper,
182,ret_caveman_01,LOOT_APR_RET_01,LUA_MENU_RETICLE_CAPS,h1_ret_apr_caveman_01,mtl_ret_h1_187_reflex,,,,,0x100B6EA,,,,,,,,mtl_ret_h1_122_reflex,
183,ret_sawtooth_01,LOOT_APR_RET_13,LUA_MENU_RETICLE_CAPS,h1_ret_apr_sawtooth_01,mtl_ret_h1_188_reflex,,,,,,,0x100C287,,,,,,mtl_ret_h1_122_reflex,
184,ret_bos14_01,LOOT_APR_RET_08,LUA_MENU_RETICLE_CAPS,h1_ret_apr_bos14_01,mtl_ret_h1_189_reflex,,,,0x100D143,,,,,,,,,mtl_ret_h1_122_reflex,
185,ret_fang45_01,LOOT_APR_RET_04,LUA_MENU_RETICLE_CAPS,h1_ret_apr_fang45_01,mtl_ret_h1_190_reflex,,,,,0x100D142,,,,,,,,mtl_ret_h1_122_reflex,
186,ret_phalanx_01,LOOT_APR_RET_12,LUA_MENU_RETICLE_CAPS,h1_ret_apr_phalanx_01,mtl_ret_h1_191_reflex,,,,,,0x100C286,,,,,,,mtl_ret_h1_122_reflex,
187,ret_focal_01,LOOT_APR_RET_15,LUA_MENU_RETICLE_CAPS,h1_ret_apr_focal_01,mtl_ret_h1_192_reflex,,,,,,,0x100D144,,,,,,mtl_ret_h1_122_reflex,
188,ret_focal_02,LOOT_APR_RET_16,LUA_MENU_RETICLE_CAPS,h1_ret_apr_focal_02,mtl_ret_h1_193_reflex,,,,,,,,0x100D145,,,,,mtl_ret_h1_193_sniper,
189,ret_focal_03,LOOT_APR_RET_17,LUA_MENU_RETICLE_CAPS,h1_ret_apr_focal_03,mtl_ret_h1_194_reflex,,,,,0x100D146,,,,,,,,mtl_ret_h1_122_reflex,
190,ret_focal_04,LOOT_APR_RET_18,LUA_MENU_RETICLE_CAPS,h1_ret_apr_focal_04,mtl_ret_h1_195_reflex,,,,,0x100D147,,,,,,,,mtl_ret_h1_122_reflex,
191,ret_focal_05,LOOT_APR_RET_19,LUA_MENU_RETICLE_CAPS,h1_ret_apr_focal_05,mtl_ret_h1_196_reflex,,,,,,0x100D148,,,,,,,mtl_ret_h1_122_reflex,
192,ret_focal_06,LOOT_APR_RET_20,LUA_MENU_RETICLE_CAPS,h1_ret_apr_focal_06,mtl_ret_h1_197_reflex,,,,,,,,0x100D149,,,,,mtl_ret_h1_197_sniper,
193,ret_focal_07,LOOT_APR_RET_21,LUA_MENU_RETICLE_CAPS,h1_ret_apr_focal_07,mtl_ret_h1_198_reflex,,,,0x100D14A,,,,,,0,0.05,0.3,mtl_ret_h1_122_reflex,
194,ret_focal_reward,LOOT_APR_RET_REWARD_01,LUA_MENU_RETICLE_CAPS,h1_ret_apr_focal_reward,mtl_ret_h1_199_reflex,,,,,,0x100D14B,,,,,,,mtl_ret_h1_122_reflex,
195,ret_facet_01,LOOT_APR_RET_22,LUA_MENU_RETICLE_CAPS,h1_ret_apr_facet_01,mtl_ret_h1_200_reflex,,,,,,,,0x100D14D,,,,,mtl_ret_h1_200_sniper,
196,ret_facet_02,LOOT_APR_RET_23,LUA_MENU_RETICLE_CAPS,h1_ret_apr_facet_02,mtl_ret_h1_201_reflex,,,,0x100D14E,,,,,,,,,mtl_ret_h1_122_reflex,
197,ret_facet_03,LOOT_APR_RET_24,LUA_MENU_RETICLE_CAPS,h1_ret_apr_facet_03,mtl_ret_h1_202_reflex,,,,,0x100D14F,,,,,,,,mtl_ret_h1_122_reflex,
198,ret_facet_04,LOOT_APR_RET_25,LUA_MENU_RETICLE_CAPS,h1_ret_apr_facet_04,mtl_ret_h1_203_reflex,,,,,,,0x100D150,,,,,,mtl_ret_h1_122_reflex,
199,ret_facet_05,LOOT_APR_RET_26,LUA_MENU_RETICLE_CAPS,h1_ret_apr_facet_05,mtl_ret_h1_204_reflex,,,,0x100D151,,,,,,,,,mtl_ret_h1_122_reflex,
200,ret_facet_06,LOOT_APR_RET_27,LUA_MENU_RETICLE_CAPS,h1_ret_apr_facet_06,mtl_ret_h1_205_reflex,,,,,,0x100D152,,,,,,,mtl_ret_h1_122_reflex,
201,ret_facet_07,LOOT_APR_RET_28,LUA_MENU_RETICLE_CAPS,h1_ret_apr_facet_07,mtl_ret_h1_206_reflex,,,,,0x100D153,,,,,0,0.3,0.05,mtl_ret_h1_122_reflex,
202,ret_facet_reward,LOOT_APR_RET_REWARD_02,LUA_MENU_RETICLE_CAPS,h1_ret_apr_facet_reward,mtl_ret_h1_207_reflex,,,,,,,,0x100D154,,,,,mtl_ret_h1_207_sniper,
203,ret_summertime_01,LOOT_JUN_RET_01,LUA_MENU_RETICLE_CAPS,h1_ret_jun_summertime_01,mtl_ret_h1_208_reflex,,,,,,,,0x100D20D,,,,,mtl_ret_h1_208_sniper,
204,ret_nauticus_01,LOOT_JUN_RET_02,LUA_MENU_RETICLE_CAPS,h1_ret_jun_nauticus_01,mtl_ret_h1_209_reflex,,,,,0x100D20E,,,,,,,,mtl_ret_h1_122_reflex,
205,ret_celebration_01,LOOT_JUN_RET_03,LUA_MENU_RETICLE_CAPS,h1_ret_jun_celebration_01,mtl_ret_h1_210_reflex,,,,,,0x100D20F,,,,,,,mtl_ret_h1_122_reflex,
206,ret_pyrotechnic_01,LOOT_JUN_RET_04,LUA_MENU_RETICLE_CAPS,h1_ret_jun_pyrotechnic_01,mtl_ret_h1_211_reflex,,,,,,,0x100D210,,,,,,mtl_ret_h1_122_reflex,
207,ret_stac330_01,LOOT_JUN_RET_06,LUA_MENU_RETICLE_CAPS,h1_ret_jun_stac330_01,mtl_ret_h1_213_reflex,,,,,,,,0x100D212,,,,,mtl_ret_h1_213_sniper,
208,ret_beredmk8_01,LOOT_JUN_RET_07,LUA_MENU_RETICLE_CAPS,h1_ret_jun_beredmk8_01,mtl_ret_h1_214_reflex,,,,,,0x100D213,,,,,,,mtl_ret_h1_122_reflex,
209,ret_wolfen_01,LOOT_JUN_RET_08,LUA_MENU_RETICLE_CAPS,h1_ret_jun_wolfen_01,mtl_ret_h1_215_reflex,,,,0x100D214,,,,,,,,,mtl_ret_h1_122_reflex,
210,ret_warscarred_01,LOOT_JUN_RET_09,LUA_MENU_RETICLE_CAPS,h1_ret_jun_warscarred_01,mtl_ret_h1_216_reflex,,,,,,,0x100D215,,,,,,mtl_ret_h1_122_reflex,
211,ret_slate_01,LOOT_JUN_RET_10,LUA_MENU_RETICLE_CAPS,h1_ret_jun_slate_01,mtl_ret_h1_217_reflex,,,,,,,,0x100D216,,,,,mtl_ret_h1_217_sniper,
212,ret_grisly_01,LOOT_JUN_RET_11,LUA_MENU_RETICLE_CAPS,h1_ret_jun_grisly_01,mtl_ret_h1_218_reflex,,,,,,,,0x100D217,,,,,mtl_ret_h1_218_sniper,
213,ret_blackout_01,LOOT_JUN_RET_12,LUA_MENU_RETICLE_CAPS,h1_ret_jun_blackout_01,mtl_ret_h1_219_reflex,,,,0x100D218,,,,,,,,,mtl_ret_h1_122_reflex,
214,ret_glacier_01,LOOT_JUN_RET_13,LUA_MENU_RETICLE_CAPS,h1_ret_jun_glacier_01,mtl_ret_h1_220_reflex,,,,,,0x100D219,,,,,,,mtl_ret_h1_122_reflex,
215,ret_masterpiece_01,LOOT_JUN_RET_14,LUA_MENU_RETICLE_CAPS,h1_ret_jun_masterpiece_01,mtl_ret_h1_221_reflex,,,,,0x100D21A,,,,,,,,mtl_ret_h1_122_reflex,
216,ret_don_01,LOOT_JUN_RET_15,LUA_MENU_RETICLE_CAPS,h1_ret_jun_don_01,mtl_ret_h1_222_reflex,,,,0x100D21B,,,,,,,,,mtl_ret_h1_122_reflex,
217,ret_mudder_01,LOOT_JUN_RET_16,LUA_MENU_RETICLE_CAPS,h1_ret_jun_mudder_01,mtl_ret_h1_223_reflex,,,,,,0x100D21C,,,,,,,mtl_ret_h1_122_reflex,
218,ret_liquidator_01,LOOT_JUN_RET_17,LUA_MENU_RETICLE_CAPS,h1_ret_jun_liquidator_01,mtl_ret_h1_224_reflex,,,,,,,0x100D21D,,,,,,mtl_ret_h1_122_reflex,
219,ret_neanderthal_01,LOOT_JUN_RET_18,LUA_MENU_RETICLE_CAPS,h1_ret_jun_neanderthal_01,mtl_ret_h1_225_reflex,,,,,,,,0x100D21E,,,,,mtl_ret_h1_225_sniper,
220,ret_reaper_01,LOOT_JUN_RET_19,LUA_MENU_RETICLE_CAPS,h1_ret_jun_reaper_01,mtl_ret_h1_226_reflex,,,,,0x100D21F,,,,,,,,mtl_ret_h1_122_reflex,
221,ret_tribal_01,LOOT_JUN_RET_21,LUA_MENU_RETICLE_CAPS,h1_ret_jun_tribal_01,mtl_ret_h1_227_reflex,,,,0x100D220,,,,,,,,,mtl_ret_h1_122_reflex,
222,ret_bludgeon_01,LOOT_JUN_RET_22,LUA_MENU_RETICLE_CAPS,h1_ret_jun_bludgeon_01,mtl_ret_h1_228_reflex,,,,,,0x100D221,,,,,,,mtl_ret_h1_122_reflex,
223,ret_subdivision_01,LOOT_JUN_RET_23,LUA_MENU_RETICLE_CAPS,h1_ret_jun_subdivision_01,mtl_ret_h1_229_reflex,,,,0x100D222,,,,,,,,,mtl_ret_h1_122_reflex,
224,ret_subdivision_02,LOOT_JUN_RET_24,LUA_MENU_RETICLE_CAPS,h1_ret_jun_subdivision_02,mtl_ret_h1_230_reflex,,,,0x100D223,,,,,,,,,mtl_ret_h1_122_reflex,
225,ret_subdivision_03,LOOT_JUN_RET_25,LUA_MENU_RETICLE_CAPS,h1_ret_jun_subdivision_03,mtl_ret_h1_231_reflex,,,,,,0x100D224,,,,,,,mtl_ret_h1_122_reflex,
226,ret_subdivision_04,LOOT_JUN_RET_26,LUA_MENU_RETICLE_CAPS,h1_ret_jun_subdivision_04,mtl_ret_h1_232_reflex,,,,,,,,0x100D225,,,,,mtl_ret_h1_232_sniper,
227,ret_subdivision_05,LOOT_JUN_RET_27,LUA_MENU_RETICLE_CAPS,h1_ret_jun_subdivision_05,mtl_ret_h1_233_reflex,,,,,0x100D226,,,,,,,,mtl_ret_h1_122_reflex,
228,ret_subdivision_06,LOOT_JUN_RET_28,LUA_MENU_RETICLE_CAPS,h1_ret_jun_subdivision_06,mtl_ret_h1_234_reflex,,,,,,0x100D227,,,,,,,mtl_ret_h1_122_reflex,
229,ret_subdivision_07,LOOT_JUN_RET_29,LUA_MENU_RETICLE_CAPS,h1_ret_jun_subdivision_07,mtl_ret_h1_235_reflex,,,,,0x100D228,,,,,0,0.3,0.05,mtl_ret_h1_122_reflex,
230,ret_subdivision_reward,LOOT_JUN_RET_REWARD_01,LUA_MENU_RETICLE_CAPS,h1_ret_jun_subdivision_reward,mtl_ret_h1_236_reflex,,,,,,,0x100D229,,,,,,mtl_ret_h1_122_reflex,
231,ret_monarch_01,LOOT_JUN_RET_30,LUA_MENU_RETICLE_CAPS,h1_ret_jun_basic_01,mtl_ret_h1_237_reflex,,,,,,0x100D22B,,,,0,0,1,mtl_ret_h1_122_reflex,
232,ret_monarch_02,LOOT_JUN_RET_31,LUA_MENU_RETICLE_CAPS,h1_ret_jun_basic_02,mtl_ret_h1_238_reflex,,,,,,,,0x100D22C,,0.5,0,1,mtl_ret_h1_238_sniper,
233,ret_monarch_03,LOOT_JUN_RET_32,LUA_MENU_RETICLE_CAPS,h1_ret_jun_basic_03,mtl_ret_h1_239_reflex,,,,,0x100D22D,,,,,1,0.25,0,mtl_ret_h1_239_sniper,
234,ret_monarch_04,LOOT_JUN_RET_33,LUA_MENU_RETICLE_CAPS,h1_ret_jun_basic_04,mtl_ret_h1_240_reflex,,,,,,,0x100D22E,,,1,0.25,0.8,mtl_ret_h1_122_reflex,
235,ret_monarch_05,LOOT_JUN_RET_34,LUA_MENU_RETICLE_CAPS,h1_ret_jun_basic_05,mtl_ret_h1_241_reflex,,,,0x100D22F,,,,,,0.5,0.5,0,mtl_ret_h1_122_reflex,
236,ret_monarch_06,LOOT_JUN_RET_35,LUA_MENU_RETICLE_CAPS,h1_ret_jun_basic_06,mtl_ret_h1_242_reflex,,,,,0x100D230,,,,,0,1,1,mtl_ret_h1_122_reflex,
237,ret_monarch_07,LOOT_JUN_RET_36,LUA_MENU_RETICLE_CAPS,h1_ret_jun_basic_07,mtl_ret_h1_243_reflex,,,,0x100D231,,,,,,0,1,0,mtl_ret_h1_122_reflex,
238,ret_monarch_reward,LOOT_JUN_RET_REWARD_02,LUA_MENU_RETICLE_CAPS,h1_ret_jun_basic_reward,mtl_ret_h1_244_reflex,,,,,,,,0x100D232,,,,,mtl_ret_h1_244_sniper,
239,ret_interrupt_01,LOOT_JUN_RET_37,LUA_MENU_RETICLE_CAPS,h1_ret_jun_interrupt_01,mtl_ret_h1_245_reflex,,,,,0x100D234,,,,,0.5,0,1,mtl_ret_h1_122_reflex,
240,ret_interrupt_02,LOOT_JUN_RET_38,LUA_MENU_RETICLE_CAPS,h1_ret_jun_interrupt_02,mtl_ret_h1_246_reflex,,,,,,,0x100D235,,,0,0,1,mtl_ret_h1_246_sniper,
241,ret_interrupt_03,LOOT_JUN_RET_39,LUA_MENU_RETICLE_CAPS,h1_ret_jun_interrupt_03,mtl_ret_h1_247_reflex,,,,0x100D236,,,,,,0,1,0,mtl_ret_h1_122_reflex,
242,ret_interrupt_04,LOOT_JUN_RET_40,LUA_MENU_RETICLE_CAPS,h1_ret_jun_interrupt_04,mtl_ret_h1_248_reflex,,,,,0x100D237,,,,,0,1,0,mtl_ret_h1_248_sniper,
243,ret_interrupt_05,LOOT_JUN_RET_41,LUA_MENU_RETICLE_CAPS,h1_ret_jun_interrupt_05,mtl_ret_h1_249_reflex,,,,,,0x100D238,,,,0,0,1,mtl_ret_h1_122_reflex,
244,ret_interrupt_06,LOOT_JUN_RET_42,LUA_MENU_RETICLE_CAPS,h1_ret_jun_interrupt_06,mtl_ret_h1_250_reflex,,,,,,,0x100D239,,,0,1,0,mtl_ret_h1_122_reflex,
245,ret_interrupt_07,LOOT_JUN_RET_43,LUA_MENU_RETICLE_CAPS,h1_ret_jun_interrupt_07,mtl_ret_h1_251_reflex,,,,,,,,0x100D23A,,0,1,0,mtl_ret_h1_251_sniper,
246,ret_interrupt_reward,LOOT_JUN_RET_REWARD_03,LUA_MENU_RETICLE_CAPS,h1_ret_jun_interrupt_reward,mtl_ret_h1_252_reflex,,,,0x100D23B,,,,,,,,,mtl_ret_h1_122_reflex,
247,ret_phantasm_01,LOOT_JUN_RET_44,LUA_MENU_RETICLE_CAPS,h1_ret_jun_phantasm_01,mtl_ret_h1_253_reflex,,,,,,,,0x100D23D,,,,,mtl_ret_h1_253_sniper,
248,ret_phantasm_02,LOOT_JUN_RET_45,LUA_MENU_RETICLE_CAPS,h1_ret_jun_phantasm_02,mtl_ret_h1_254_reflex,,,,,,,0x100D23E,,,,,,mtl_ret_h1_122_reflex,
249,ret_phantasm_03,LOOT_JUN_RET_46,LUA_MENU_RETICLE_CAPS,h1_ret_jun_phantasm_03,mtl_ret_h1_255_reflex,,,,,,0x100D23F,,,,,,,mtl_ret_h1_122_reflex,
250,ret_phantasm_04,LOOT_JUN_RET_47,LUA_MENU_RETICLE_CAPS,h1_ret_jun_phantasm_04,mtl_ret_h1_256_reflex,,,,,0x100D240,,,,,,,,mtl_ret_h1_122_reflex,
251,ret_phantasm_05,LOOT_JUN_RET_48,LUA_MENU_RETICLE_CAPS,h1_ret_jun_phantasm_05,mtl_ret_h1_257_reflex,,,,,,,,0x100D241,,,,,mtl_ret_h1_257_sniper,
252,ret_phantasm_06,LOOT_JUN_RET_49,LUA_MENU_RETICLE_CAPS,h1_ret_jun_phantasm_06,mtl_ret_h1_258_reflex,,,,,,0x100D242,,,,,,,mtl_ret_h1_122_reflex,
253,ret_phantasm_07,LOOT_JUN_RET_50,LUA_MENU_RETICLE_CAPS,h1_ret_jun_phantasm_07,mtl_ret_h1_259_reflex,,,,,,,0x100D243,,,0,1,0,mtl_ret_h1_122_reflex,
254,ret_phantasm_reward,LOOT_JUN_RET_REWARD_04,LUA_MENU_RETICLE_CAPS,h1_ret_jun_phantasm_reward,mtl_ret_h1_260_reflex,,,,,0x100D244,,,,,,,,mtl_ret_h1_122_reflex,
255,ret_lynxcq300_01,LOOT_AUG_RET_01,LUA_MENU_RETICLE_CAPS,h1_ret_aug_lynxcq300_01,mtl_ret_h1_261_reflex,,,,0x100D3A1,,,,,,,,,mtl_ret_h1_122_reflex,
256,ret_pkpsd9_01,LOOT_AUG_RET_02,LUA_MENU_RETICLE_CAPS,h1_ret_aug_pkpsd9_01,mtl_ret_h1_262_reflex,,,,,0x100D3A2,,,,,,,,mtl_ret_h1_122_reflex,
257,ret_centermass_01,LOOT_AUG_RET_03,LUA_MENU_RETICLE_CAPS,h1_ret_aug_centermass_01,mtl_ret_h1_263_reflex,,,,0x100D3A3,,,,,,,,,mtl_ret_h1_122_reflex,
258,ret_elder_01,LOOT_AUG_RET_04,LUA_MENU_RETICLE_CAPS,h1_ret_aug_elder_01,mtl_ret_h1_264_reflex,,,,,,0x100D3A4,,,,,,,mtl_ret_h1_122_reflex,
259,ret_obsidian_01,LOOT_AUG_RET_05,LUA_MENU_RETICLE_CAPS,h1_ret_aug_obsidian_01,mtl_ret_h1_265_reflex,,,,,,,0x100D3A5,,,,,,mtl_ret_h1_122_reflex,
260,ret_ghillie_01,LOOT_AUG_RET_06,LUA_MENU_RETICLE_CAPS,h1_ret_aug_ghillie_01,mtl_ret_h1_266_reflex,,,,,,,,0x100D3A6,,,,,mtl_ret_h1_266_sniper,
261,ret_urbanoperator_01,LOOT_AUG_RET_07,LUA_MENU_RETICLE_CAPS,h1_ret_aug_urbanoperator_01,mtl_ret_h1_267_reflex,,,,,0x100D3A7,,,,,,,,mtl_ret_h1_122_reflex,
262,ret_firedrake_01,LOOT_AUG_RET_08,LUA_MENU_RETICLE_CAPS,h1_ret_aug_firedrake_01,mtl_ret_h1_268_reflex,,,,0x100D3A8,,,,,,,,,mtl_ret_h1_122_reflex,
263,ret_specops_01,LOOT_AUG_RET_09,LUA_MENU_RETICLE_CAPS,h1_ret_aug_specops_01,mtl_ret_h1_269_reflex,,,,,0x100D3A9,,,,,,,,mtl_ret_h1_122_reflex,
264,ret_enforce_01,LOOT_AUG_RET_10,LUA_MENU_RETICLE_CAPS,h1_ret_aug_enforce_01,mtl_ret_h1_270_reflex,,,,0x100D3AA,,,,,,,,,mtl_ret_h1_122_reflex,
265,ret_barber_01,LOOT_AUG_RET_11,LUA_MENU_RETICLE_CAPS,h1_ret_aug_barber_01,mtl_ret_h1_271_reflex,,,,,,,0x100D3AB,,,,,,mtl_ret_h1_122_reflex,
266,ret_dangerclose_01,LOOT_AUG_RET_12,LUA_MENU_RETICLE_CAPS,h1_ret_aug_dangerclose_01,mtl_ret_h1_272_reflex,,,,,0x100D3AC,,,,,,,,mtl_ret_h1_122_reflex,
267,ret_monarch2_01,LOOT_AUG_RET_13,LUA_MENU_RETICLE_CAPS,h1_ret_aug_monarch2_01,mtl_ret_h1_273_reflex,,,,,,,0x100D3AD,,,,,,mtl_ret_h1_122_reflex,
268,ret_monarch2_02,LOOT_AUG_RET_14,LUA_MENU_RETICLE_CAPS,h1_ret_aug_monarch2_02,mtl_ret_h1_274_reflex,,,,,,,,0x100D3AE,,,,,mtl_ret_h1_274_sniper,
269,ret_monarch2_03,LOOT_AUG_RET_15,LUA_MENU_RETICLE_CAPS,h1_ret_aug_monarch2_03,mtl_ret_h1_275_reflex,,,,,0x100D3AF,,,,,,,,mtl_ret_h1_122_reflex,
270,ret_monarch2_04,LOOT_AUG_RET_16,LUA_MENU_RETICLE_CAPS,h1_ret_aug_monarch2_04,mtl_ret_h1_276_reflex,,,,,0x100D3B0,,,,,,,,mtl_ret_h1_122_reflex,
271,ret_monarch2_05,LOOT_AUG_RET_17,LUA_MENU_RETICLE_CAPS,h1_ret_aug_monarch2_05,mtl_ret_h1_277_reflex,,,,,,0x100D3B1,,,,,,,mtl_ret_h1_122_reflex,
272,ret_monarch2_06,LOOT_AUG_RET_18,LUA_MENU_RETICLE_CAPS,h1_ret_aug_monarch2_06,mtl_ret_h1_278_reflex,,,,,,,,0x100D3B2,,0.5,0,1,mtl_ret_h1_278_sniper,
273,ret_monarch2_07,LOOT_AUG_RET_19,LUA_MENU_RETICLE_CAPS,h1_ret_aug_monarch2_07,mtl_ret_h1_279_reflex,,,,0x100D3B3,,,,,,0.5,0,1,mtl_ret_h1_122_reflex,
274,ret_monarch2_reward,LOOT_AUG_RET_REWARD_01,LUA_MENU_RETICLE_CAPS,h1_ret_aug_monarch2_reward,mtl_ret_h1_280_reflex,,,,,,0x100D3B4,,,,,,,mtl_ret_h1_122_reflex,
275,ret_wildcard_01,LOOT_AUG_RET_20,LUA_MENU_RETICLE_CAPS,h1_ret_aug_wildcard_01,mtl_ret_h1_281_reflex,,,,,,,,0x100D3B6,,,,,mtl_ret_h1_281_sniper,
276,ret_wildcard_02,LOOT_AUG_RET_21,LUA_MENU_RETICLE_CAPS,h1_ret_aug_wildcard_02,mtl_ret_h1_282_reflex,,,,0x100D3B7,,,,,,,,,mtl_ret_h1_122_reflex,
277,ret_wildcard_03,LOOT_AUG_RET_22,LUA_MENU_RETICLE_CAPS,h1_ret_aug_wildcard_03,mtl_ret_h1_283_reflex,,,,,0x100D3B8,,,,,,,,mtl_ret_h1_122_reflex,
278,ret_wildcard_04,LOOT_AUG_RET_23,LUA_MENU_RETICLE_CAPS,h1_ret_aug_wildcard_04,mtl_ret_h1_284_reflex,,,,,,,0x100D3B9,,,,,,mtl_ret_h1_122_reflex,
279,ret_wildcard_05,LOOT_AUG_RET_24,LUA_MENU_RETICLE_CAPS,h1_ret_aug_wildcard_05,mtl_ret_h1_285_reflex,,,,0x100D3BA,,,,,,,,,mtl_ret_h1_122_reflex,
280,ret_wildcard_06,LOOT_AUG_RET_25,LUA_MENU_RETICLE_CAPS,h1_ret_aug_wildcard_06,mtl_ret_h1_286_reflex,,,,,,0x100D3BB,,,,1,0.5,0,mtl_ret_h1_122_reflex,
281,ret_wildcard_07,LOOT_AUG_RET_26,LUA_MENU_RETICLE_CAPS,h1_ret_aug_wildcard_07,mtl_ret_h1_287_reflex,,,,,0x100D3BC,,,,,0,0.5,1,mtl_ret_h1_122_reflex,
282,ret_wildcard_reward,LOOT_AUG_RET_REWARD_02,LUA_MENU_RETICLE_CAPS,h1_ret_aug_wildcard_reward,mtl_ret_h1_288_reflex,,,,,,,,0x100D3BD,,,,,mtl_ret_h1_288_sniper,
