headshot,SPLASHES_HEADSHOT,,medal_kill_headshot,1.5,0.75,0.25,0.25,1,mp_ui_medal_headshot_ach,,splash,,
assistedsuicide,SPLASHES_ASSISTEDSUICIDE,,medal_kill_assisted_suicide,1.5,0.75,0.25,0.25,1,mp_ui_medal_ach,,splash,,
killstreak5,SPLASHES_BLOODTHIRSTY,,medal_killstreak_bloodthirsty,1.5,0.75,0.25,0.25,1,mp_ui_medal_ach,,splash,,
killstreak10,SPLASHES_MERCILESS,,medal_killstreak_merciless,1.5,0.75,0.25,0.25,1,mp_ui_medal_ach,,splash,,
killstreak15,SPLASHES_RUTHLESS,,medal_killstreak_ruthlessy,1.5,0.75,0.25,0.25,1,mp_ui_medal_ach,,splash,,
killstreak20,SPLASHES_RELENTLESS,,medal_killstreak_relentless,1.5,0.75,0.25,0.25,1,mp_ui_medal_ach,,splash,,
killstreak25,SPLASHES_BRUTAL,,medal_killstreak_brutal,1.5,0.75,0.25,0.25,1,mp_ui_medal_ach,,splash,,
killstreak30,SPLASHES_NUCLEAR,,medal_killstreak_nuclear,1.5,0.75,0.25,0.25,1,mp_ui_medal_ach,,splash,,
killstreak30plus,SPLASHES_UNSTOPPABLE,,medal_killstreak_unstoppable,1.5,0.75,0.25,0.25,1,mp_ui_medal_ach,,splash,,
callout_kill_streaking,SPLASHES_KILL_STREAKING,SPLASHES_KILL_STREAKING,,4,1,1,1,1,null,,playercard_splash,,
longshot,SPLASHES_LONGSHOT,,medal_kill_longshot,1.5,0.75,0.25,0.25,1,mp_ui_medal_ach,,splash,,
firstplacekill,SPLASHES_FIRST_PLACE_KILL,,medal_kill_kingslayer,1.5,0.75,0.25,0.25,1,mp_ui_medal_ach,,splash,,
backstab,SPLASHES_BACKSTAB,,medal_kill_rabbit_punch,1.5,0.75,0.25,0.25,1,mp_ui_medal_ach,,splash,,
bulletpen,SPLASHES_BULLETPEN,,medal_kill_puncture,1.5,0.75,0.25,0.25,1,mp_ui_medal_ach,,splash,,
avenger,SPLASHES_AVENGER,,medal_kill_avenger,1.5,0.75,0.25,0.25,1,mp_ui_medal_ach,,splash,,
defender,SPLASHES_DEFENDER,,medal_kill_savior,1.5,0.75,0.25,0.25,1,mp_ui_medal_ach,,splash,,
pointblank,SPLASHES_POINT_BLANK,,medal_kill_point_blank,1.5,0.75,0.25,0.25,1,mp_ui_medal_ach,,splash,,
posthumous,SPLASHES_POSTHUMOUS,,medal_kill_after_life,1.5,0.75,0.25,0.25,1,mp_ui_medal_ach,,splash,,
oneshotkill,SPLASHES_ONE_SHOT_KILL,,medal_kill_one_shot_one_kill,1.5,0.75,0.25,0.25,1,mp_ui_medal_ach,,splash,,
revenge,SPLASHES_REVENGE,,medal_kill_revenge,1.5,0.75,0.25,0.25,1,mp_ui_medal_ach,,splash,,
doublekill,SPLASHES_DOUBLEKILL,,medal_rapid_double_kill,1.5,0.75,0.25,0.25,1,mp_ui_medal_ach,,splash,,
triplekill,SPLASHES_TRIPLEKILL,,medal_rapidkill_triple_kill,1.5,0.75,0.25,0.25,1,mp_ui_medal_ach,,splash,,
callout_3xkill,SPLASHES_TRIPLEKILL,SPLASHES_TRIPLEKILL_DESC,,4,1,1,1,1,null,,playercard_splash,,
fourkill,SPLASHES_FOURKILL,,medal_rapidkill_fury_kill,1.5,0.75,0.25,0.25,1,mp_ui_medal_ach,,splash,,
callout_4xkill,SPLASHES_FOURKILL,SPLASHES_FOURKILL_DESC,,4,1,1,1,1,null,,playercard_splash,,
fivekill,SPLASHES_FIVEKILL,,medal_rapidkill_frenzy_kill,1.5,0.75,0.25,0.25,1,mp_ui_medal_ach,,splash,,
callout_5xkill,SPLASHES_FIVEKILL,SPLASHES_FIVEKILL_DESC,,4,1,1,1,1,null,,playercard_splash,,
sixkill,SPLASHES_SIXKILL,,medal_rapidkill_super_kill,1.5,0.75,0.25,0.25,1,mp_ui_medal_ach,,splash,,
callout_6xkill,SPLASHES_SIXKILL,SPLASHES_SIXKILL_DESC,,4,1,1,1,1,null,,playercard_splash,,
sevenkill,SPLASHES_SEVENKILL,,medal_rapidkill_mega_kill,1.5,0.75,0.25,0.25,1,mp_ui_medal_ach,,splash,,
callout_7xkill,SPLASHES_SEVENKILL,SPLASHES_SEVENKILL_DESC,,4,1,1,1,1,null,,playercard_splash,,
eightkill,SPLASHES_EIGHTKILL,,medal_rapidkill_ultra_kill,1.5,0.75,0.25,0.25,1,mp_ui_medal_ach,,splash,,
callout_8xkill,SPLASHES_EIGHTKILL,SPLASHES_EIGHTKILL_DESC,,4,1,1,1,1,null,,playercard_splash,,
multikill,SPLASHES_MULTIKILL,,medal_rapidkill_kill_chain,1.5,0.75,0.25,0.25,1,mp_ui_medal_ach,,splash,,
callout_9xpluskill,SPLASHES_MULTIKILL,SPLASHES_MULTIKILL_DESC,,4,1,1,1,1,null,,playercard_splash,,
firstblood,SPLASHES_FIRSTBLOOD,,medal_kill_first_blood,1.5,0.75,0.25,0.25,1,mp_ui_medal_ach,,splash,,
callout_firstblood,SPLASHES_FIRSTBLOOD,SPLASHES_FIRSTBLOOD,,4,1,1,1,1,null,,playercard_splash,,
buzzkill,SPLASHES_BUZZKILL,,medal_kill_buzzkill,1.5,0.75,0.25,0.25,1,mp_ui_medal_ach,,splash,,
comeback,SPLASHES_COMEBACK,,medal_kill_comeback,1.5,0.75,0.25,0.25,1,mp_ui_medal_ach,,splash,,
flag_return,SPLASHES_FLAGRETURN,,medal_gamemode_homeward,1.5,0.75,0.25,0.25,1,mp_ui_medal_ach,,splash,,
callout_flagreturn,SPLASHES_FLAG_RETURN,SPLASHES_FLAG_RETURN,,4,1,1,1,1,null,,playercard_splash,,
flag_pickup,SPLASHES_FLAGPICKUP,,medal_gamemode_snagged,1.5,0.75,0.25,0.25,1,mp_ui_medal_ach,,splash,,
callout_flagpickup,SPLASHES_FLAG_PICKUP,SPLASHES_FLAG_PICKUP,,4,1,1,1,1,null,,playercard_splash,,
kill_with_flag,SPLASHES_KILL_WITH_FLAG,,medal_gamemode_denied,1.5,0.75,0.25,0.25,1,mp_ui_medal_ach,,splash,,
kill_flag_carrier,SPLASHES_KILLED_FLAG_CARRIER,,medal_gamemode_takedown,1.5,0.75,0.25,0.25,1,mp_ui_medal_ach,,splash,,
callout_killflagcarrier,SPLASHES_KILLED_FLAG_CARRIER,SPLASHES_KILLED_FLAG_CARRIER,,4,1,1,1,1,null,,playercard_splash,,
flag_capture,SPLASHES_FLAG_CAPTURED,,medal_gamemode_playmaker,1.5,0.75,0.25,0.25,1,mp_ui_medal_ach,,splash,,
callout_flagcapture,SPLASHES_FLAG_CAPTURE,SPLASHES_FLAG_CAPTURE,,4,1,1,1,1,null,,playercard_splash,,
assault,SPLASHES_ASSAULT,,medal_gamemode_vanguard,1.5,0.75,0.25,0.25,1,mp_ui_medal_ach,,splash,,
defend,SPLASHES_DEFEND,,medal_gamemode_defender,1.5,0.75,0.25,0.25,1,mp_ui_medal_ach,,splash,,
tag_collector,SPLASHES_TAG_COLLECTOR,,medal_gamemode_clean_up,1.5,0.75,0.25,0.25,1,mp_ui_medal_ach,,splash,,
kill_denied_retrieved,SPLASHES_TAGS_RETRIEVED,,medal_gamemode_retrieved,1.5,0.75,0.25,0.25,1,mp_ui_medal_ach,,splash,,
dropped_enemy_gun_rank,SPLASHES_GUN_HUMILIATION,,medal_gamemode_humiliation,1.5,0.75,0.25,0.25,1,mp_ui_medal_ach,,splash,,
dropped_first_player_gun_rank,SPLASHES_GUN_REGICIDE,,medal_gamemode_regicide,1.5,0.75,0.25,0.25,1,mp_ui_medal_ach,,splash,,
callout_top_gun_rank,SPLASHES_TOP_GUN_RANK,SPLASHES_TOP_GUN_RANK,,4,1,1,1,1,null,,playercard_splash,,
quick_gun_rank,SPLASHES_GUN_QUICK_RANK,,medal_gamemode_gunslinger,1.5,0.75,0.25,0.25,1,mp_ui_medal_ach,,splash,,
gained_gun_score,SPLASHES_GUN_LEVEL_UP,,medal_gamemode_level_up,1.5,0.75,0.25,0.25,1,mp_ui_medal_ach,,splash,,
dropped_gun_score,SPLASHES_GUN_DROPPED,,medal_gamemode_deja_vu,1.5,0.75,0.25,0.25,1,mp_ui_medal_ach,,splash,,
final_survivor,SPLASHES_FINAL_SURVIVOR,,medal_gamemode_omega_man,1.5,0.75,0.25,0.25,1,mp_ui_medal_ach,,splash,,
callout_final_survivor,SPLASHES_CO_FINAL_SURVIVOR,SPLASHES_CO_FINAL_SURVIVOR,,4,1,1,1,1,null,,playercard_splash,,
infected_plague,SPLASHES_INFECTED_PLAGUE,,medal_gamemode_plague,1.5,0.75,0.25,0.25,1,mp_ui_medal_ach,,splash,,
first_infected,SPLASHES_FIRST_INFECTED,,medal_gamemode_patient_zero,1.5,0.75,0.25,0.25,1,mp_ui_medal_ach,,splash,,
callout_first_infected,SPLASHES_CO_FIRST_INFECTED,SPLASHES_CO_FIRST_INFECTED,,4,1,1,1,1,null,,playercard_splash,,
got_infected,SPLASHES_GOT_INFECTED,,medal_gamemode_careless,1.5,0.75,0.25,0.25,1,mp_ui_medal_ach,,splash,,
callout_got_infected,SPLASHES_CO_GOT_INFECTED,SPLASHES_CO_GOT_INFECTED,,4,1,1,1,1,null,,playercard_splash,,
survivor,SPLASHES_SURVIVOR,,medal_gamemode_survivor,1.5,0.75,0.25,0.25,1,mp_ui_medal_ach,,splash,,
infected_survivor,SPLASHES_INFECTED_SURVIVOR,,medal_gamemode_contagious,1.5,0.75,0.25,0.25,1,mp_ui_medal_ach,,splash,,
callout_infected_survivor,SPLASHES_CO_INFECTED_SURVIVOR,SPLASHES_CO_INFECTED_SURVIVOR,,4,1,1,1,1,null,,playercard_splash,,
capture,SPLASHES_CAPTURE,,medal_gamemode_secure,1.5,0.75,0.25,0.25,1,mp_ui_medal_ach,,splash,,
callout_securedposition_a,SPLASHES_SECURED_POSITION_A,SPLASHES_SECURED_POSITION_A,,4,1,1,1,1,null,,playercard_splash,,
callout_securedposition_b,SPLASHES_SECURED_POSITION_B,SPLASHES_SECURED_POSITION_B,,4,1,1,1,1,null,,playercard_splash,,
callout_securedposition_c,SPLASHES_SECURED_POSITION_C,SPLASHES_SECURED_POSITION_C,,4,1,1,1,1,null,,playercard_splash,,
neutralize,SPLASHES_NEUTRALIZE,,medal_gamemode_secure,1.5,0.75,0.25,0.25,1,mp_ui_medal_ach,,splash,,
callout_neutralized_position_a,SPLASHES_NEUTRALIZED_POSITION_A,SPLASHES_NEUTRALIZED_POSITION_A,,4,1,1,1,1,null,,playercard_splash,,
callout_neutralized_position_b,SPLASHES_NEUTRALIZED_POSITION_B,SPLASHES_NEUTRALIZED_POSITION_B,,4,1,1,1,1,null,,playercard_splash,,
callout_neutralized_position_c,SPLASHES_NEUTRALIZED_POSITION_C,SPLASHES_NEUTRALIZED_POSITION_C,,4,1,1,1,1,null,,playercard_splash,,
opening_move,SPLASHES_OPENING_MOVE,,medal_gamemode_opening_move,1.5,0.75,0.25,0.25,1,mp_ui_medal_ach,,splash,,
kill_while_capture,SPLASHES_KILL_WHILE_CAPTURE,,medal_gamemode_aggression,1.5,0.75,0.25,0.25,1,mp_ui_medal_ach,,splash,,
plant,SPLASHES_PLANT,,medal_gamemode_countdown,1.5,0.75,0.25,0.25,1,mp_ui_medal_ach,,splash,,
callout_bombplanted,SPLASHES_BOMB_PLANTED,SPLASHES_BOMB_PLANTED,,4,1,1,1,1,null,,playercard_splash,,
destroy,SPLASHES_DESTROY,,medal_gamemode_bomber,1.5,0.75,0.25,0.25,1,mp_ui_medal_ach,,splash,,
defuse,SPLASHES_DEFUSE,,medal_gamemode_hero,1.5,0.75,0.25,0.25,1,mp_ui_medal_ach,,splash,,
callout_bombdefused,SPLASHES_BOMB_DEFUSED,SPLASHES_BOMB_DEFUSED,,4,1,1,1,1,null,,playercard_splash,,
ninja_defuse,SPLASHES_NINJA_DEFUSE,,medal_gamemode_ninja_defuse,1.5,0.75,0.25,0.25,1,mp_ui_medal_ach,,splash,,
last_man_defuse,SPLASHES_LAST_MAN_DEFUSE,,medal_gamemode_clutch,1.5,0.75,0.25,0.25,1,mp_ui_medal_ach,,splash,,
last_man_standing,SPLASHES_LM_ELIMINATION,,medal_gamemode_last_man_standing,1.5,0.75,0.25,0.25,1,mp_ui_medal_ach,,splash,,
elimination,SPLASHES_ELIMINATION,,medal_gamemode_elimination,1.5,0.75,0.25,0.25,1,mp_ui_medal_ach,,splash,,
callout_eliminated,SPLASHES_ELIMINATED,SPLASHES_ELIMINATED,,4,1,1,1,1,null,,playercard_splash,,
callout_tag_revive,SPLASHES_CO_REVIVED,SPLASHES_CO_REVIVED,,4,1,1,1,1,null,,playercard_splash,,
hp_secure,SPLASHES_HP_SECURE,,medal_gamemode_hardpoint_secure,1.5,0.75,0.25,0.25,1,mp_ui_medal_ach,,splash,,
callout_hp_captured_by,SPLASHES_HP_SECURE,SPLASHES_HP_CAPTURE,,4,1,1,1,1,null,,playercard_splash,,
near_death_kill,SPLASHES_NEAR_DEATH_KILL,,medal_gamemode_survivor,1.5,0.75,0.25,0.25,1,mp_ui_medal_ach,,splash,,
flash_kill,SPLASHES_FLASH_KILL,,medal_kill_blindfight,1.5,0.75,0.25,0.25,1,mp_ui_medal_ach,,splash,,
multiKillOneBullet,SPLASHES_EFFICIENY,,medal_kill_efficiency,1.5,0.75,0.25,0.25,1,mp_ui_medal_ach,,splash,,
think_fast,SPLASHES_THINK_FAST,,medal_kill_think_fast,1.5,0.75,0.25,0.25,1,mp_ui_medal_ach,,splash,,
throwback_kill,SPLASHES_THROWBACK_KILL,,medal_kill_return_to_sender,1.5,0.75,0.25,0.25,1,mp_ui_medal_ach,,splash,,
take_and_kill,SPLASHES_TAKE_AND_KILL,,medal_kill_backfire,1.5,0.75,0.25,0.25,1,mp_ui_medal_ach,,splash,,
touchdown,SPLASHES_TOUCHDOWN,,medal_gamemode_hacker,1.5,0.75,0.25,0.25,1,mp_ui_medal_ach,,splash,,
callout_touchdown,SPLASHES_TOUCHDOWN_SCORE,SPLASHES_TOUCHDOWN_SCORE,,4,1,1,1,1,null,,playercard_splash,,
fieldgoal,SPLASHES_FIELDGOAL,,medal_gamemode_ddos,1.5,0.75,0.25,0.25,1,mp_ui_medal_ach,,splash,,
callout_fieldgoal,SPLASHES_FIELDGOAL_SCORE,SPLASHES_FIELDGOAL_SCORE,,4,1,1,1,1,null,,playercard_splash,,
callout_ballreset,MP_BALL_RESET,,,4,1,1,1,1,null,,playercard_splash,,
interception,SPLASHES_INTERCEPTION,,medal_gamemode_counter_hack,1.5,0.75,0.25,0.25,1,mp_ui_medal_ach,,splash,,
kill_with_ball,SPLASHES_KILL_WITH_BALL,,medal_gamemode_virus,1.5,0.75,0.25,0.25,1,mp_ui_medal_ach,,splash,,
ball_score_assist,SPLASHES_BALL_SCORE_ASSIST,,medal_gamemode_trojan,1.5,0.75,0.25,0.25,1,mp_ui_medal_ach,,splash,,
killedBallCarrier,SPLASHES_BALL_KILLED_CARRIER,,medal_gamemode_firewall,1.5,0.75,0.25,0.25,1,mp_ui_medal_ach,,splash,,
pass_kill_pickup,SPLASHES_PASS_KILL_PICKUP,,medal_gamemode_zero_cool,1.5,0.75,0.25,0.25,1,mp_ui_medal_ach,,splash,,
radar_mp_earned,KILLSTREAKS_RADAR,,medal_radar_earned,1.5,0.75,0.25,0.25,1,mp_ui_medal_ach,,splash,,
airstrike_mp_earned,KILLSTREAKS_AIRSTRIKE,,medal_airstrike_earned,1.5,0.75,0.25,0.25,1,mp_ui_medal_ach,,splash,,
helicopter_mp_earned,KILLSTREAKS_HELICOPTER,,medal_helicopter_earned,1.5,0.75,0.25,0.25,1,mp_ui_medal_ach,,splash,,
ranked_up,SPLASHES_RANKED_UP,SPLASHES_RANKED_UP_DESC,,4,0.75,0.25,0.25,1,mp_level_up,,rankup_splash,,
prestige1,SPLASHES_RANKED_UP,SPLASHES_RANKED_UP_DESC,rank_prestige1,4,0.75,0.25,0.25,1,mp_level_up,,urgent_splash,,
prestige2,SPLASHES_RANKED_UP,SPLASHES_RANKED_UP_DESC,rank_prestige2,4,0.75,0.25,0.25,1,mp_level_up,,urgent_splash,,
prestige3,SPLASHES_RANKED_UP,SPLASHES_RANKED_UP_DESC,rank_prestige3,4,0.75,0.25,0.25,1,mp_level_up,,urgent_splash,,
prestige4,SPLASHES_RANKED_UP,SPLASHES_RANKED_UP_DESC,rank_prestige4,4,0.75,0.25,0.25,1,mp_level_up,,urgent_splash,,
prestige5,SPLASHES_RANKED_UP,SPLASHES_RANKED_UP_DESC,rank_prestige5,4,0.75,0.25,0.25,1,mp_level_up,,urgent_splash,,
prestige6,SPLASHES_RANKED_UP,SPLASHES_RANKED_UP_DESC,rank_prestige6,4,0.75,0.25,0.25,1,mp_level_up,,urgent_splash,,
prestige7,SPLASHES_RANKED_UP,SPLASHES_RANKED_UP_DESC,rank_prestige7,4,0.75,0.25,0.25,1,mp_level_up,,urgent_splash,,
prestige8,SPLASHES_RANKED_UP,SPLASHES_RANKED_UP_DESC,rank_prestige8,4,0.75,0.25,0.25,1,mp_level_up,,urgent_splash,,
prestige9,SPLASHES_RANKED_UP,SPLASHES_RANKED_UP_DESC,rank_prestige9,4,0.75,0.25,0.25,1,mp_level_up,,urgent_splash,,
prestige10,SPLASHES_RANKED_UP,SPLASHES_RANKED_UP_DESC,rank_prestige10,4,0.75,0.25,0.25,1,mp_level_up,,urgent_splash,,
prestige11,SPLASHES_RANKED_UP,SPLASHES_RANKED_UP_DESC,rank_prestige11,4,0.75,0.25,0.25,1,mp_level_up,,urgent_splash,,
prestige12,SPLASHES_RANKED_UP,SPLASHES_RANKED_UP_DESC,rank_prestige12,4,0.75,0.25,0.25,1,mp_level_up,,urgent_splash,,
prestige13,SPLASHES_RANKED_UP,SPLASHES_RANKED_UP_DESC,rank_prestige13,4,0.75,0.25,0.25,1,mp_level_up,,urgent_splash,,
prestige14,SPLASHES_RANKED_UP,SPLASHES_RANKED_UP_DESC,rank_prestige14,4,0.75,0.25,0.25,1,mp_level_up,,urgent_splash,,
prestige15,SPLASHES_RANKED_UP,SPLASHES_RANKED_UP_DESC,rank_prestige15,4,0.75,0.25,0.25,1,mp_level_up,,urgent_splash,,
prestige16,SPLASHES_RANKED_UP,SPLASHES_RANKED_UP_DESC,rank_prestige16,4,0.75,0.25,0.25,1,mp_level_up,,urgent_splash,,
prestige17,SPLASHES_RANKED_UP,SPLASHES_RANKED_UP_DESC,rank_prestige17,4,0.75,0.25,0.25,1,mp_level_up,,urgent_splash,,
prestige18,SPLASHES_RANKED_UP,SPLASHES_RANKED_UP_DESC,rank_prestige18,4,0.75,0.25,0.25,1,mp_level_up,,urgent_splash,,
prestige19,SPLASHES_RANKED_UP,SPLASHES_RANKED_UP_DESC,rank_prestige19,4,0.75,0.25,0.25,1,mp_level_up,,urgent_splash,,
prestige20,SPLASHES_RANKED_UP,SPLASHES_RANKED_UP_DESC,rank_prestige20,4,0.75,0.25,0.25,1,mp_level_up,,urgent_splash,,
prestige21,SPLASHES_RANKED_UP,SPLASHES_RANKED_UP_DESC,rank_prestige21,4,0.75,0.25,0.25,1,mp_level_up,,urgent_splash,,
prestige22,SPLASHES_RANKED_UP,SPLASHES_RANKED_UP_DESC,rank_prestige22,4,0.75,0.25,0.25,1,mp_level_up,,urgent_splash,,
prestige23,SPLASHES_RANKED_UP,SPLASHES_RANKED_UP_DESC,rank_prestige23,4,0.75,0.25,0.25,1,mp_level_up,,urgent_splash,,
prestige24,SPLASHES_RANKED_UP,SPLASHES_RANKED_UP_DESC,rank_prestige24,4,0.75,0.25,0.25,1,mp_level_up,,urgent_splash,,
prestige25,SPLASHES_RANKED_UP,SPLASHES_RANKED_UP_DESC,rank_prestige25,4,0.75,0.25,0.25,1,mp_level_up,,urgent_splash,,
prestige26,SPLASHES_RANKED_UP,SPLASHES_RANKED_UP_DESC,rank_prestige26,4,0.75,0.25,0.25,1,mp_level_up,,urgent_splash,,
prestige27,SPLASHES_RANKED_UP,SPLASHES_RANKED_UP_DESC,rank_prestige27,4,0.75,0.25,0.25,1,mp_level_up,,urgent_splash,,
prestige28,SPLASHES_RANKED_UP,SPLASHES_RANKED_UP_DESC,rank_prestige28,4,0.75,0.25,0.25,1,mp_level_up,,urgent_splash,,
prestige29,SPLASHES_RANKED_UP,SPLASHES_RANKED_UP_DESC,rank_prestige29,4,0.75,0.25,0.25,1,mp_level_up,,urgent_splash,,
prestige30,SPLASHES_RANKED_UP,SPLASHES_RANKED_UP_DESC,rank_prestige30,4,0.75,0.25,0.25,1,mp_level_up,,urgent_splash,,
prestigeMaster,CHALLENGE_PRESTIGE_MAX,,rank_prestigeMaster,4,0.75,0.25,0.25,1,mp_level_up,,urgent_splash,,
prestigeMaster2,CHALLENGE_PRESTIGE_MAX_2,,rank_prestigeMaster,4,0.75,0.25,0.25,1,mp_level_up,,urgent_splash,,
helicopter_destroyed,SPLASHES_HELICOPTER_DESTROYED,,medal_destroyscorestreak_blackout,1.5,0.75,0.25,0.25,1,mp_ui_medal_ach,,splash,,
callout_destroyed_helicopter,SPLASHES_HELICOPTER_DESTROYED,SPLASHES_HELICOPTER_DESTROYED_DESC,,4,1,1,1,1,null,,playercard_splash,,
assist_killstreak_destroyed,SPLASHES_ASSIST_DESTROYED,,medal_scorestreak_vandalism,1.5,0.75,0.25,0.25,1,mp_ui_medal_ach,,splash,,
radar_mp,MP_EARNED_RADAR,KILLSTREAKS_RADAR,compass_objpoint_satallite,2.5,0.25,0.75,0.25,1,mp_killstreak_radar,,killstreak_splash,,
airstrike_mp,MP_EARNED_AIRSTRIKE,KILLSTREAKS_AIRSTRIKE,compass_objpoint_airstrike,2.5,0.25,0.75,0.25,1,mp_killstreak_jet,,killstreak_splash,,
helicopter_mp,MP_EARNED_HELICOPTER,KILLSTREAKS_HELICOPTER,compass_objpoint_helicopter,2.5,0.25,0.75,0.25,1,mp_killstreak_heli,,killstreak_splash,,
specialty_juiced,PERKS_JUICED,PERKS_DESC_JUICED,specialty_s1_temp,2.5,0.75,0.25,0.25,1,mp_ui_medal_ach,,splash,,
specialty_finalstand,PERKS_FINALSTAND,SPLASHES_FINALSTAND_DESC,specialty_s1_temp,2.5,0.75,0.25,0.25,1,mp_ui_medal_ach,,splash,,
callout_lastenemyalive,SPLASHES_LAST_ENEMY_ALIVE,SPLASHES_LAST_ENEMY_ALIVE,,4,1,1,1,1,null,,playercard_splash,,
callout_lastteammemberalive,SPLASHES_LAST_TEAM_MEMBER_ALIVE,SPLASHES_LAST_TEAM_MEMBER_ALIVE,,4,1,1,1,1,null,,playercard_splash,,
callout_destroyed_helicopter,SPLASHES_DESTROYED_HELICOPTER,SPLASHES_DESTROYED_HELICOPTER,,4,1,1,1,1,null,,playercard_splash,,
callout_destroyed_little_bird,SPLASHES_DESTROYED_LITTLE_BIRD,SPLASHES_DESTROYED_LITTLE_BIRD,,4,1,1,1,1,null,,playercard_splash,,
callout_destroyed_harrier,SPLASHES_DESTROYED_HARRIER,SPLASHES_DESTROYED_HARRIER,,4,1,1,1,1,null,,playercard_splash,,
callout_destroyed_predator_missile,SPLASHES_DESTROYED_PREDATOR_MISSILE,SPLASHES_DESTROYED_PREDATOR_MISSILE,,4,1,1,1,1,null,,playercard_splash,,
callout_killed_juggernaut,SPLASHES_KILLED_JUGGERNAUT,SPLASHES_KILLED_JUGGERNAUT,,4,1,1,1,1,null,,playercard_splash,,
callout_destroyed_heavyexoattachment,SPLASHES_HEAVYEXO_DESTROYEDATTACH,SPLASHES_HEAVYEXO_DESTROYEDATTACH,,4,1,1,1,1,null,,playercard_splash,,
callout_weakened_heavyexoattachment,SPLASHES_HEAVYEXO_WEAKENED,SPLASHES_HEAVYEXO_WEAKENED,,4,1,1,1,1,null,,playercard_splash,,
callout_dropped_juggernaut,SPLASHES_DROPPED_JUGGERNAUT,SPLASHES_DROPPED_JUGGERNAUT,,4,1,1,1,1,null,,playercard_splash,,
callout_bombtaken,SPLASHES_BOMB_TAKEN,SPLASHES_BOMB_TAKEN,,4,1,1,1,1,null,,playercard_splash,,
callout_bombdropped,SPLASHES_BOMB_DROPPED,SPLASHES_BOMB_DROPPED,,4,1,1,1,1,null,,playercard_splash,,
callout_securedposition,SPLASHES_SECURED_POSITION,SPLASHES_SECURED_POSITION,,4,1,1,1,1,null,,playercard_splash,,
callout_killcarrier,SPLASHES_KILLED_CARRIER,SPLASHES_KILLED_CARRIER,,4,1,1,1,1,null,,playercard_splash,,
callout_killconfirmed,SPLASHES_KILL_CONFIRMED,SPLASHES_KILL_CONFIRMED,,4,1,1,1,1,null,,playercard_splash,,
callout_new_juggernaut,SPLASHES_NEW_JUGGERNAUT,SPLASHES_NEW_JUGGERNAUT,,4,1,1,1,1,null,,playercard_splash,,
callout_earned_carepackage,SPLASHES_EARNED_CAREPACKAGE,SPLASHES_EARNED_CAREPACKAGE,,4,1,1,1,1,null,,playercard_splash,,
callout_destroyed_orbital_carepackage,SPLASHES_DESTROYED_CAREPACKAGE,SPLASHES_DESTROYED_CAREPACKAGE,,4,1,1,1,1,null,,playercard_splash,,
callout_destroyed_tram_turet,MP_DETROIT_DESTROYED_TRAMTURRET,MP_DETROIT_DESTROYED_TRAMTURRET,,4,1,1,1,1,null,,playercard_splash,,
callout_destroyed_terrace_sniper_drone,MP_TERRACE_DESTROYED_SNIPERDRONE,MP_TERRACE_DESTROYED_SNIPERDRONE,,4,1,1,1,1,null,,playercard_splash,,
copied,SPLASHES_COPIED,SPLASHES_COPIED,,3,0.75,0.25,0.25,1,null,,playercard_splash,,
revived,SPLASHES_REVIVED,SPLASHES_REVIVED,,3,0.75,0.25,0.25,1,null,,playercard_splash,,
callout_time_added,SPLASHES_TIMEADDED,SPLASHES_TIMEADDED,,4,1,1,1,1,null,,playercard_splash,,
callout_destroyed_objective,SPLASHES_DESTROYED_OBJECTIVE,SPLASHES_DESTROYED_OBJECTIVE,,4,1,1,1,1,null,,playercard_splash,,
callout_saved_objective,SPLASHES_SAVED_OBJECTIVE,SPLASHES_SAVED_OBJECTIVE,,4,1,1,1,1,null,,playercard_splash,,
denied,SPLASHES_DENIED,SPLASHES_DENIED_DESC,,2.5,0.75,0.25,0.25,1,mp_ui_medal_ach,,splash,,
destroyed_insertion,SPLASHES_DESTROYED_INSERTION,SPLASHES_DESTROYED_INSERTION,,2.5,0.75,0.25,0.25,1,null,,playercard_splash,,
reviver,SPLASHES_REVIVER,SPLASHES_REVIVER_DESC,,1.5,0.75,0.25,0.25,1,mp_ui_medal_ach,,splash,,
promotion,RANK_PROMOTED,RANK_PROMOTED,,4,0.75,0.25,0.25,1,mp_level_up,,promotion_splash,,
promotion_weapon,RANK_PROMOTED_WEAPON,RANK_PROMOTED_WEAPON,,4,0.75,0.25,0.25,1,mp_level_up,,promotion_weapon_splash,,
callout_capturedhq,SPLASHES_CAPTURED_HQ,SPLASHES_CAPTURED_HQ,,4,1,1,1,1,null,,playercard_splash,,
callout_destroyedhq,SPLASHES_DESTROYED_HQ,SPLASHES_DESTROYED_HQ,,4,1,1,1,1,null,,playercard_splash,,
time_added,SPLASHES_TIME_ADDED,SPLASHES_TIME_ADDED_DESC,ui_time_added,4,1,0.8,0.4,1,mp_ui_medal_ach,,splash,,
sab_overtime,MP_SUDDEN_DEATH,MP_NO_RESPAWN,ui_overtime,3,1,0,0,1,mp_last_stand,,splash,,
callout_mugged,SPLASHES_MUGGED,SPLASHES_MUGGED_DESC,ui_mugged,3,0.75,0.25,0.25,1,mp_ui_medal_ach,,urgent_splash,,
callout_mugger,SPLASHES_MUGGER,SPLASHES_MUGGER_DESC,ui_mugger,3,0.25,0.75,0.25,1,mp_ui_medal_ach,,urgent_splash,,
mugger_megadrop,SPLASHES_MUGGER_MEGADROP,SPLASHES_MUGGER_DESC,ui_mugger_megadrop,4,0.75,0.75,0.25,1,mp_ui_medal_ach,,splash,,
callout_tags_banked,SPLASHES_TAGS_BANKED,SPLASHES_TAGS_BANKED,ui_mugger_banked,4,0.25,0.75,0.25,1,mp_ui_medal_ach,,urgent_splash,,
mugger_suicide,SPLASHES_MUGGER_SUICIDE,SPLASHES_MUGGED_DESC,ui_mugger_suicide,3,0.75,0.25,0.25,1,mp_ui_medal_ach,,urgent_splash,,
ch_marksman_h1_ak47,CHALLENGE_MARKSMAN_AK47,CHALLENGE_MARKSMAN_DESC,ui_challenge_ars,3.5,0.25,0.75,0.25,1,mp_challenge_complete,,challenge_splash,weapon_ak47,
ch_marksman_h1_g3,CHALLENGE_MARKSMAN_G3,CHALLENGE_MARKSMAN_DESC,ui_challenge_ars,3.5,0.25,0.75,0.25,1,mp_challenge_complete,,challenge_splash,weapon_g3,
ch_marksman_h1_g36c,CHALLENGE_MARKSMAN_G36C,CHALLENGE_MARKSMAN_DESC,ui_challenge_ars,3.5,0.25,0.75,0.25,1,mp_challenge_complete,,challenge_splash,weapon_g36c,
ch_marksman_h1_m14,CHALLENGE_MARKSMAN_M14,CHALLENGE_MARKSMAN_DESC,ui_challenge_ars,3.5,0.25,0.75,0.25,1,mp_challenge_complete,,challenge_splash,weapon_m14,
ch_marksman_h1_m16,CHALLENGE_MARKSMAN_M16,CHALLENGE_MARKSMAN_DESC,ui_challenge_ars,3.5,0.25,0.75,0.25,1,mp_challenge_complete,,challenge_splash,weapon_m16a4,
ch_marksman_h1_m4,CHALLENGE_MARKSMAN_M4,CHALLENGE_MARKSMAN_DESC,ui_challenge_ars,3.5,0.25,0.75,0.25,1,mp_challenge_complete,,challenge_splash,weapon_m4carbine,
ch_marksman_h1_ak74u,CHALLENGE_MARKSMAN_AK74U,CHALLENGE_MARKSMAN_DESC,ui_challenge_smgs,3.5,0.25,0.75,0.25,1,mp_challenge_complete,,challenge_splash,weapon_aks74u,
ch_marksman_h1_mp5,CHALLENGE_MARKSMAN_MP5,CHALLENGE_MARKSMAN_DESC,ui_challenge_smgs,3.5,0.25,0.75,0.25,1,mp_challenge_complete,,challenge_splash,weapon_mp5,
ch_marksman_h1_p90,CHALLENGE_MARKSMAN_P90,CHALLENGE_MARKSMAN_DESC,ui_challenge_smgs,3.5,0.25,0.75,0.25,1,mp_challenge_complete,,challenge_splash,weapon_p90,
ch_marksman_h1_skorpion,CHALLENGE_MARKSMAN_SKORPION,CHALLENGE_MARKSMAN_DESC,ui_challenge_smgs,3.5,0.25,0.75,0.25,1,mp_challenge_complete,,challenge_splash,weapon_skorpion,
ch_marksman_h1_uzi,CHALLENGE_MARKSMAN_UZI,CHALLENGE_MARKSMAN_DESC,ui_challenge_smgs,3.5,0.25,0.75,0.25,1,mp_challenge_complete,,challenge_splash,weapon_mini_uzi,
ch_marksman_h1_m60e4,CHALLENGE_MARKSMAN_M60E4,CHALLENGE_MARKSMAN_DESC,ui_challenge_heavy_weapons,3.5,0.25,0.75,0.25,1,mp_challenge_complete,,challenge_splash,weapon_m60e4,
ch_marksman_h1_rpd,CHALLENGE_MARKSMAN_RPD,CHALLENGE_MARKSMAN_DESC,ui_challenge_heavy_weapons,3.5,0.25,0.75,0.25,1,mp_challenge_complete,,challenge_splash,weapon_rpd,
ch_marksman_h1_saw,CHALLENGE_MARKSMAN_SAW,CHALLENGE_MARKSMAN_DESC,ui_challenge_heavy_weapons,3.5,0.25,0.75,0.25,1,mp_challenge_complete,,challenge_splash,weapon_m249saw,
ch_marksman_h1_m1014,CHALLENGE_MARKSMAN_M1014,CHALLENGE_MARKSMAN_DESC,ui_challenge_shotguns,3.5,0.25,0.75,0.25,1,mp_challenge_complete,,challenge_splash,weapon_benelli_m4,
ch_marksman_h1_winchester1200,CHALLENGE_MARKSMAN_W1200,CHALLENGE_MARKSMAN_DESC,ui_challenge_shotguns,3.5,0.25,0.75,0.25,1,mp_challenge_complete,,challenge_splash,weapon_winchester1200,
ch_marksman_h1_barrett,CHALLENGE_MARKSMAN_BARRETT,CHALLENGE_MARKSMAN_DESC,ui_challenge_sniper_rifles,3.5,0.25,0.75,0.25,1,mp_challenge_complete,,challenge_splash,weapon_barrett50cal,
ch_marksman_h1_dragunov,CHALLENGE_MARKSMAN_DRAGUNOV,CHALLENGE_MARKSMAN_DESC,ui_challenge_sniper_rifles,3.5,0.25,0.75,0.25,1,mp_challenge_complete,,challenge_splash,weapon_dragunovsvd,
ch_marksman_h1_m21,CHALLENGE_MARKSMAN_M21,CHALLENGE_MARKSMAN_DESC,ui_challenge_sniper_rifles,3.5,0.25,0.75,0.25,1,mp_challenge_complete,,challenge_splash,weapon_m14_scoped,
ch_marksman_h1_m40a3,CHALLENGE_MARKSMAN_M40A3,CHALLENGE_MARKSMAN_DESC,ui_challenge_sniper_rifles,3.5,0.25,0.75,0.25,1,mp_challenge_complete,,challenge_splash,weapon_m40a3,
ch_marksman_h1_remington700,CHALLENGE_MARKSMAN_R700,CHALLENGE_MARKSMAN_DESC,ui_challenge_sniper_rifles,3.5,0.25,0.75,0.25,1,mp_challenge_complete,,challenge_splash,weapon_remington700,
ch_expert_h1_ak47,CHALLENGE_EXPERT_AK47,CHALLENGE_EXPERT_DESC,ui_challenge_ars,3.5,0.25,0.75,0.25,1,mp_challenge_complete,,challenge_splash,weapon_ak47,
ch_expert_h1_g3,CHALLENGE_EXPERT_G3,CHALLENGE_EXPERT_DESC,ui_challenge_ars,3.5,0.25,0.75,0.25,1,mp_challenge_complete,,challenge_splash,weapon_g3,
ch_expert_h1_g36c,CHALLENGE_EXPERT_G36C,CHALLENGE_EXPERT_DESC,ui_challenge_ars,3.5,0.25,0.75,0.25,1,mp_challenge_complete,,challenge_splash,weapon_g36c,
ch_expert_h1_m14,CHALLENGE_EXPERT_M14,CHALLENGE_EXPERT_DESC,ui_challenge_ars,3.5,0.25,0.75,0.25,1,mp_challenge_complete,,challenge_splash,weapon_m14,
ch_expert_h1_m16,CHALLENGE_EXPERT_M16,CHALLENGE_EXPERT_DESC,ui_challenge_ars,3.5,0.25,0.75,0.25,1,mp_challenge_complete,,challenge_splash,weapon_m16a4,
ch_expert_h1_m4,CHALLENGE_EXPERT_M4,CHALLENGE_EXPERT_DESC,ui_challenge_ars,3.5,0.25,0.75,0.25,1,mp_challenge_complete,,challenge_splash,weapon_m4carbine,
ch_expert_h1_mp44,CHALLENGE_EXPERT_MP44,CHALLENGE_EXPERT_DESC,ui_challenge_ars,3.5,0.25,0.75,0.25,1,mp_challenge_complete,,challenge_splash,weapon_mp44,
ch_barebone_h1_ak47,CHALLENGE_BAREBONE_H1_AK47,CHALLENGE_BAREBONE_DESC,ui_challenge_ars,3.5,0.25,0.75,0.25,1,mp_challenge_complete,,challenge_splash,weapon_ak47,
ch_barebone_h1_g3,CHALLENGE_BAREBONE_H1_G3,CHALLENGE_BAREBONE_DESC,ui_challenge_ars,3.5,0.25,0.75,0.25,1,mp_challenge_complete,,challenge_splash,weapon_g3,
ch_barebone_h1_g36c,CHALLENGE_BAREBONE_H1_G36C,CHALLENGE_BAREBONE_DESC,ui_challenge_ars,3.5,0.25,0.75,0.25,1,mp_challenge_complete,,challenge_splash,weapon_g36c,
ch_barebone_h1_m14,CHALLENGE_BAREBONE_H1_M14,CHALLENGE_BAREBONE_DESC,ui_challenge_ars,3.5,0.25,0.75,0.25,1,mp_challenge_complete,,challenge_splash,weapon_m14,
ch_barebone_h1_m16,CHALLENGE_BAREBONE_H1_M16,CHALLENGE_BAREBONE_DESC,ui_challenge_ars,3.5,0.25,0.75,0.25,1,mp_challenge_complete,,challenge_splash,weapon_m16a4,
ch_barebone_h1_m4,CHALLENGE_BAREBONE_H1_M4,CHALLENGE_BAREBONE_DESC,ui_challenge_ars,3.5,0.25,0.75,0.25,1,mp_challenge_complete,,challenge_splash,weapon_m4carbine,
ch_crouch_h1_mp44,CHALLENGE_CROUCH_H1_MP44,CHALLENGE_CROUCH_DESC,ui_challenge_ars,3.5,0.25,0.75,0.25,1,mp_challenge_complete,,challenge_splash,weapon_mp44,
ch_reddot_h1_ak47,CHALLENGE_REDDOT_H1_AK47,CHALLENGE_REDDOT_DESC,ui_challenge_ars,3.5,0.25,0.75,0.25,1,mp_challenge_complete,,challenge_splash,weapon_ak47,
ch_reddot_h1_g3,CHALLENGE_REDDOT_H1_G3,CHALLENGE_REDDOT_DESC,ui_challenge_ars,3.5,0.25,0.75,0.25,1,mp_challenge_complete,,challenge_splash,weapon_g3,
ch_reddot_h1_g36c,CHALLENGE_REDDOT_H1_G36C,CHALLENGE_REDDOT_DESC,ui_challenge_ars,3.5,0.25,0.75,0.25,1,mp_challenge_complete,,challenge_splash,weapon_g36c,
ch_reddot_h1_m14,CHALLENGE_REDDOT_H1_M14,CHALLENGE_REDDOT_DESC,ui_challenge_ars,3.5,0.25,0.75,0.25,1,mp_challenge_complete,,challenge_splash,weapon_m14,
ch_reddot_h1_m16,CHALLENGE_REDDOT_H1_M16,CHALLENGE_REDDOT_DESC,ui_challenge_ars,3.5,0.25,0.75,0.25,1,mp_challenge_complete,,challenge_splash,weapon_m16a4,
ch_reddot_h1_m4,CHALLENGE_REDDOT_H1_M4,CHALLENGE_REDDOT_DESC,ui_challenge_ars,3.5,0.25,0.75,0.25,1,mp_challenge_complete,,challenge_splash,weapon_m4carbine,
ch_prone_h1_mp44,CHALLENGE_PRONE_H1_MP44,CHALLENGE_PRONE_DESC,ui_challenge_ars,3.5,0.25,0.75,0.25,1,mp_challenge_complete,,challenge_splash,weapon_mp44,
ch_expert_h1_ak74u,CHALLENGE_EXPERT_AK74U,CHALLENGE_EXPERT_DESC,ui_challenge_smgs,3.5,0.25,0.75,0.25,1,mp_challenge_complete,,challenge_splash,weapon_aks74u,
ch_expert_h1_mp5,CHALLENGE_EXPERT_MP5,CHALLENGE_EXPERT_DESC,ui_challenge_smgs,3.5,0.25,0.75,0.25,1,mp_challenge_complete,,challenge_splash,weapon_mp5,
ch_expert_h1_p90,CHALLENGE_EXPERT_P90,CHALLENGE_EXPERT_DESC,ui_challenge_smgs,3.5,0.25,0.75,0.25,1,mp_challenge_complete,,challenge_splash,weapon_p90,
ch_expert_h1_skorpion,CHALLENGE_EXPERT_SKORPION,CHALLENGE_EXPERT_DESC,ui_challenge_smgs,3.5,0.25,0.75,0.25,1,mp_challenge_complete,,challenge_splash,weapon_skorpion,
ch_expert_h1_uzi,CHALLENGE_EXPERT_UZI,CHALLENGE_EXPERT_DESC,ui_challenge_smgs,3.5,0.25,0.75,0.25,1,mp_challenge_complete,,challenge_splash,weapon_mini_uzi,
ch_barebone_h1_ak74u,CHALLENGE_BAREBONE_H1_AK74U,CHALLENGE_BAREBONE_DESC,ui_challenge_smgs,3.5,0.25,0.75,0.25,1,mp_challenge_complete,,challenge_splash,weapon_aks74u,
ch_barebone_h1_mp5,CHALLENGE_BAREBONE_H1_MP5,CHALLENGE_BAREBONE_DESC,ui_challenge_smgs,3.5,0.25,0.75,0.25,1,mp_challenge_complete,,challenge_splash,weapon_mp5,
ch_barebone_h1_p90,CHALLENGE_BAREBONE_H1_P90,CHALLENGE_BAREBONE_DESC,ui_challenge_smgs,3.5,0.25,0.75,0.25,1,mp_challenge_complete,,challenge_splash,weapon_p90,
ch_barebone_h1_skorpion,CHALLENGE_BAREBONE_H1_SKORPION,CHALLENGE_BAREBONE_DESC,ui_challenge_smgs,3.5,0.25,0.75,0.25,1,mp_challenge_complete,,challenge_splash,weapon_skorpion,
ch_barebone_h1_uzi,CHALLENGE_BAREBONE_H1_UZI,CHALLENGE_BAREBONE_DESC,ui_challenge_smgs,3.5,0.25,0.75,0.25,1,mp_challenge_complete,,challenge_splash,weapon_mini_uzi,
ch_reddot_h1_ak74u,CHALLENGE_REDDOT_H1_AK74U,CHALLENGE_REDDOT_DESC,ui_challenge_smgs,3.5,0.25,0.75,0.25,1,mp_challenge_complete,,challenge_splash,weapon_aks74u,
ch_reddot_h1_mp5,CHALLENGE_REDDOT_H1_MP5,CHALLENGE_REDDOT_DESC,ui_challenge_smgs,3.5,0.25,0.75,0.25,1,mp_challenge_complete,,challenge_splash,weapon_mp5,
ch_reddot_h1_p90,CHALLENGE_REDDOT_H1_P90,CHALLENGE_REDDOT_DESC,ui_challenge_smgs,3.5,0.25,0.75,0.25,1,mp_challenge_complete,,challenge_splash,weapon_p90,
ch_reddot_h1_skorpion,CHALLENGE_REDDOT_H1_SKORPION,CHALLENGE_REDDOT_DESC,ui_challenge_smgs,3.5,0.25,0.75,0.25,1,mp_challenge_complete,,challenge_splash,weapon_skorpion,
ch_reddot_h1_uzi,CHALLENGE_REDDOT_H1_UZI,CHALLENGE_REDDOT_DESC,ui_challenge_smgs,3.5,0.25,0.75,0.25,1,mp_challenge_complete,,challenge_splash,weapon_mini_uzi,
ch_expert_h1_m60e4,CHALLENGE_EXPERT_M60E4,CHALLENGE_EXPERT_DESC,ui_challenge_heavy_weapons,3.5,0.25,0.75,0.25,1,mp_challenge_complete,,challenge_splash,weapon_m60e4,
ch_expert_h1_rpd,CHALLENGE_EXPERT_RPD,CHALLENGE_EXPERT_DESC,ui_challenge_heavy_weapons,3.5,0.25,0.75,0.25,1,mp_challenge_complete,,challenge_splash,weapon_rpd,
ch_expert_h1_saw,CHALLENGE_EXPERT_SAW,CHALLENGE_EXPERT_DESC,ui_challenge_heavy_weapons,3.5,0.25,0.75,0.25,1,mp_challenge_complete,,challenge_splash,weapon_m249saw,
ch_barebone_h1_m60e4,CHALLENGE_BAREBONE_H1_M60E4,CHALLENGE_BAREBONE_DESC,ui_challenge_heavy_weapons,3.5,0.25,0.75,0.25,1,mp_challenge_complete,,challenge_splash,weapon_m60e4,
ch_barebone_h1_rpd,CHALLENGE_BAREBONE_H1_RPD,CHALLENGE_BAREBONE_DESC,ui_challenge_heavy_weapons,3.5,0.25,0.75,0.25,1,mp_challenge_complete,,challenge_splash,weapon_rpd,
ch_barebone_h1_saw,CHALLENGE_BAREBONE_H1_SAW,CHALLENGE_BAREBONE_DESC,ui_challenge_heavy_weapons,3.5,0.25,0.75,0.25,1,mp_challenge_complete,,challenge_splash,weapon_m249saw,
ch_reddot_h1_m60e4,CHALLENGE_REDDOT_H1_M60E4,CHALLENGE_REDDOT_DESC,ui_challenge_heavy_weapons,3.5,0.25,0.75,0.25,1,mp_challenge_complete,,challenge_splash,weapon_m60e4,
ch_reddot_h1_rpd,CHALLENGE_REDDOT_H1_RPD,CHALLENGE_REDDOT_DESC,ui_challenge_heavy_weapons,3.5,0.25,0.75,0.25,1,mp_challenge_complete,,challenge_splash,weapon_rpd,
ch_reddot_h1_saw,CHALLENGE_REDDOT_H1_SAW,CHALLENGE_REDDOT_DESC,ui_challenge_heavy_weapons,3.5,0.25,0.75,0.25,1,mp_challenge_complete,,challenge_splash,weapon_m249saw,
ch_expert_h1_m1014,CHALLENGE_EXPERT_M1014,CHALLENGE_EXPERT_DESC,ui_challenge_shotguns,3.5,0.25,0.75,0.25,1,mp_challenge_complete,,challenge_splash,weapon_benelli_m4,
ch_expert_h1_winchester1200,CHALLENGE_EXPERT_W1200,CHALLENGE_EXPERT_DESC,ui_challenge_shotguns,3.5,0.25,0.75,0.25,1,mp_challenge_complete,,challenge_splash,weapon_winchester1200,
ch_barebone_h1_m1014,CHALLENGE_BAREBONE_H1_M1014,CHALLENGE_BAREBONE_DESC,ui_challenge_shotguns,3.5,0.25,0.75,0.25,1,mp_challenge_complete,,challenge_splash,weapon_benelli_m4,
ch_barebone_h1_winchester1200,CHALLENGE_BAREBONE_H1_WINCHESTER1200,CHALLENGE_BAREBONE_DESC,ui_challenge_shotguns,3.5,0.25,0.75,0.25,1,mp_challenge_complete,,challenge_splash,weapon_winchester1200,
ch_reddot_h1_m1014,CHALLENGE_REDDOT_H1_M1014,CHALLENGE_REDDOT_DESC,ui_challenge_shotguns,3.5,0.25,0.75,0.25,1,mp_challenge_complete,,challenge_splash,weapon_benelli_m4,
ch_reddot_h1_winchester1200,CHALLENGE_REDDOT_H1_WINCHESTER1200,CHALLENGE_REDDOT_DESC,ui_challenge_shotguns,3.5,0.25,0.75,0.25,1,mp_challenge_complete,,challenge_splash,weapon_winchester1200,
ch_expert_h1_barrett,CHALLENGE_EXPERT_BARRETT,CHALLENGE_EXPERT_DESC,ui_challenge_sniper_rifles,3.5,0.25,0.75,0.25,1,mp_challenge_complete,,challenge_splash,weapon_barrett50cal,
ch_expert_h1_dragunov,CHALLENGE_EXPERT_DRAGUNOV,CHALLENGE_EXPERT_DESC,ui_challenge_sniper_rifles,3.5,0.25,0.75,0.25,1,mp_challenge_complete,,challenge_splash,weapon_dragunovsvd,
ch_expert_h1_m21,CHALLENGE_EXPERT_M21,CHALLENGE_EXPERT_DESC,ui_challenge_sniper_rifles,3.5,0.25,0.75,0.25,1,mp_challenge_complete,,challenge_splash,weapon_m14_scoped,
ch_expert_h1_m40a3,CHALLENGE_EXPERT_M40A3,CHALLENGE_EXPERT_DESC,ui_challenge_sniper_rifles,3.5,0.25,0.75,0.25,1,mp_challenge_complete,,challenge_splash,weapon_m40a3,
ch_expert_h1_remington700,CHALLENGE_EXPERT_R700,CHALLENGE_EXPERT_DESC,ui_challenge_sniper_rifles,3.5,0.25,0.75,0.25,1,mp_challenge_complete,,challenge_splash,weapon_remington700,
ch_barebone_h1_barrett,CHALLENGE_BAREBONE_H1_BARRETT,CHALLENGE_BAREBONE_DESC,ui_challenge_sniper_rifles,3.5,0.25,0.75,0.25,1,mp_challenge_complete,,challenge_splash,weapon_barrett50cal,
ch_barebone_h1_dragunov,CHALLENGE_BAREBONE_H1_DRAGUNOV,CHALLENGE_BAREBONE_DESC,ui_challenge_sniper_rifles,3.5,0.25,0.75,0.25,1,mp_challenge_complete,,challenge_splash,weapon_dragunovsvd,
ch_barebone_h1_m21,CHALLENGE_BAREBONE_H1_M21,CHALLENGE_BAREBONE_DESC,ui_challenge_sniper_rifles,3.5,0.25,0.75,0.25,1,mp_challenge_complete,,challenge_splash,weapon_m14_scoped,
ch_barebone_h1_m40a3,CHALLENGE_BAREBONE_H1_M40A3,CHALLENGE_BAREBONE_DESC,ui_challenge_sniper_rifles,3.5,0.25,0.75,0.25,1,mp_challenge_complete,,challenge_splash,weapon_m40a3,
ch_barebone_h1_remington700,CHALLENGE_BAREBONE_H1_REMINGTON700,CHALLENGE_BAREBONE_DESC,ui_challenge_sniper_rifles,3.5,0.25,0.75,0.25,1,mp_challenge_complete,,challenge_splash,weapon_remington700,
ch_acog_h1_barrett,CHALLENGE_ACOG_H1_BARRETT,CHALLENGE_ACOG_DESC,ui_challenge_sniper_rifles,3.5,0.25,0.75,0.25,1,mp_challenge_complete,,challenge_splash,weapon_barrett50cal,
ch_acog_h1_dragunov,CHALLENGE_ACOG_H1_DRAGUNOV,CHALLENGE_ACOG_DESC,ui_challenge_sniper_rifles,3.5,0.25,0.75,0.25,1,mp_challenge_complete,,challenge_splash,weapon_dragunovsvd,
ch_acog_h1_m21,CHALLENGE_ACOG_H1_M21,CHALLENGE_ACOG_DESC,ui_challenge_sniper_rifles,3.5,0.25,0.75,0.25,1,mp_challenge_complete,,challenge_splash,weapon_m14_scoped,
ch_acog_h1_m40a3,CHALLENGE_ACOG_H1_M40A3,CHALLENGE_ACOG_DESC,ui_challenge_sniper_rifles,3.5,0.25,0.75,0.25,1,mp_challenge_complete,,challenge_splash,weapon_m40a3,
ch_acog_h1_remington700,CHALLENGE_ACOG_H1_REMINGTON700,CHALLENGE_ACOG_DESC,ui_challenge_sniper_rifles,3.5,0.25,0.75,0.25,1,mp_challenge_complete,,challenge_splash,weapon_remington700,
ch_expert_h1_beretta,CHALLENGE_EXPERT_H1_BERETTA,CHALLENGE_EXPERT_DESC,ui_challenge_pistols,3.5,0.25,0.75,0.25,1,mp_challenge_complete,,challenge_splash,weapon_m9beretta,
ch_expert_h1_colt45,CHALLENGE_EXPERT_H1_COLT45,CHALLENGE_EXPERT_DESC,ui_challenge_pistols,3.5,0.25,0.75,0.25,1,mp_challenge_complete,,challenge_splash,weapon_colt_45,
ch_expert_h1_deserteagle,CHALLENGE_EXPERT_H1_DESERTEAGLE,CHALLENGE_EXPERT_DESC,ui_challenge_pistols,3.5,0.25,0.75,0.25,1,mp_challenge_complete,,challenge_splash,weapon_desert_eagle,
ch_expert_h1_usp,CHALLENGE_EXPERT_H1_USP,CHALLENGE_EXPERT_DESC,ui_challenge_pistols,3.5,0.25,0.75,0.25,1,mp_challenge_complete,,challenge_splash,weapon_usp_45,
ch_barebone_h1_beretta,CHALLENGE_BAREBONE_H1_BERETTA,CHALLENGE_BAREBONE_DESC,ui_challenge_pistols,3.5,0.25,0.75,0.25,1,mp_challenge_complete,,challenge_splash,weapon_m9beretta,
ch_barebone_h1_colt45,CHALLENGE_BAREBONE_H1_COLT45,CHALLENGE_BAREBONE_DESC,ui_challenge_pistols,3.5,0.25,0.75,0.25,1,mp_challenge_complete,,challenge_splash,weapon_colt_45,
ch_crouch_h1_deserteagle,CHALLENGE_CROUCH_H1_DESERTEAGLE,CHALLENGE_CROUCH_DESC,ui_challenge_pistols,3.5,0.25,0.75,0.25,1,mp_challenge_complete,,challenge_splash,weapon_desert_eagle,
ch_barebone_h1_usp,CHALLENGE_BAREBONE_H1_USP,CHALLENGE_BAREBONE_DESC,ui_challenge_pistols,3.5,0.25,0.75,0.25,1,mp_challenge_complete,,challenge_splash,weapon_usp_45,
ch_silencer_h1_beretta,CHALLENGE_SILENCER_H1_BERETTA,CHALLENGE_SILENCER_DESC,ui_challenge_pistols,3.5,0.25,0.75,0.25,1,mp_challenge_complete,,challenge_splash,weapon_m9beretta,
ch_silencer_h1_colt45,CHALLENGE_SILENCER_H1_COLT45,CHALLENGE_SILENCER_DESC,ui_challenge_pistols,3.5,0.25,0.75,0.25,1,mp_challenge_complete,,challenge_splash,weapon_colt_45,
ch_prone_h1_deserteagle,CHALLENGE_PRONE_H1_DESERTEAGLE,CHALLENGE_PRONE_DESC,ui_challenge_pistols,3.5,0.25,0.75,0.25,1,mp_challenge_complete,,challenge_splash,weapon_desert_eagle,
ch_silencer_h1_usp,CHALLENGE_SILENCER_H1_USP,CHALLENGE_SILENCER_DESC,ui_challenge_pistols,3.5,0.25,0.75,0.25,1,mp_challenge_complete,,challenge_splash,weapon_usp_45,
ch_bootcamp_mastery,CHALLENGE_BOOTCAMP_MASTERY,CHALLENGE_MASTERY_DESC,ui_challenge_boot_camp,3.5,0.25,0.75,0.25,1,mp_challenge_complete,,challenge_splash,,
ch_uav,CHALLENGE_UAV,CHALLENGE_UAV_DESC,ui_challenge_boot_camp,3.5,0.25,0.75,0.25,1,mp_challenge_complete,,challenge_splash,,
ch_airstrike,CHALLENGE_AIRSTRIKE,CHALLENGE_AIRSTRIKE_DESC,ui_challenge_boot_camp,3.5,0.25,0.75,0.25,1,mp_challenge_complete,,challenge_splash,,
ch_chopper,CHALLENGE_CHOPPER,CHALLENGE_CHOPPER_DESC,ui_challenge_boot_camp,3.5,0.25,0.75,0.25,1,mp_challenge_complete,,challenge_splash,,
ch_flyswatter,CHALLENGE_FLYSWATTER,CHALLENGE_FLYSWATTER_DESC,ui_challenge_boot_camp,3.5,0.25,0.75,0.25,1,mp_challenge_complete,,challenge_splash,,
ch_marathon,CHALLENGE_MARATHON,CHALLENGE_MARATHON_DESC,ui_challenge_boot_camp,3.5,0.25,0.75,0.25,1,mp_challenge_complete,,challenge_splash,,
ch_goodbye,CHALLENGE_GOODBYE,CHALLENGE_GOODBYE_DESC,ui_challenge_boot_camp,3.5,0.25,0.75,0.25,1,mp_challenge_complete,,challenge_splash,,
ch_basejump,CHALLENGE_BASEJUMP,CHALLENGE_BASEJUMP_DESC,ui_challenge_boot_camp,3.5,0.25,0.75,0.25,1,mp_challenge_complete,,challenge_splash,,
ch_crouchshot,CHALLENGE_CROUCHSHOT,CHALLENGE_CROUCHSHOT_DESC,ui_challenge_boot_camp,3.5,0.25,0.75,0.25,1,mp_challenge_complete,,challenge_splash,,
ch_proneshot,CHALLENGE_PRONESHOT,CHALLENGE_PRONESHOT_DESC,ui_challenge_boot_camp,3.5,0.25,0.75,0.25,1,mp_challenge_complete,,challenge_splash,,
ch_grenadekill,CHALLENGE_GRENADEKILL,CHALLENGE_GRENADEKILL_DESC,ui_challenge_boot_camp,3.5,0.25,0.75,0.25,1,mp_challenge_complete,,challenge_splash,,
ch_assists,CHALLENGE_ASSISTS,CHALLENGE_ASSISTS_DESC,ui_challenge_boot_camp,3.5,0.25,0.75,0.25,1,mp_challenge_complete,,challenge_splash,,
ch_xrayvision,CHALLENGE_XRAYVISION,CHALLENGE_XRAYVISION_DESC,ui_challenge_boot_camp,3.5,0.25,0.75,0.25,1,mp_challenge_complete,,challenge_splash,,
ch_vandalism,CHALLENGE_VANDALISM,CHALLENGE_VANDALISM_DESC,ui_challenge_boot_camp,3.5,0.25,0.75,0.25,1,mp_challenge_complete,,challenge_splash,,
ch_exposed,CHALLENGE_EXPOSED,CHALLENGE_EXPOSED_DESC,ui_challenge_boot_camp,3.5,0.25,0.75,0.25,1,mp_challenge_complete,,challenge_splash,,
ch_backdraft,CHALLENGE_BACKDRAFT,CHALLENGE_BACKDRAFT_DESC,ui_challenge_boot_camp,3.5,0.25,0.75,0.25,1,mp_challenge_complete,,challenge_splash,,
ch_knifevet,CHALLENGE_KNIFEVET,CHALLENGE_KNIFEVET_DESC,ui_challenge_boot_camp,3.5,0.25,0.75,0.25,1,mp_challenge_complete,,challenge_splash,,
ch_operations_mastery,CHALLENGE_OPERATIONS_MASTERY,CHALLENGE_MASTERY_DESC,ui_challenge_game_modes,3.5,0.25,0.75,0.25,1,mp_challenge_complete,,challenge_splash,,
ch_victor_dm,CHALLENGE_VICTOR_DM,CHALLENGE_VICTOR_DM_DESC,ui_challenge_game_modes,3.5,0.25,0.75,0.25,1,mp_challenge_complete,,challenge_splash,,
ch_teamplayer,CHALLENGE_TEAMPLAYER,CHALLENGE_TEAMPLAYER_DESC,ui_challenge_game_modes,3.5,0.25,0.75,0.25,1,mp_challenge_complete,,challenge_splash,,
ch_victor_sd,CHALLENGE_VICTOR_SD,CHALLENGE_VICTOR_SD_DESC,ui_challenge_game_modes,3.5,0.25,0.75,0.25,1,mp_challenge_complete,,challenge_splash,,
ch_mvp_tdm,CHALLENGE_MVP_TDM,CHALLENGE_MVP_TDM_DESC,ui_challenge_game_modes,3.5,0.25,0.75,0.25,1,mp_challenge_complete,,challenge_splash,,
ch_teamplayer_hc,CHALLENGE_TEAMPLAYER_HC,CHALLENGE_TEAMPLAYER_HC_DESC,ui_challenge_game_modes,3.5,0.25,0.75,0.25,1,mp_challenge_complete,,challenge_splash,,
ch_victor_sab,CHALLENGE_VICTOR_SAB,CHALLENGE_VICTOR_SAB_DESC,ui_challenge_game_modes,3.5,0.25,0.75,0.25,1,mp_challenge_complete,,challenge_splash,,
ch_mvp_thc,CHALLENGE_MVP_THC,CHALLENGE_MVP_THC_DESC,ui_challenge_game_modes,3.5,0.25,0.75,0.25,1,mp_challenge_complete,,challenge_splash,,
ch_bombdown,CHALLENGE_BOMBDOWN,CHALLENGE_BOMBDOWN_DESC,ui_challenge_game_modes,3.5,0.25,0.75,0.25,1,mp_challenge_complete,,challenge_splash,,
ch_bombdefender,CHALLENGE_BOMBDEFENDER,CHALLENGE_BOMBDEFENDER_DESC,ui_challenge_game_modes,3.5,0.25,0.75,0.25,1,mp_challenge_complete,,challenge_splash,,
ch_bombplanter,CHALLENGE_BOMBPLANTER,CHALLENGE_BOMBPLANTER_DESC,ui_challenge_game_modes,3.5,0.25,0.75,0.25,1,mp_challenge_complete,,challenge_splash,,
ch_hero,CHALLENGE_HERO,CHALLENGE_HERO_DESC,ui_challenge_game_modes,3.5,0.25,0.75,0.25,1,mp_challenge_complete,,challenge_splash,,
ch_lastmanstanding,CHALLENGE_LASTMANSTANDING,CHALLENGE_LASTMANSTANDING_DESC,ui_challenge_game_modes,3.5,0.25,0.75,0.25,1,mp_challenge_complete,,challenge_splash,,
ch_killer_mastery,CHALLENGE_KILLER_MASTERY,CHALLENGE_MASTERY_DESC,ui_challenge_killer,3.5,0.25,0.75,0.25,1,mp_challenge_complete,,challenge_splash,,
ch_claymoreshot,CHALLENGE_CLAYMORESHOT,CHALLENGE_CLAYMORESHOT_DESC,ui_challenge_killer,3.5,0.25,0.75,0.25,1,mp_challenge_complete,,challenge_splash,,
ch_expert_assault,CHALLENGE_EXPERT_ASSAULT,CHALLENGE_EXPERT_ASSAULT_DESC,ui_challenge_killer,3.5,0.25,0.75,0.25,1,mp_challenge_complete,,challenge_splash,,
ch_expert_smg,CHALLENGE_EXPERT_SMG,CHALLENGE_EXPERT_SMG_DESC,ui_challenge_killer,3.5,0.25,0.75,0.25,1,mp_challenge_complete,,challenge_splash,,
ch_expert_lmg,CHALLENGE_EXPERT_LMG,CHALLENGE_EXPERT_LMG_DESC,ui_challenge_killer,3.5,0.25,0.75,0.25,1,mp_challenge_complete,,challenge_splash,,
ch_laststandvet,CHALLENGE_LASTSTANDVET,CHALLENGE_LASTSTANDVET_DESC,ui_challenge_killer,3.5,0.25,0.75,0.25,1,mp_challenge_complete,,challenge_splash,,
ch_masterchef,CHALLENGE_MASTERCHEF,CHALLENGE_MASTERCHEF_DESC,ui_challenge_killer,3.5,0.25,0.75,0.25,1,mp_challenge_complete,,challenge_splash,,
ch_airstrikevet,CHALLENGE_AIRSTRIKEVET,CHALLENGE_AIRSTRIKEVET_DESC,ui_challenge_killer,3.5,0.25,0.75,0.25,1,mp_challenge_complete,,challenge_splash,,
ch_choppervet,CHALLENGE_CHOPPERVET,CHALLENGE_CHOPPERVET_DESC,ui_challenge_killer,3.5,0.25,0.75,0.25,1,mp_challenge_complete,,challenge_splash,,
ch_concussionvet,CHALLENGE_CONCUSSIONVET,CHALLENGE_CONCUSSIONVET_DESC,ui_challenge_killer,3.5,0.25,0.75,0.25,1,mp_challenge_complete,,challenge_splash,,
ch_multirpg,CHALLENGE_MULTIRPG,CHALLENGE_MULTIRPG_DESC,ui_challenge_killer,3.5,0.25,0.75,0.25,1,mp_challenge_complete,,challenge_splash,,
ch_martyrdomvet,CHALLENGE_MARTYRDOMVET,CHALLENGE_MARTYRDOMVET_DESC,ui_challenge_killer,3.5,0.25,0.75,0.25,1,mp_challenge_complete,,challenge_splash,,
ch_multiclaymore,CHALLENGE_MULTICLAYMORE,CHALLENGE_MULTICLAYMORE_DESC,ui_challenge_killer,3.5,0.25,0.75,0.25,1,mp_challenge_complete,,challenge_splash,,
ch_stealth,CHALLENGE_STEALTH,CHALLENGE_STEALTH_DESC,ui_challenge_killer,3.5,0.25,0.75,0.25,1,mp_challenge_complete,,challenge_splash,,
ch_invisible,CHALLENGE_INVISIBLE,CHALLENGE_INVISIBLE_DESC,ui_challenge_killer,3.5,0.25,0.75,0.25,1,mp_challenge_complete,,challenge_splash,,
ch_counterclaymore,CHALLENGE_COUNTERCLAYMORE,CHALLENGE_COUNTERCLAYMORE_DESC,ui_challenge_killer,3.5,0.25,0.75,0.25,1,mp_challenge_complete,,challenge_splash,,
ch_counterc4,CHALLENGE_COUNTERC4,CHALLENGE_COUNTERC4_DESC,ui_challenge_killer,3.5,0.25,0.75,0.25,1,mp_challenge_complete,,challenge_splash,,
ch_humiliation_mastery,CHALLENGE_HUMILIATION_MASTERY,CHALLENGE_MASTERY_DESC,ui_challenge_humiliation,3.5,0.25,0.75,0.25,1,mp_challenge_complete,,challenge_splash,,
ch_airborne,CHALLENGE_AIRBORNE,CHALLENGE_AIRBORNE_DESC,ui_challenge_humiliation,3.5,0.25,0.75,0.25,1,mp_challenge_complete,,challenge_splash,,
ch_multifrag,CHALLENGE_MULTIFRAG,CHALLENGE_MULTIFRAG_DESC,ui_challenge_humiliation,3.5,0.25,0.75,0.25,1,mp_challenge_complete,,challenge_splash,,
ch_carpetbomb,CHALLENGE_CARPETBOMB,CHALLENGE_CARPETBOMB_DESC,ui_challenge_humiliation,3.5,0.25,0.75,0.25,1,mp_challenge_complete,,challenge_splash,,
ch_mgmaster,CHALLENGE_MGMASTER,CHALLENGE_MGMASTER_DESC,ui_challenge_humiliation,3.5,0.25,0.75,0.25,1,mp_challenge_complete,,challenge_splash,,
ch_slasher,CHALLENGE_SLASHER,CHALLENGE_SLASHER_DESC,ui_challenge_humiliation,3.5,0.25,0.75,0.25,1,mp_challenge_complete,,challenge_splash,,
ch_multic4,CHALLENGE_MULTIC4,CHALLENGE_MULTIC4_DESC,ui_challenge_humiliation,3.5,0.25,0.75,0.25,1,mp_challenge_complete,,challenge_splash,,
ch_hotpotato,CHALLENGE_HOTPOTATO,CHALLENGE_HOTPOTATO_DESC,ui_challenge_humiliation,3.5,0.25,0.75,0.25,1,mp_challenge_complete,,challenge_splash,,
ch_carbomb,CHALLENGE_CARBOMB,CHALLENGE_CARBOMB_DESC,ui_challenge_humiliation,3.5,0.25,0.75,0.25,1,mp_challenge_complete,,challenge_splash,,
ch_backstabber,CHALLENGE_BACKSTABBER,CHALLENGE_BACKSTABBER_DESC,ui_challenge_humiliation,3.5,0.25,0.75,0.25,1,mp_challenge_complete,,challenge_splash,,
ch_slowbutsure,CHALLENGE_SLOWBUTSURE,CHALLENGE_SLOWBUTSURE_DESC,ui_challenge_humiliation,3.5,0.25,0.75,0.25,1,mp_challenge_complete,,challenge_splash,,
ch_flashbangvet,CHALLENGE_FLASHBANGVET,CHALLENGE_FLASHBANGVET_DESC,ui_challenge_humiliation,3.5,0.25,0.75,0.25,1,mp_challenge_complete,,challenge_splash,,
ch_miserylovescompany,CHALLENGE_MISERYLOVESCOMPANY,CHALLENGE_MISERYLOVESCOMPANY_DESC,ui_challenge_humiliation,3.5,0.25,0.75,0.25,1,mp_challenge_complete,,challenge_splash,,
ch_ouch,CHALLENGE_OUCH,CHALLENGE_OUCH_DESC,ui_challenge_humiliation,3.5,0.25,0.75,0.25,1,mp_challenge_complete,,challenge_splash,,
ch_rival,CHALLENGE_RIVAL,CHALLENGE_RIVAL_DESC,ui_challenge_humiliation,3.5,0.25,0.75,0.25,1,mp_challenge_complete,,challenge_splash,,
ch_cruelty,CHALLENGE_CRUELTY,CHALLENGE_CRUELTY_DESC,ui_challenge_humiliation,3.5,0.25,0.75,0.25,1,mp_challenge_complete,,challenge_splash,,
ch_thinkfast,CHALLENGE_THINKFAST,CHALLENGE_THINKFAST_DESC,ui_challenge_humiliation,3.5,0.25,0.75,0.25,1,mp_challenge_complete,,challenge_splash,,
ch_thinkfastconcussion,CHALLENGE_THINKFASTCONCUSSION,CHALLENGE_THINKFASTCONCUSSION_DESC,ui_challenge_humiliation,3.5,0.25,0.75,0.25,1,mp_challenge_complete,,challenge_splash,,
ch_thinkfastflash,CHALLENGE_THINKFASTFLASH,CHALLENGE_THINKFASTFLASH_DESC,ui_challenge_humiliation,3.5,0.25,0.75,0.25,1,mp_challenge_complete,,challenge_splash,,
ch_returntosender,CHALLENGE_RETURNTOSENDER,CHALLENGE_RETURNTOSENDER_DESC,ui_challenge_humiliation,3.5,0.25,0.75,0.25,1,mp_challenge_complete,,challenge_splash,,
ch_blindfire,CHALLENGE_BLINDFIRE,CHALLENGE_BLINDFIRE_DESC,ui_challenge_humiliation,3.5,0.25,0.75,0.25,1,mp_challenge_complete,,challenge_splash,,
ch_perk_mastery,CHALLENGE_PERK_MASTERY,CHALLENGE_MASTERY_DESC,ui_challenge_perks_1,3.5,0.25,0.75,0.25,1,mp_challenge_complete,,challenge_splash,,
ch_stoppingpower,CHALLENGE_STOPPINGPOWER,CHALLENGE_STOPPINGPOWER_DESC,ui_challenge_perks_1,3.5,0.25,0.75,0.25,1,mp_challenge_complete,,challenge_splash,,
ch_juggernaut,CHALLENGE_JUGGERNAUT,CHALLENGE_JUGGERNAUT_DESC,ui_challenge_perks_1,3.5,0.25,0.75,0.25,1,mp_challenge_complete,,challenge_splash,,
ch_sleightofhand,CHALLENGE_SLEIGHTOFHAND,CHALLENGE_SLEIGHTOFHAND_DESC,ui_challenge_perks_1,3.5,0.25,0.75,0.25,1,mp_challenge_complete,,challenge_splash,,
ch_doubletap,CHALLENGE_DOUBLETAP,CHALLENGE_DOUBLETAP_DESC,ui_challenge_perks_1,3.5,0.25,0.75,0.25,1,mp_challenge_complete,,challenge_splash,,
ch_overkill,CHALLENGE_OVERKILL,CHALLENGE_OVERKILL_DESC,ui_challenge_perks_1,3.5,0.25,0.75,0.25,1,mp_challenge_complete,,challenge_splash,,
ch_uavjammer,CHALLENGE_UAVJAMMER,CHALLENGE_UAVJAMMER_DESC,ui_challenge_perks_1,3.5,0.25,0.75,0.25,1,mp_challenge_complete,,challenge_splash,,
ch_sonicboom,CHALLENGE_SONICBOOM,CHALLENGE_SONICBOOM_DESC,ui_challenge_perks_1,3.5,0.25,0.75,0.25,1,mp_challenge_complete,,challenge_splash,,
ch_extremeconditioning,CHALLENGE_EXTREMECONDITIONING,CHALLENGE_EXTREMECONDITIONING_DESC,ui_challenge_perks_1,3.5,0.25,0.75,0.25,1,mp_challenge_complete,,challenge_splash,,
ch_steadyaim,CHALLENGE_STEADYAIM,CHALLENGE_STEADYAIM_DESC,ui_challenge_perks_1,3.5,0.25,0.75,0.25,1,mp_challenge_complete,,challenge_splash,,
ch_laststand,CHALLENGE_LASTSTAND,CHALLENGE_LASTSTAND_DESC,ui_challenge_perks_1,3.5,0.25,0.75,0.25,1,mp_challenge_complete,,challenge_splash,,
ch_martyrdom,CHALLENGE_MARTYRDOM,CHALLENGE_MARTYRDOM_DESC,ui_challenge_perks_1,3.5,0.25,0.75,0.25,1,mp_challenge_complete,,challenge_splash,,
ch_deepimpact,CHALLENGE_DEEPIMPACT,CHALLENGE_DEEPIMPACT_DESC,ui_challenge_perks_1,3.5,0.25,0.75,0.25,1,mp_challenge_complete,,challenge_splash,,
ch_ironlungs,CHALLENGE_IRONLUNGS,CHALLENGE_IRONLUNGS_DESC,ui_challenge_perks_1,3.5,0.25,0.75,0.25,1,mp_challenge_complete,,challenge_splash,,
ch_deadsilence,CHALLENGE_DEADSILENCE,CHALLENGE_DEADSILENCE_DESC,ui_challenge_perks_1,3.5,0.25,0.75,0.25,1,mp_challenge_complete,,challenge_splash,,
ch_eavesdrop,CHALLENGE_EAVESDROP,CHALLENGE_EAVESDROP_DESC,ui_challenge_perks_1,3.5,0.25,0.75,0.25,1,mp_challenge_complete,,challenge_splash,,
ch_gamemode_mastery,CHALLENGE_GAMEMODE_MASTERY,CHALLENGE_MASTERY_DESC,ui_challenge_game_modes,3.5,0.25,0.75,0.25,1,mp_challenge_complete,,challenge_splash,,
ch_collector,CHALLENGE_COLLECTOR,CHALLENGE_COLLECTOR_DESC,ui_challenge_game_modes,3.5,0.25,0.75,0.25,1,mp_challenge_complete,,challenge_splash,,
ch_save_yourself,CHALLENGE_SAVE_YOURSELF,CHALLENGE_SAVE_YOURSELF_DESC,ui_challenge_game_modes,3.5,0.25,0.75,0.25,1,mp_challenge_complete,,challenge_splash,,
ch_sd_destroyer,CHALLENGE_SD_DESTROYER,CHALLENGE_SD_DESTROYER_DESC,ui_challenge_game_modes,3.5,0.25,0.75,0.25,1,mp_challenge_complete,,challenge_splash,,
ch_dom_aggression,CHALLENGE_DOM_AGGRESSION,CHALLENGE_DOM_AGGRESSION_DESC,ui_challenge_game_modes,3.5,0.25,0.75,0.25,1,mp_challenge_complete,,challenge_splash,,
ch_hq_aggression,CHALLENGE_HQ_AGGRESSION,CHALLENGE_HQ_AGGRESSION_DESC,ui_challenge_game_modes,3.5,0.25,0.75,0.25,1,mp_challenge_complete,,challenge_splash,,
ch_hq_destroyer,CHALLENGE_HQ_DESTROYER,CHALLENGE_HQ_DESTROYER_DESC,ui_challenge_game_modes,3.5,0.25,0.75,0.25,1,mp_challenge_complete,,challenge_splash,,
ch_war_crushing,CHALLENGE_WAR_CRUSHING,CHALLENGE_WAR_CRUSHING_DESC,ui_challenge_game_modes,3.5,0.25,0.75,0.25,1,mp_challenge_complete,,challenge_splash,,
ch_dm_crushing,CHALLENGE_DM_CRUSHING,CHALLENGE_DM_CRUSHING_DESC,ui_challenge_game_modes,3.5,0.25,0.75,0.25,1,mp_challenge_complete,,challenge_splash,,
ch_dom_alphalock,CHALLENGE_DOM_ALPHALOCK,CHALLENGE_DOM_ALPHALOCK_DESC,ui_challenge_game_modes,3.5,0.25,0.75,0.25,1,mp_challenge_complete,,challenge_splash,,
ch_dom_bravolock,CHALLENGE_DOM_BRAVOLOCK,CHALLENGE_DOM_BRAVOLOCK_DESC,ui_challenge_game_modes,3.5,0.25,0.75,0.25,1,mp_challenge_complete,,challenge_splash,,
ch_dom_charlielock,CHALLENGE_DOM_CHARLIELOCK,CHALLENGE_DOM_CHARLIELOCK_DESC,ui_challenge_game_modes,3.5,0.25,0.75,0.25,1,mp_challenge_complete,,challenge_splash,,
ch_dm_wins,CHALLENGE_DM_WINS,CHALLENGE_WINS_DESC,ui_challenge_game_modes,3.5,0.25,0.75,0.25,1,mp_challenge_complete,,challenge_splash,,
ch_dom_wins,CHALLENGE_DOM_WINS,CHALLENGE_WINS_DESC,ui_challenge_game_modes,3.5,0.25,0.75,0.25,1,mp_challenge_complete,,challenge_splash,,
ch_conf_wins,CHALLENGE_CONF_WINS,CHALLENGE_WINS_DESC,ui_challenge_game_modes,3.5,0.25,0.75,0.25,1,mp_challenge_complete,,challenge_splash,,
ch_koth_wins,CHALLENGE_KOTH_WINS,CHALLENGE_WINS_DESC,ui_challenge_game_modes,3.5,0.25,0.75,0.25,1,mp_challenge_complete,,challenge_splash,,
ch_denial,CHALLENGE_DENIAL,CHALLENGE_DENIAL_DESC,ui_challenge_game_modes,3.5,0.25,0.75,0.25,1,mp_challenge_complete,,challenge_splash,,
ch_valor_mastery,CHALLENGE_VALOR_MASTERY,CHALLENGE_MASTERY_DESC,ui_challenge_elite,3.5,0.25,0.75,0.25,1,mp_challenge_complete,,challenge_splash,,
ch_thebrink,CHALLENGE_THEBRINK,CHALLENGE_THEBRINK_DESC,ui_challenge_elite,3.5,0.25,0.75,0.25,1,mp_challenge_complete,,challenge_splash,,
ch_collateraldamage,CHALLENGE_COLLATERALDAMAGE,CHALLENGE_COLLATERALDAMAGE_DESC,ui_challenge_elite,3.5,0.25,0.75,0.25,1,mp_challenge_complete,,challenge_splash,,
ch_theedge,CHALLENGE_THEEDGE,CHALLENGE_THEEDGE_DESC,ui_challenge_elite,3.5,0.25,0.75,0.25,1,mp_challenge_complete,,challenge_splash,,
ch_flawless,CHALLENGE_FLAWLESS,CHALLENGE_FLAWLESS_DESC,ui_challenge_elite,3.5,0.25,0.75,0.25,1,mp_challenge_complete,,challenge_splash,,
ch_tangodown,CHALLENGE_TANGODOWN,CHALLENGE_TANGODOWN_DESC,ui_challenge_elite,3.5,0.25,0.75,0.25,1,mp_challenge_complete,,challenge_splash,,
ch_hardlanding,CHALLENGE_HARDLANDING,CHALLENGE_HARDLANDING_DESC,ui_challenge_elite,3.5,0.25,0.75,0.25,1,mp_challenge_complete,,challenge_splash,,
ch_extremecruelty,CHALLENGE_EXTREMECRUELTY,CHALLENGE_EXTREMECRUELTY_DESC,ui_challenge_elite,3.5,0.25,0.75,0.25,1,mp_challenge_complete,,challenge_splash,,
ch_fastswap,CHALLENGE_FASTSWAP,CHALLENGE_FASTSWAP_DESC,ui_challenge_elite,3.5,0.25,0.75,0.25,1,mp_challenge_complete,,challenge_splash,,
ch_starplayer,CHALLENGE_STARPLAYER,CHALLENGE_STARPLAYER_DESC,ui_challenge_elite,3.5,0.25,0.75,0.25,1,mp_challenge_complete,,challenge_splash,,
ch_howthe,CHALLENGE_HOWTHE,CHALLENGE_HOWTHE_DESC,ui_challenge_elite,3.5,0.25,0.75,0.25,1,mp_challenge_complete,,challenge_splash,,
ch_dominos,CHALLENGE_DOMINOS,CHALLENGE_DOMINOS_DESC,ui_challenge_elite,3.5,0.25,0.75,0.25,1,mp_challenge_complete,,challenge_splash,,
ch_nosecrets,CHALLENGE_NOSECRETS,CHALLENGE_NOSECRETS_DESC,ui_challenge_elite,3.5,0.25,0.75,0.25,1,mp_challenge_complete,,challenge_splash,,
ch_afterburner,CHALLENGE_AFTERBURNER,CHALLENGE_AFTERBURNER_DESC,ui_challenge_elite,3.5,0.25,0.75,0.25,1,mp_challenge_complete,,challenge_splash,,
ch_airsuperiority,CHALLENGE_AIRSUPERIORITY,CHALLENGE_AIRSUPERIORITY_DESC,ui_challenge_elite,3.5,0.25,0.75,0.25,1,mp_challenge_complete,,challenge_splash,,
ch_countermvp,CHALLENGE_COUNTERMVP,CHALLENGE_COUNTERMVP_DESC,ui_challenge_elite,3.5,0.25,0.75,0.25,1,mp_challenge_complete,,challenge_splash,,
ch_invincible,CHALLENGE_INVINCIBLE,CHALLENGE_INVINCIBLE_DESC,ui_challenge_elite,3.5,0.25,0.75,0.25,1,mp_challenge_complete,,challenge_splash,,
ch_survivalist,CHALLENGE_SURVIVALIST,CHALLENGE_SURVIVALIST_DESC,ui_challenge_elite,3.5,0.25,0.75,0.25,1,mp_challenge_complete,,challenge_splash,,
ch_avenger,CHALLENGE_AVENGER,CHALLENGE_AVENGER_DESC,ui_challenge_elite,3.5,0.25,0.75,0.25,1,mp_challenge_complete,,challenge_splash,,
ch_afterlife,CHALLENGE_AFTERLIFE,CHALLENGE_AFTERLIFE_DESC,ui_challenge_elite,3.5,0.25,0.75,0.25,1,mp_challenge_complete,,challenge_splash,,
ch_backstab,CHALLENGE_BACKSTAB,CHALLENGE_BACKSTAB_DESC,ui_challenge_elite,3.5,0.25,0.75,0.25,1,mp_challenge_complete,,challenge_splash,,
ch_revenge,CHALLENGE_REVENGE,CHALLENGE_REVENGE_DESC,ui_challenge_elite,3.5,0.25,0.75,0.25,1,mp_challenge_complete,,challenge_splash,,
ch_killer_double,CHALLENGE_KILLER_DOUBLE,CHALLENGE_KILLER_DOUBLE_DESC,ui_challenge_elite,3.5,0.25,0.75,0.25,1,mp_challenge_complete,,challenge_splash,,
ch_killer_triple,CHALLENGE_KILLER_TRIPLE,CHALLENGE_KILLER_TRIPLE_DESC,ui_challenge_elite,3.5,0.25,0.75,0.25,1,mp_challenge_complete,,challenge_splash,,
ch_killer_quadra,CHALLENGE_KILLER_QUADRA,CHALLENGE_KILLER_QUADRA_DESC,ui_challenge_elite,3.5,0.25,0.75,0.25,1,mp_challenge_complete,,challenge_splash,,
ch_killer_penta,CHALLENGE_KILLER_PENTA,CHALLENGE_KILLER_PENTA_DESC,ui_challenge_elite,3.5,0.25,0.75,0.25,1,mp_challenge_complete,,challenge_splash,,
ch_killer_hexa,CHALLENGE_KILLER_HEXA,CHALLENGE_KILLER_HEXA_DESC,ui_challenge_elite,3.5,0.25,0.75,0.25,1,mp_challenge_complete,,challenge_splash,,
ch_killer_bloodthirsty,CHALLENGE_KILLER_BLOODTHIRSTY,CHALLENGE_KILLER_BLOODTHIRSTY_DESC,ui_challenge_elite,3.5,0.25,0.75,0.25,1,mp_challenge_complete,,challenge_splash,,
ch_killer_merciless,CHALLENGE_KILLER_MERCILESS,CHALLENGE_KILLER_MERCILESS_DESC,ui_challenge_elite,3.5,0.25,0.75,0.25,1,mp_challenge_complete,,challenge_splash,,
ch_killer_ruthless,CHALLENGE_KILLER_RUTHLESS,CHALLENGE_KILLER_RUTHLESS_DESC,ui_challenge_elite,3.5,0.25,0.75,0.25,1,mp_challenge_complete,,challenge_splash,,
ch_killer_relentless,CHALLENGE_KILLER_RELENTLESS,CHALLENGE_KILLER_RELENTLESS_DESC,ui_challenge_elite,3.5,0.25,0.75,0.25,1,mp_challenge_complete,,challenge_splash,,
ch_killer_brutal,CHALLENGE_KILLER_BRUTAL,CHALLENGE_KILLER_BRUTAL_DESC,ui_challenge_elite,3.5,0.25,0.75,0.25,1,mp_challenge_complete,,challenge_splash,,
ch_killer_vicious,CHALLENGE_KILLER_VICIOUS,CHALLENGE_KILLER_VICIOUS_DESC,ui_challenge_elite,3.5,0.25,0.75,0.25,1,mp_challenge_complete,,challenge_splash,,
ch_kingslayer,CHALLENGE_KINGSLAYER,CHALLENGE_KINGSLAYER_DESC,ui_challenge_elite,3.5,0.25,0.75,0.25,1,mp_challenge_complete,,challenge_splash,,
ch_prestige_mastery,CHALLENGE_PRESTIGE_MASTERY,CHALLENGE_MASTERY_DESC,ui_challenge_prestige,3.5,0.25,0.75,0.25,1,mp_challenge_complete,,challenge_splash,,
ch_headhunter,CHALLENGE_HEADHUNTER,CHALLENGE_HEADHUNTER_DESC,ui_challenge_prestige,3.5,0.25,0.75,0.25,1,mp_challenge_complete,,challenge_splash,,
ch_fearless,CHALLENGE_FEARLESS,CHALLENGE_FEARLESS_DESC,ui_challenge_prestige,3.5,0.25,0.75,0.25,1,mp_challenge_complete,,challenge_splash,,
ch_triplehurt,CHALLENGE_TRIPLEHURT,CHALLENGE_TRIPLEHURT_DESC,ui_challenge_prestige,3.5,0.25,0.75,0.25,1,mp_challenge_complete,,challenge_splash,,
ch_backfire,CHALLENGE_BACKFIRE,CHALLENGE_BACKFIRE_DESC,ui_challenge_prestige,3.5,0.25,0.75,0.25,1,mp_challenge_complete,,challenge_splash,,
ch_deadeye,CHALLENGE_DEADEYE,CHALLENGE_DEADEYE_DESC,ui_challenge_prestige,3.5,0.25,0.75,0.25,1,mp_challenge_complete,,challenge_splash,,
ch_flash,CHALLENGE_FLASH,CHALLENGE_FLASH_DESC,ui_challenge_prestige,3.5,0.25,0.75,0.25,1,mp_challenge_complete,,challenge_splash,,
ch_superstar,CHALLENGE_SUPERSTAR,CHALLENGE_SUPERSTAR_DESC,ui_challenge_prestige,3.5,0.25,0.75,0.25,1,mp_challenge_complete,,challenge_splash,,
ch_mvp,CHALLENGE_MVP,CHALLENGE_MVP_DESC,ui_challenge_prestige,3.5,0.25,0.75,0.25,1,mp_challenge_complete,,challenge_splash,,
ch_superior,CHALLENGE_SUPERIOR,CHALLENGE_SUPERIOR_DESC,ui_challenge_prestige,3.5,0.25,0.75,0.25,1,mp_challenge_complete,,challenge_splash,,
ch_moviestar,CHALLENGE_MOVIESTAR,CHALLENGE_MOVIESTAR_DESC,ui_challenge_prestige,3.5,0.25,0.75,0.25,1,mp_challenge_complete,,challenge_splash,,
ch_uav_assist,CHALLENGE_UAV_ASSIST,CHALLENGE_UAV_ASSIST_DESC,ui_challenge_prestige,3.5,0.25,0.75,0.25,1,mp_challenge_complete,,challenge_splash,,
ch_launcher_kill,CHALLENGE_LAUNCHER_KILL,CHALLENGE_LAUNCHER_KILL_DESC,ui_challenge_prestige,3.5,0.25,0.75,0.25,1,mp_challenge_complete,,challenge_splash,,
ch_precision_farsight,CHALLENGE_PRECISION_FARSIGHT,CHALLENGE_PRECISION_FARSIGHT_DESC,ui_challenge_prestige,3.5,0.25,0.75,0.25,1,mp_challenge_complete,,challenge_splash,,
ch_savior,CHALLENGE_SAVIOR,CHALLENGE_SAVIOR_DESC,ui_challenge_prestige,3.5,0.25,0.75,0.25,1,mp_challenge_complete,,challenge_splash,,
ch_humiliation_finders,CHALLENGE_HUMILIATION_FINDERS,CHALLENGE_HUMILIATION_FINDERS_DESC,ui_challenge_prestige,3.5,0.25,0.75,0.25,1,mp_challenge_complete,,challenge_splash,,
ch_ninja,CHALLENGE_NINJA,CHALLENGE_NINJA_DESC,ui_challenge_prestige,3.5,0.25,0.75,0.25,1,mp_challenge_complete,,challenge_splash,,
ch_kills_stolen,CHALLENGE_KILLS_STOLEN,CHALLENGE_KILLS_STOLEN_DESC,ui_challenge_prestige,3.5,0.25,0.75,0.25,1,mp_challenge_complete,,challenge_splash,,
ch_jump_slasher,CHALLENGE_JUMP_SLASHER,CHALLENGE_JUMP_SLASHER_DESC,ui_challenge_prestige,3.5,0.25,0.75,0.25,1,mp_challenge_complete,,challenge_splash,,
ch_attach_glkills,CHALLENGE_ATTACH_GLKILLS,CHALLENGE_ATTACH_GLKILLS_DESC,ui_challenge_prestige,3.5,0.25,0.75,0.25,1,mp_challenge_complete,,challenge_splash,,
ch_finishingtouch,CHALLENGE_FINISHINGTOUCH,CHALLENGE_FINISHINGTOUCH_DESC,ui_challenge_prestige,3.5,0.25,0.75,0.25,1,mp_challenge_complete,,challenge_splash,,
ch_100_paragon,CHALLENGE_LEVEL_100,CHALLENGE_LEVEL_100_DESC,ui_challenge_prestige,3.5,0.25,0.75,0.25,1,mp_challenge_complete,,challenge_splash,,
ch_150_paragon,CHALLENGE_LEVEL_150,CHALLENGE_LEVEL_150_DESC,ui_challenge_prestige,3.5,0.25,0.75,0.25,1,mp_challenge_complete,,challenge_splash,,
ch_200_paragon,CHALLENGE_LEVEL_200,CHALLENGE_LEVEL_200_DESC,ui_challenge_prestige,3.5,0.25,0.75,0.25,1,mp_challenge_complete,,challenge_splash,,
ch_250_paragon,CHALLENGE_LEVEL_250,CHALLENGE_LEVEL_250_DESC,ui_challenge_prestige,3.5,0.25,0.75,0.25,1,mp_challenge_complete,,challenge_splash,,
ch_300_paragon,CHALLENGE_LEVEL_300,CHALLENGE_LEVEL_300_DESC,ui_challenge_prestige,3.5,0.25,0.75,0.25,1,mp_challenge_complete,,challenge_splash,,
ch_350_paragon,CHALLENGE_LEVEL_350,CHALLENGE_LEVEL_350_DESC,ui_challenge_prestige,3.5,0.25,0.75,0.25,1,mp_challenge_complete,,challenge_splash,,
ch_400_paragon,CHALLENGE_LEVEL_400,CHALLENGE_LEVEL_400_DESC,ui_challenge_prestige,3.5,0.25,0.75,0.25,1,mp_challenge_complete,,challenge_splash,,
ch_450_paragon,CHALLENGE_LEVEL_450,CHALLENGE_LEVEL_450_DESC,ui_challenge_prestige,3.5,0.25,0.75,0.25,1,mp_challenge_complete,,challenge_splash,,
ch_500_paragon,CHALLENGE_LEVEL_500,CHALLENGE_LEVEL_500_DESC,ui_challenge_prestige,3.5,0.25,0.75,0.25,1,mp_challenge_complete,,challenge_splash,,
ch_550_paragon,CHALLENGE_LEVEL_550,CHALLENGE_LEVEL_550_DESC,ui_challenge_prestige,3.5,0.25,0.75,0.25,1,mp_challenge_complete,,challenge_splash,,
ch_600_paragon,CHALLENGE_LEVEL_600,CHALLENGE_LEVEL_600_DESC,ui_challenge_prestige,3.5,0.25,0.75,0.25,1,mp_challenge_complete,,challenge_splash,,
ch_650_paragon,CHALLENGE_LEVEL_650,CHALLENGE_LEVEL_650_DESC,ui_challenge_prestige,3.5,0.25,0.75,0.25,1,mp_challenge_complete,,challenge_splash,,
ch_700_paragon,CHALLENGE_LEVEL_700,CHALLENGE_LEVEL_700_DESC,ui_challenge_prestige,3.5,0.25,0.75,0.25,1,mp_challenge_complete,,challenge_splash,,
ch_750_paragon,CHALLENGE_LEVEL_750,CHALLENGE_LEVEL_750_DESC,ui_challenge_prestige,3.5,0.25,0.75,0.25,1,mp_challenge_complete,,challenge_splash,,
ch_800_paragon,CHALLENGE_LEVEL_800,CHALLENGE_LEVEL_800_DESC,ui_challenge_prestige,3.5,0.25,0.75,0.25,1,mp_challenge_complete,,challenge_splash,,
ch_850_paragon,CHALLENGE_LEVEL_850,CHALLENGE_LEVEL_850_DESC,ui_challenge_prestige,3.5,0.25,0.75,0.25,1,mp_challenge_complete,,challenge_splash,,
ch_900_paragon,CHALLENGE_LEVEL_900,CHALLENGE_LEVEL_900_DESC,ui_challenge_prestige,3.5,0.25,0.75,0.25,1,mp_challenge_complete,,challenge_splash,,
ch_950_paragon,CHALLENGE_LEVEL_950,CHALLENGE_LEVEL_950_DESC,ui_challenge_prestige,3.5,0.25,0.75,0.25,1,mp_challenge_complete,,challenge_splash,,
ch_1000_paragon,CHALLENGE_LEVEL_1000,CHALLENGE_LEVEL_1000_DESC,ui_challenge_prestige,3.5,0.25,0.75,0.25,1,mp_challenge_complete,,challenge_splash,,
ch_expert_h1_xmlar,CHALLENGE_EXPERT_XMLAR,CHALLENGE_EXPERT_DESC,ui_challenge_ars,3.5,0.25,0.75,0.25,1,mp_challenge_complete,,challenge_splash,asl_xmlar,
ch_barebone_h1_xmlar,CHALLENGE_BAREBONE_H1_XMLAR,CHALLENGE_BAREBONE_DESC,ui_challenge_ars,3.5,0.25,0.75,0.25,1,mp_challenge_complete,,challenge_splash,asl_xmlar,
ch_reddot_h1_xmlar,CHALLENGE_REDDOT_H1_XMLAR,CHALLENGE_REDDOT_DESC,ui_challenge_ars,3.5,0.25,0.75,0.25,1,mp_challenge_complete,,challenge_splash,asl_xmlar,
ch_h1_xmlar_gold,CHALLENGE_XMLAR_GOLD,CHALLENGE_GOLD_DESC,ui_challenge_ars,3.5,0.25,0.75,0.25,1,mp_challenge_complete,,challenge_splash,asl_xmlar,
ch_expert_h1_kam12,CHALLENGE_EXPERT_KAM12,CHALLENGE_EXPERT_DESC,ui_challenge_shotguns,3.5,0.25,0.75,0.25,1,mp_challenge_complete,,challenge_splash,sho_kamchatka12,
ch_barebone_h1_kam12,CHALLENGE_BAREBONE_H1_KAM12,CHALLENGE_BAREBONE_DESC,ui_challenge_shotguns,3.5,0.25,0.75,0.25,1,mp_challenge_complete,,challenge_splash,sho_kamchatka12,
ch_reddot_h1_kam12,CHALLENGE_REDDOT_H1_KAM12,CHALLENGE_REDDOT_DESC,ui_challenge_shotguns,3.5,0.25,0.75,0.25,1,mp_challenge_complete,,challenge_splash,sho_kamchatka12,
ch_h1_kam12_gold,CHALLENGE_KAM12_GOLD,CHALLENGE_GOLD_DESC,ui_challenge_shotguns,3.5,0.25,0.75,0.25,1,mp_challenge_complete,,challenge_splash,sho_kamchatka12,
ch_pronemelee,CHALLENGE_PRONEMELEE,CHALLENGE_PRONEMELEE_DESC,ui_challenge_arctic_wolf,3.5,0.25,0.75,0.25,1,mp_challenge_complete,,challenge_splash,,
ch_jumpmelee,CHALLENGE_JUMPMELEE,CHALLENGE_JUMPMELEE_DESC,ui_challenge_arctic_wolf,3.5,0.25,0.75,0.25,1,mp_challenge_complete,,challenge_splash,,
ch_gun_wins,CHALLENGE_GG_WINS,CHALLENGE_WINS_DESC,ui_challenge_arctic_wolf,3.5,0.25,0.75,0.25,1,mp_challenge_complete,,challenge_splash,,
ch_ggkills,CHALLENGE_GGKILLS,CHALLENGE_GGKILLS_DESC,ui_challenge_arctic_wolf,3.5,0.25,0.75,0.25,1,mp_challenge_complete,,challenge_splash,,
ch_hp_wins,CHALLENGE_HP_WINS,CHALLENGE_WINS_DESC,ui_challenge_arctic_wolf,3.5,0.25,0.75,0.25,1,mp_challenge_complete,,challenge_splash,,
ch_hpcaptures,CHALLENGE_HPCAPTURES,CHALLENGE_HPCAPTURES_DESC,ui_challenge_arctic_wolf,3.5,0.25,0.75,0.25,1,mp_challenge_complete,,challenge_splash,,
ch_marksman_h1_xmlar,CHALLENGE_MARKSMAN_XMLAR,CHALLENGE_MARKSMAN_DESC,ui_challenge_ars,3.5,0.25,0.75,0.25,1,mp_challenge_complete,,challenge_splash,asl_xmlar,
ch_marksman_h1_kam12,CHALLENGE_MARKSMAN_KAM12,CHALLENGE_MARKSMAN_DESC,ui_challenge_shotguns,3.5,0.25,0.75,0.25,1,mp_challenge_complete,,challenge_splash,sho_kamchatka12,
ch_expert_h1_janpst,CHALLENGE_EXPERT_H1_MAGNUM,CHALLENGE_EXPERT_DESC,ui_challenge_pistols,3.5,0.25,0.75,0.25,1,mp_challenge_complete,,challenge_splash,pst_janpst,
ch_barebone_h1_janpst,CHALLENGE_BAREBONE_H1_MAGNUM,CHALLENGE_BAREBONE_DESC,ui_challenge_pistols,3.5,0.25,0.75,0.25,1,mp_challenge_complete,,challenge_splash,pst_janpst,
ch_silencer_h1_janpst,CHALLENGE_SILENCER_H1_MAGNUM,CHALLENGE_SILENCER_DESC,ui_challenge_pistols,3.5,0.25,0.75,0.25,1,mp_challenge_complete,,challenge_splash,pst_janpst,
ch_h1_janpst_gold,CHALLENGE_MAGNUM_GOLD,CHALLENGE_GOLD_DESC,ui_challenge_pistols,3.5,0.25,0.75,0.25,1,mp_challenge_complete,,challenge_splash,pst_janpst,
ch_wc_sprint,CHALLENGE_WC_SPRINT,CHALLENGE_WC_SPRINT_DESC,ui_challenge_arctic_wolf,3.5,0.25,0.75,0.25,1,mp_challenge_complete,,challenge_splash,,
ch_wc_wins,CHALLENGE_WC_WINS,CHALLENGE_WC_WINS_DESC,ui_challenge_arctic_wolf,3.5,0.25,0.75,0.25,1,mp_challenge_complete,,challenge_splash,,
ch_wc_melee,CHALLENGE_WC_MELEE,CHALLENGE_WC_MELEE_DESC,ui_challenge_arctic_wolf,3.5,0.25,0.75,0.25,1,mp_challenge_complete,,challenge_splash,,
ch_wc_grenade,CHALLENGE_WC_GRENADE,CHALLENGE_WC_GRENADE_DESC,ui_challenge_arctic_wolf,3.5,0.25,0.75,0.25,1,mp_challenge_complete,,challenge_splash,,
ch_wc_kills,CHALLENGE_WC_KILLS,CHALLENGE_WC_KILLS_DESC,ui_challenge_arctic_wolf,3.5,0.25,0.75,0.25,1,mp_challenge_complete,,challenge_splash,,
ch_wc_tactical,CHALLENGE_WC_TACTICAL,CHALLENGE_WC_TACTICAL_DESC,ui_challenge_arctic_wolf,3.5,0.25,0.75,0.25,1,mp_challenge_complete,,challenge_splash,,
ch_expert_h1_febsmg,CHALLENGE_EXPERT_FEBSMG,CHALLENGE_EXPERT_DESC,ui_challenge_smgs,3.5,0.25,0.75,0.25,1,mp_challenge_complete,,challenge_splash,smg_mac10,
ch_barebone_h1_febsmg,CHALLENGE_BAREBONE_H1_FEBSMG,CHALLENGE_BAREBONE_DESC,ui_challenge_smgs,3.5,0.25,0.75,0.25,1,mp_challenge_complete,,challenge_splash,smg_mac10,
ch_reddot_h1_febsmg,CHALLENGE_REDDOT_H1_FEBSMG,CHALLENGE_REDDOT_DESC,ui_challenge_smgs,3.5,0.25,0.75,0.25,1,mp_challenge_complete,,challenge_splash,smg_mac10,
ch_h1_febsmg_gold,CHALLENGE_FEBSMG_GOLD,CHALLENGE_GOLD_DESC,ui_challenge_smgs,3.5,0.25,0.75,0.25,1,mp_challenge_complete,,challenge_splash,smg_mac10,
ch_expert_h1_feblmg,CHALLENGE_EXPERT_FEBLMG,CHALLENGE_EXPERT_DESC,ui_challenge_heavy_weapons,3.5,0.25,0.75,0.25,1,mp_challenge_complete,,challenge_splash,lmg_pkm,
ch_barebone_h1_feblmg,CHALLENGE_BAREBONE_H1_FEBLMG,CHALLENGE_BAREBONE_DESC,ui_challenge_heavy_weapons,3.5,0.25,0.75,0.25,1,mp_challenge_complete,,challenge_splash,lmg_pkm,
ch_reddot_h1_feblmg,CHALLENGE_REDDOT_H1_FEBLMG,CHALLENGE_REDDOT_DESC,ui_challenge_heavy_weapons,3.5,0.25,0.75,0.25,1,mp_challenge_complete,,challenge_splash,lmg_pkm,
ch_h1_feblmg_gold,CHALLENGE_FEBLMG_GOLD,CHALLENGE_GOLD_DESC,ui_challenge_heavy_weapons,3.5,0.25,0.75,0.25,1,mp_challenge_complete,,challenge_splash,lmg_pkm,
ch_expert_h1_febsnp,CHALLENGE_EXPERT_FEBSNP,CHALLENGE_EXPERT_DESC,ui_challenge_sniper_rifles,3.5,0.25,0.75,0.25,1,mp_challenge_complete,,challenge_splash,sni_dmr25,
ch_barebone_h1_febsnp,CHALLENGE_BAREBONE_H1_FEBSNP,CHALLENGE_BAREBONE_DESC,ui_challenge_sniper_rifles,3.5,0.25,0.75,0.25,1,mp_challenge_complete,,challenge_splash,sni_dmr25,
ch_acog_h1_febsnp,CHALLENGE_ACOG_H1_FEBSNP,CHALLENGE_ACOG_DESC,ui_challenge_sniper_rifles,3.5,0.25,0.75,0.25,1,mp_challenge_complete,,challenge_splash,sni_dmr25,
ch_h1_febsnp_gold,CHALLENGE_FEBSNP_GOLD,CHALLENGE_GOLD_DESC,ui_challenge_sniper_rifles,3.5,0.25,0.75,0.25,1,mp_challenge_complete,,challenge_splash,sni_dmr25,
ch_marksman_h1_febsmg,CHALLENGE_MARKSMAN_FEBSMG,CHALLENGE_MARKSMAN_DESC,ui_challenge_smgs,3.5,0.25,0.75,0.25,1,mp_challenge_complete,,challenge_splash,smg_mac10,
ch_marksman_h1_feblmg,CHALLENGE_MARKSMAN_FEBLMG,CHALLENGE_MARKSMAN_DESC,ui_challenge_heavy_weapons,3.5,0.25,0.75,0.25,1,mp_challenge_complete,,challenge_splash,lmg_pkm,
ch_marksman_h1_febsnp,CHALLENGE_MARKSMAN_FEBSNP,CHALLENGE_MARKSMAN_DESC,ui_challenge_sniper_rifles,3.5,0.25,0.75,0.25,1,mp_challenge_complete,,challenge_splash,sni_dmr25,
ch_stpatty_uav,CHALLENGE_STPATTY_UAV,CHALLENGE_STPATTY_UAV_DESC,ui_challenge_lion_strike,3.5,0.25,0.75,0.25,1,mp_challenge_complete,,challenge_splash,,
ch_stpatty_wins,CHALLENGE_STPATTY_WINS,CHALLENGE_STPATTY_WINS_DESC,ui_challenge_lion_strike,3.5,0.25,0.75,0.25,1,mp_challenge_complete,,challenge_splash,,
ch_stpatty_melee,CHALLENGE_STPATTY_MELEE,CHALLENGE_STPATTY_MELEE_DESC,ui_challenge_lion_strike,3.5,0.25,0.75,0.25,1,mp_challenge_complete,,challenge_splash,,
ch_stpatty_grenade,CHALLENGE_STPATTY_GRENADE,CHALLENGE_STPATTY_GRENADE_DESC,ui_challenge_lion_strike,3.5,0.25,0.75,0.25,1,mp_challenge_complete,,challenge_splash,,
ch_stpatty_kills,CHALLENGE_STPATTY_KILLS,CHALLENGE_STPATTY_KILLS_DESC,ui_challenge_lion_strike,3.5,0.25,0.75,0.25,1,mp_challenge_complete,,challenge_splash,,
ch_stpatty_tactical,CHALLENGE_STPATTY_TACTICAL,CHALLENGE_STPATTY_TACTICAL_DESC,ui_challenge_lion_strike,3.5,0.25,0.75,0.25,1,mp_challenge_complete,,challenge_splash,,
ch_expert_h1_aprast,CHALLENGE_EXPERT_APRAST,CHALLENGE_EXPERT_DESC,ui_challenge_ars,3.5,0.25,0.75,0.25,1,mp_challenge_complete,,challenge_splash,asl_bos14,
ch_barebone_h1_aprast,CHALLENGE_BAREBONE_H1_APRAST,CHALLENGE_BAREBONE_DESC,ui_challenge_ars,3.5,0.25,0.75,0.25,1,mp_challenge_complete,,challenge_splash,asl_bos14,
ch_reddot_h1_aprast,CHALLENGE_REDDOT_H1_APRAST,CHALLENGE_REDDOT_DESC,ui_challenge_ars,3.5,0.25,0.75,0.25,1,mp_challenge_complete,,challenge_splash,asl_bos14,
ch_h1_aprast_gold,CHALLENGE_APRAST_GOLD,CHALLENGE_GOLD_DESC,ui_challenge_ars,3.5,0.25,0.75,0.25,1,mp_challenge_complete,,challenge_splash,asl_bos14,
ch_expert_h1_aprsmg,CHALLENGE_EXPERT_APRSMG,CHALLENGE_EXPERT_DESC,ui_challenge_smgs,3.5,0.25,0.75,0.25,1,mp_challenge_complete,,challenge_splash,smg_fang45,
ch_barebone_h1_aprsmg,CHALLENGE_BAREBONE_H1_APRSMG,CHALLENGE_BAREBONE_DESC,ui_challenge_smgs,3.5,0.25,0.75,0.25,1,mp_challenge_complete,,challenge_splash,smg_fang45,
ch_reddot_h1_aprsmg,CHALLENGE_REDDOT_H1_APRSMG,CHALLENGE_REDDOT_DESC,ui_challenge_smgs,3.5,0.25,0.75,0.25,1,mp_challenge_complete,,challenge_splash,smg_fang45,
ch_h1_aprsmg_gold,CHALLENGE_APRSMG_GOLD,CHALLENGE_GOLD_DESC,ui_challenge_smgs,3.5,0.25,0.75,0.25,1,mp_challenge_complete,,challenge_splash,smg_fang45,
ch_expert_h1_aprpst,CHALLENGE_EXPERT_APRPST,CHALLENGE_EXPERT_DESC,ui_challenge_pistols,3.5,0.25,0.75,0.25,1,mp_challenge_complete,,challenge_splash,pst_prokolot,
ch_barebone_h1_aprpst,CHALLENGE_BAREBONE_H1_APRPST,CHALLENGE_BAREBONE_DESC,ui_challenge_pistols,3.5,0.25,0.75,0.25,1,mp_challenge_complete,,challenge_splash,pst_prokolot,
ch_silencer_h1_aprpst,CHALLENGE_SILENCER_H1_APRPST,CHALLENGE_SILENCER_DESC,ui_challenge_pistols,3.5,0.25,0.75,0.25,1,mp_challenge_complete,,challenge_splash,pst_prokolot,
ch_h1_aprpst_gold,CHALLENGE_APRPST_GOLD,CHALLENGE_GOLD_DESC,ui_challenge_pistols,3.5,0.25,0.75,0.25,1,mp_challenge_complete,,challenge_splash,pst_prokolot,
ch_marksman_h1_aprast,CHALLENGE_MARKSMAN_APRAST,CHALLENGE_MARKSMAN_DESC,ui_challenge_ars,3.5,0.25,0.75,0.25,1,mp_challenge_complete,,challenge_splash,asl_bos14,
ch_marksman_h1_aprsmg,CHALLENGE_MARKSMAN_APRSMG,CHALLENGE_MARKSMAN_DESC,ui_challenge_smgs,3.5,0.25,0.75,0.25,1,mp_challenge_complete,,challenge_splash,smg_fang45,
ch_expert_h1_junlmg,CHALLENGE_EXPERT_JUNLMG,CHALLENGE_EXPERT_DESC,ui_challenge_heavy_weapons,3.5,0.25,0.75,0.25,1,mp_challenge_complete,,challenge_splash,lmg_mk8,
ch_barebone_h1_junlmg,CHALLENGE_BAREBONE_H1_JUNLMG,CHALLENGE_BAREBONE_DESC,ui_challenge_heavy_weapons,3.5,0.25,0.75,0.25,1,mp_challenge_complete,,challenge_splash,lmg_mk8,
ch_reddot_h1_junlmg,CHALLENGE_REDDOT_H1_JUNLMG,CHALLENGE_REDDOT_DESC,ui_challenge_heavy_weapons,3.5,0.25,0.75,0.25,1,mp_challenge_complete,,challenge_splash,lmg_mk8,
ch_h1_junlmg_gold,CHALLENGE_JUNLMG_GOLD,CHALLENGE_GOLD_DESC,ui_challenge_heavy_weapons,3.5,0.25,0.75,0.25,1,mp_challenge_complete,,challenge_splash,lmg_mk8,
ch_expert_h1_junsnp,CHALLENGE_EXPERT_JUNSNP,CHALLENGE_EXPERT_DESC,ui_challenge_sniper_rifles,3.5,0.25,0.75,0.25,1,mp_challenge_complete,,challenge_splash,sni_stac330,
ch_barebone_h1_junsnp,CHALLENGE_BAREBONE_H1_JUNSNP,CHALLENGE_BAREBONE_DESC,ui_challenge_sniper_rifles,3.5,0.25,0.75,0.25,1,mp_challenge_complete,,challenge_splash,sni_stac330,
ch_acog_h1_junsnp,CHALLENGE_ACOG_H1_JUNSNP,CHALLENGE_ACOG_DESC,ui_challenge_sniper_rifles,3.5,0.25,0.75,0.25,1,mp_challenge_complete,,challenge_splash,sni_stac330,
ch_h1_junsnp_gold,CHALLENGE_JUNSNP_GOLD,CHALLENGE_GOLD_DESC,ui_challenge_sniper_rifles,3.5,0.25,0.75,0.25,1,mp_challenge_complete,,challenge_splash,sni_stac330,
ch_expert_h1_junsho,CHALLENGE_EXPERT_JUNSHO,CHALLENGE_EXPERT_DESC,ui_challenge_shotguns,3.5,0.25,0.75,0.25,1,mp_challenge_complete,,challenge_splash,sho_ranger,
ch_crouch_h1_junsho,CHALLENGE_CROUCH_H1_JUNSHO,CHALLENGE_CROUCH_DESC,ui_challenge_shotguns,3.5,0.25,0.75,0.25,1,mp_challenge_complete,,challenge_splash,sho_ranger,
ch_prone_h1_junsho,CHALLENGE_PRONE_H1_JUNSHO,CHALLENGE_PRONE_DESC,ui_challenge_shotguns,3.5,0.25,0.75,0.25,1,mp_challenge_complete,,challenge_splash,sho_ranger,
ch_h1_junsho_gold,CHALLENGE_JUNSHO_GOLD,CHALLENGE_GOLD_DESC,ui_challenge_shotguns,3.5,0.25,0.75,0.25,1,mp_challenge_complete,,challenge_splash,sho_ranger,
ch_marksman_h1_junlmg,CHALLENGE_MARKSMAN_JUNLMG,CHALLENGE_MARKSMAN_DESC,ui_challenge_heavy_weapons,3.5,0.25,0.75,0.25,1,mp_challenge_complete,,challenge_splash,lmg_mk8,
ch_marksman_h1_junsnp,CHALLENGE_MARKSMAN_JUNSNP,CHALLENGE_MARKSMAN_DESC,ui_challenge_sniper_rifles,3.5,0.25,0.75,0.25,1,mp_challenge_complete,,challenge_splash,sni_stac330,
ch_summer_uav,CHALLENGE_SUMMER_UAV,CHALLENGE_SUMMER_UAV_DESC,ui_challenge_copperhead,3.5,0.25,0.75,0.25,1,mp_challenge_complete,,challenge_splash,,
ch_summer_wins,CHALLENGE_SUMMER_WINS,CHALLENGE_SUMMER_WINS_DESC,ui_challenge_copperhead,3.5,0.25,0.75,0.25,1,mp_challenge_complete,,challenge_splash,,
ch_summer_melee,CHALLENGE_SUMMER_MELEE,CHALLENGE_SUMMER_MELEE_DESC,ui_challenge_copperhead,3.5,0.25,0.75,0.25,1,mp_challenge_complete,,challenge_splash,,
ch_summer_grenade,CHALLENGE_SUMMER_GRENADE,CHALLENGE_SUMMER_GRENADE_DESC,ui_challenge_copperhead,3.5,0.25,0.75,0.25,1,mp_challenge_complete,,challenge_splash,,
ch_summer_kills,CHALLENGE_SUMMER_KILLS,CHALLENGE_SUMMER_KILLS_DESC,ui_challenge_copperhead,3.5,0.25,0.75,0.25,1,mp_challenge_complete,,challenge_splash,,
ch_summer_tactical,CHALLENGE_SUMMER_TACTICAL,CHALLENGE_SUMMER_TACTICAL_DESC,ui_challenge_copperhead,3.5,0.25,0.75,0.25,1,mp_challenge_complete,,challenge_splash,,
ch_summer_fearless,CHALLENGE_SUMMER_FEARLESS,CHALLENGE_SUMMER_FEARLESS_DESC,ui_challenge_copperhead,3.5,0.25,0.75,0.25,1,mp_challenge_complete,,challenge_splash,,
ch_summer_backfire,CHALLENGE_SUMMER_BACKFIRE,CHALLENGE_SUMMER_BACKFIRE_DESC,ui_challenge_copperhead,3.5,0.25,0.75,0.25,1,mp_challenge_complete,,challenge_splash,,
ch_summer_ranger,CHALLENGE_SUMMER_RANGER,CHALLENGE_SUMMER_RANGER_DESC,ui_challenge_copperhead,3.5,0.25,0.75,0.25,1,mp_challenge_complete,,challenge_splash,,
ch_summer_slasher,CHALLENGE_SUMMER_SLASHER,CHALLENGE_SUMMER_SLASHER_DESC,ui_challenge_copperhead,3.5,0.25,0.75,0.25,1,mp_challenge_complete,,challenge_splash,,
ch_summer_precision_farsight,CHALLENGE_SUMMER_PRECISION_FARSIGHT,CHALLENGE_SUMMER_PRECISION_FARSIGHT_DESC,ui_challenge_copperhead,3.5,0.25,0.75,0.25,1,mp_challenge_complete,,challenge_splash,,
ch_summer_collateraldamage,CHALLENGE_SUMMER_COLLATERALDAMAGE,CHALLENGE_SUMMER_COLLATERALDAMAGE_DESC,ui_challenge_copperhead,3.5,0.25,0.75,0.25,1,mp_challenge_complete,,challenge_splash,,
ch_expert_h1_augast,CHALLENGE_EXPERT_AUGAST,CHALLENGE_EXPERT_DESC,ui_challenge_ars,3.5,0.25,0.75,0.25,1,mp_challenge_complete,,challenge_splash,asl_lynxcq300,
ch_barebone_h1_augast,CHALLENGE_BAREBONE_H1_AUGAST,CHALLENGE_BAREBONE_DESC,ui_challenge_ars,3.5,0.25,0.75,0.25,1,mp_challenge_complete,,challenge_splash,asl_lynxcq300,
ch_reddot_h1_augast,CHALLENGE_REDDOT_H1_AUGAST,CHALLENGE_REDDOT_DESC,ui_challenge_ars,3.5,0.25,0.75,0.25,1,mp_challenge_complete,,challenge_splash,asl_lynxcq300,
ch_h1_augast_gold,CHALLENGE_AUGAST_GOLD,CHALLENGE_GOLD_DESC,ui_challenge_ars,3.5,0.25,0.75,0.25,1,mp_challenge_complete,,challenge_splash,asl_lynxcq300,
ch_expert_h1_augsmg,CHALLENGE_EXPERT_AUGSMG,CHALLENGE_EXPERT_DESC,ui_challenge_smgs,3.5,0.25,0.75,0.25,1,mp_challenge_complete,,challenge_splash,smg_pkpsd9,
ch_barebone_h1_augsmg,CHALLENGE_BAREBONE_H1_AUGSMG,CHALLENGE_BAREBONE_DESC,ui_challenge_smgs,3.5,0.25,0.75,0.25,1,mp_challenge_complete,,challenge_splash,smg_pkpsd9,
ch_reddot_h1_augsmg,CHALLENGE_REDDOT_H1_AUGSMG,CHALLENGE_REDDOT_DESC,ui_challenge_smgs,3.5,0.25,0.75,0.25,1,mp_challenge_complete,,challenge_splash,smg_pkpsd9,
ch_h1_augsmg_gold,CHALLENGE_AUGSMG_GOLD,CHALLENGE_GOLD_DESC,ui_challenge_smgs,3.5,0.25,0.75,0.25,1,mp_challenge_complete,,challenge_splash,smg_pkpsd9,
ch_expert_h1_augpst,CHALLENGE_EXPERT_AUGPST,CHALLENGE_EXPERT_DESC,ui_challenge_pistols,3.5,0.25,0.75,0.25,1,mp_challenge_complete,,challenge_splash,pst_br9,
ch_crouch_h1_augpst,CHALLENGE_CROUCH_H1_AUGPST,CHALLENGE_CROUCH_DESC,ui_challenge_pistols,3.5,0.25,0.75,0.25,1,mp_challenge_complete,,challenge_splash,pst_br9,
ch_prone_h1_augpst,CHALLENGE_PRONE_H1_AUGPST,CHALLENGE_PRONE_DESC,ui_challenge_pistols,3.5,0.25,0.75,0.25,1,mp_challenge_complete,,challenge_splash,pst_br9,
ch_h1_augpst_gold,CHALLENGE_AUGPST_GOLD,CHALLENGE_GOLD_DESC,ui_challenge_pistols,3.5,0.25,0.75,0.25,1,mp_challenge_complete,,challenge_splash,pst_br9,
ch_marksman_h1_augast,CHALLENGE_MARKSMAN_AUGAST,CHALLENGE_MARKSMAN_DESC,ui_challenge_ars,3.5,0.25,0.75,0.25,1,mp_challenge_complete,,challenge_splash,asl_lynxcq300,
ch_marksman_h1_augsmg,CHALLENGE_MARKSMAN_AUGSMG,CHALLENGE_MARKSMAN_DESC,ui_challenge_smgs,3.5,0.25,0.75,0.25,1,mp_challenge_complete,,challenge_splash,smg_pkpsd9,
ch_h1_ak47_gold,CHALLENGE_AK47_GOLD,CHALLENGE_GOLD_DESC,ui_challenge_ars,3.5,0.25,0.75,0.25,1,mp_challenge_complete,,challenge_splash,weapon_ak47,
ch_h1_g3_gold,CHALLENGE_G3_GOLD,CHALLENGE_GOLD_DESC,ui_challenge_ars,3.5,0.25,0.75,0.25,1,mp_challenge_complete,,challenge_splash,weapon_g3,
ch_h1_g36c_gold,CHALLENGE_G36C_GOLD,CHALLENGE_GOLD_DESC,ui_challenge_ars,3.5,0.25,0.75,0.25,1,mp_challenge_complete,,challenge_splash,weapon_g36c,
ch_h1_m14_gold,CHALLENGE_M14_GOLD,CHALLENGE_GOLD_DESC,ui_challenge_ars,3.5,0.25,0.75,0.25,1,mp_challenge_complete,,challenge_splash,weapon_m14,
ch_h1_m16_gold,CHALLENGE_M16_GOLD,CHALLENGE_GOLD_DESC,ui_challenge_ars,3.5,0.25,0.75,0.25,1,mp_challenge_complete,,challenge_splash,weapon_m16a4,
ch_h1_m4_gold,CHALLENGE_M4_GOLD,CHALLENGE_GOLD_DESC,ui_challenge_ars,3.5,0.25,0.75,0.25,1,mp_challenge_complete,,challenge_splash,weapon_m4carbine,
ch_h1_mp44_gold,CHALLENGE_MP44_GOLD,CHALLENGE_GOLD_DESC,ui_challenge_ars,3.5,0.25,0.75,0.25,1,mp_challenge_complete,,challenge_splash,weapon_mp44,
ch_h1_ar_diamond,CHALLENGE_AR_DIAMOND,CHALLENGE_AR_DIAMOND_DESC,ui_challenge_ars,3.5,0.25,0.75,0.25,1,mp_challenge_complete,,challenge_splash,,
ch_h1_ak74u_gold,CHALLENGE_AK74U_GOLD,CHALLENGE_GOLD_DESC,ui_challenge_smgs,3.5,0.25,0.75,0.25,1,mp_challenge_complete,,challenge_splash,weapon_aks74u,
ch_h1_mp5_gold,CHALLENGE_MP5_GOLD,CHALLENGE_GOLD_DESC,ui_challenge_smgs,3.5,0.25,0.75,0.25,1,mp_challenge_complete,,challenge_splash,weapon_mp5,
ch_h1_p90_gold,CHALLENGE_P90_GOLD,CHALLENGE_GOLD_DESC,ui_challenge_smgs,3.5,0.25,0.75,0.25,1,mp_challenge_complete,,challenge_splash,weapon_p90,
ch_h1_skorpion_gold,CHALLENGE_SKORPION_GOLD,CHALLENGE_GOLD_DESC,ui_challenge_smgs,3.5,0.25,0.75,0.25,1,mp_challenge_complete,,challenge_splash,weapon_skorpion,
ch_h1_uzi_gold,CHALLENGE_UZI_GOLD,CHALLENGE_GOLD_DESC,ui_challenge_smgs,3.5,0.25,0.75,0.25,1,mp_challenge_complete,,challenge_splash,weapon_mini_uzi,
ch_h1_smg_diamond,CHALLENGE_SMG_DIAMOND,CHALLENGE_SMG_DIAMOND_DESC,ui_challenge_smgs,3.5,0.25,0.75,0.25,1,mp_challenge_complete,,challenge_splash,,
ch_h1_m60e4_gold,CHALLENGE_M60E4_GOLD,CHALLENGE_GOLD_DESC,ui_challenge_heavy_weapons,3.5,0.25,0.75,0.25,1,mp_challenge_complete,,challenge_splash,weapon_m60e4,
ch_h1_rpd_gold,CHALLENGE_RPD_GOLD,CHALLENGE_GOLD_DESC,ui_challenge_heavy_weapons,3.5,0.25,0.75,0.25,1,mp_challenge_complete,,challenge_splash,weapon_rpd,
ch_h1_saw_gold,CHALLENGE_SAW_GOLD,CHALLENGE_GOLD_DESC,ui_challenge_heavy_weapons,3.5,0.25,0.75,0.25,1,mp_challenge_complete,,challenge_splash,weapon_m249saw,
ch_h1_lmg_diamond,CHALLENGE_LMG_DIAMOND,CHALLENGE_LMG_DIAMOND_DESC,ui_challenge_heavy_weapons,3.5,0.25,0.75,0.25,1,mp_challenge_complete,,challenge_splash,,
ch_h1_m1014_gold,CHALLENGE_M1014_GOLD,CHALLENGE_GOLD_DESC,ui_challenge_shotguns,3.5,0.25,0.75,0.25,1,mp_challenge_complete,,challenge_splash,weapon_benelli_m4,
ch_h1_winchester1200_gold,CHALLENGE_WINCHESTER1200_GOLD,CHALLENGE_GOLD_DESC,ui_challenge_shotguns,3.5,0.25,0.75,0.25,1,mp_challenge_complete,,challenge_splash,weapon_winchester1200,
ch_h1_shotgun_diamond,CHALLENGE_SHOTGUN_DIAMOND,CHALLENGE_SHOTGUN_DIAMOND_DESC,ui_challenge_shotguns,3.5,0.25,0.75,0.25,1,mp_challenge_complete,,challenge_splash,,
ch_h1_barrett_gold,CHALLENGE_BARRETT_GOLD,CHALLENGE_GOLD_DESC,ui_challenge_sniper_rifles,3.5,0.25,0.75,0.25,1,mp_challenge_complete,,challenge_splash,weapon_barrett50cal,
ch_h1_dragunov_gold,CHALLENGE_DRAGUNOV_GOLD,CHALLENGE_GOLD_DESC,ui_challenge_sniper_rifles,3.5,0.25,0.75,0.25,1,mp_challenge_complete,,challenge_splash,weapon_dragunovsvd,
ch_h1_m21_gold,CHALLENGE_M21_GOLD,CHALLENGE_GOLD_DESC,ui_challenge_sniper_rifles,3.5,0.25,0.75,0.25,1,mp_challenge_complete,,challenge_splash,weapon_m14_scoped,
ch_h1_m40a3_gold,CHALLENGE_M40A3_GOLD,CHALLENGE_GOLD_DESC,ui_challenge_sniper_rifles,3.5,0.25,0.75,0.25,1,mp_challenge_complete,,challenge_splash,weapon_m40a3,
ch_h1_remington700_gold,CHALLENGE_REMINGTON700_GOLD,CHALLENGE_GOLD_DESC,ui_challenge_sniper_rifles,3.5,0.25,0.75,0.25,1,mp_challenge_complete,,challenge_splash,weapon_remington700,
ch_h1_sniper_diamond,CHALLENGE_SNIPER_DIAMOND,CHALLENGE_SNIPER_DIAMOND_DESC,ui_challenge_sniper_rifles,3.5,0.25,0.75,0.25,1,mp_challenge_complete,,challenge_splash,,
ch_h1_beretta_gold,CHALLENGE_BERETTA_GOLD,CHALLENGE_GOLD_DESC,ui_challenge_pistols,3.5,0.25,0.75,0.25,1,mp_challenge_complete,,challenge_splash,weapon_m9beretta,
ch_h1_colt45_gold,CHALLENGE_COLT45_GOLD,CHALLENGE_GOLD_DESC,ui_challenge_pistols,3.5,0.25,0.75,0.25,1,mp_challenge_complete,,challenge_splash,weapon_colt_45,
ch_h1_deserteagle_gold,CHALLENGE_DESERTEAGLE_GOLD,CHALLENGE_GOLD_DESC,ui_challenge_pistols,3.5,0.25,0.75,0.25,1,mp_challenge_complete,,challenge_splash,weapon_desert_eagle,
ch_h1_usp_gold,CHALLENGE_USP_GOLD,CHALLENGE_GOLD_DESC,ui_challenge_pistols,3.5,0.25,0.75,0.25,1,mp_challenge_complete,,challenge_splash,weapon_usp_45,
ch_h1_pistol_diamond,CHALLENGE_PISTOL_DIAMOND,CHALLENGE_PISTOL_DIAMOND_DESC,ui_challenge_pistols,3.5,0.25,0.75,0.25,1,mp_challenge_complete,,challenge_splash,,
ch_h1_darkmatter,CHALLENGE_DARKMATTER,CHALLENGE_DARKMATTER_DESC,img_camo_darkmatter,3.5,0.25,0.75,0.25,1,mp_challenge_complete,,challenge_splash,img_camo_darkmatter,
ch_daily_01,CHALLENGE_DAILY,CHALLENGE_DAILY_01_DESC,ui_challenge_unlocked,3.5,0.25,0.75,0.25,1,mp_challenge_complete,,challenge_splash,,
ch_daily_02,CHALLENGE_DAILY,CHALLENGE_DAILY_02_DESC,ui_challenge_unlocked,3.5,0.25,0.75,0.25,1,mp_challenge_complete,,challenge_splash,,
ch_daily_03,CHALLENGE_DAILY,CHALLENGE_DAILY_03_DESC,ui_challenge_unlocked,3.5,0.25,0.75,0.25,1,mp_challenge_complete,,challenge_splash,,
ch_daily_04,CHALLENGE_DAILY,CHALLENGE_DAILY_04_DESC,ui_challenge_unlocked,3.5,0.25,0.75,0.25,1,mp_challenge_complete,,challenge_splash,,
ch_daily_05,CHALLENGE_DAILY,CHALLENGE_DAILY_05_DESC,ui_challenge_unlocked,3.5,0.25,0.75,0.25,1,mp_challenge_complete,,challenge_splash,,
ch_daily_06,CHALLENGE_DAILY,CHALLENGE_DAILY_06_DESC,ui_challenge_unlocked,3.5,0.25,0.75,0.25,1,mp_challenge_complete,,challenge_splash,,
ch_daily_07,CHALLENGE_DAILY,CHALLENGE_DAILY_07_DESC,ui_challenge_unlocked,3.5,0.25,0.75,0.25,1,mp_challenge_complete,,challenge_splash,,
ch_daily_08,CHALLENGE_DAILY,CHALLENGE_DAILY_08_DESC,ui_challenge_unlocked,3.5,0.25,0.75,0.25,1,mp_challenge_complete,,challenge_splash,,
ch_daily_09,CHALLENGE_DAILY,CHALLENGE_DAILY_09_DESC,ui_challenge_unlocked,3.5,0.25,0.75,0.25,1,mp_challenge_complete,,challenge_splash,,
ch_daily_10,CHALLENGE_DAILY,CHALLENGE_DAILY_10_DESC,ui_challenge_unlocked,3.5,0.25,0.75,0.25,1,mp_challenge_complete,,challenge_splash,,
ch_daily_11,CHALLENGE_DAILY,CHALLENGE_DAILY_11_DESC,ui_challenge_unlocked,3.5,0.25,0.75,0.25,1,mp_challenge_complete,,challenge_splash,,
ch_daily_12,CHALLENGE_DAILY,CHALLENGE_DAILY_12_DESC,ui_challenge_unlocked,3.5,0.25,0.75,0.25,1,mp_challenge_complete,,challenge_splash,,
ch_daily_13,CHALLENGE_DAILY,CHALLENGE_DAILY_13_DESC,ui_challenge_unlocked,3.5,0.25,0.75,0.25,1,mp_challenge_complete,,challenge_splash,,
ch_daily_14,CHALLENGE_DAILY,CHALLENGE_DAILY_14_DESC,ui_challenge_unlocked,3.5,0.25,0.75,0.25,1,mp_challenge_complete,,challenge_splash,,
ch_daily_15,CHALLENGE_DAILY,CHALLENGE_DAILY_15_DESC,ui_challenge_unlocked,3.5,0.25,0.75,0.25,1,mp_challenge_complete,,challenge_splash,,
ch_daily_16,CHALLENGE_DAILY,CHALLENGE_DAILY_16_DESC,ui_challenge_unlocked,3.5,0.25,0.75,0.25,1,mp_challenge_complete,,challenge_splash,,
ch_daily_17,CHALLENGE_DAILY,CHALLENGE_DAILY_17_DESC,ui_challenge_unlocked,3.5,0.25,0.75,0.25,1,mp_challenge_complete,,challenge_splash,,
ch_daily_18,CHALLENGE_DAILY,CHALLENGE_DAILY_18_DESC,ui_challenge_unlocked,3.5,0.25,0.75,0.25,1,mp_challenge_complete,,challenge_splash,,
ch_daily_19,CHALLENGE_DAILY,CHALLENGE_DAILY_19_DESC,ui_challenge_unlocked,3.5,0.25,0.75,0.25,1,mp_challenge_complete,,challenge_splash,,
ch_daily_20,CHALLENGE_DAILY,CHALLENGE_DAILY_20_DESC,ui_challenge_unlocked,3.5,0.25,0.75,0.25,1,mp_challenge_complete,,challenge_splash,,
ch_daily_21,CHALLENGE_DAILY,CHALLENGE_DAILY_21_DESC,ui_challenge_unlocked,3.5,0.25,0.75,0.25,1,mp_challenge_complete,,challenge_splash,,
ch_daily_22,CHALLENGE_DAILY,CHALLENGE_DAILY_22_DESC,ui_challenge_unlocked,3.5,0.25,0.75,0.25,1,mp_challenge_complete,,challenge_splash,,
ch_daily_23,CHALLENGE_DAILY,CHALLENGE_DAILY_23_DESC,ui_challenge_unlocked,3.5,0.25,0.75,0.25,1,mp_challenge_complete,,challenge_splash,,
ch_daily_24,CHALLENGE_DAILY,CHALLENGE_DAILY_24_DESC,ui_challenge_unlocked,3.5,0.25,0.75,0.25,1,mp_challenge_complete,,challenge_splash,,
ch_daily_25,CHALLENGE_DAILY,CHALLENGE_DAILY_25_DESC,ui_challenge_unlocked,3.5,0.25,0.75,0.25,1,mp_challenge_complete,,challenge_splash,,
ch_daily_26,CHALLENGE_DAILY,CHALLENGE_DAILY_26_DESC,ui_challenge_unlocked,3.5,0.25,0.75,0.25,1,mp_challenge_complete,,challenge_splash,,
ch_daily_27,CHALLENGE_DAILY,CHALLENGE_DAILY_27_DESC,ui_challenge_unlocked,3.5,0.25,0.75,0.25,1,mp_challenge_complete,,challenge_splash,,
ch_daily_28,CHALLENGE_DAILY,CHALLENGE_DAILY_28_DESC,ui_challenge_unlocked,3.5,0.25,0.75,0.25,1,mp_challenge_complete,,challenge_splash,,
ch_daily_29,CHALLENGE_DAILY,CHALLENGE_DAILY_29_DESC,ui_challenge_unlocked,3.5,0.25,0.75,0.25,1,mp_challenge_complete,,challenge_splash,,
ch_daily_30,CHALLENGE_DAILY,CHALLENGE_DAILY_30_DESC,ui_challenge_unlocked,3.5,0.25,0.75,0.25,1,mp_challenge_complete,,challenge_splash,,
ch_daily_31,CHALLENGE_DAILY,CHALLENGE_DAILY_31_DESC,ui_challenge_unlocked,3.5,0.25,0.75,0.25,1,mp_challenge_complete,,challenge_splash,,
ch_daily_32,CHALLENGE_DAILY,CHALLENGE_DAILY_32_DESC,ui_challenge_unlocked,3.5,0.25,0.75,0.25,1,mp_challenge_complete,,challenge_splash,,
ch_daily_33,CHALLENGE_DAILY,CHALLENGE_DAILY_33_DESC,ui_challenge_unlocked,3.5,0.25,0.75,0.25,1,mp_challenge_complete,,challenge_splash,,
ch_daily_34,CHALLENGE_DAILY,CHALLENGE_DAILY_34_DESC,ui_challenge_unlocked,3.5,0.25,0.75,0.25,1,mp_challenge_complete,,challenge_splash,,
ch_daily_35,CHALLENGE_DAILY,CHALLENGE_DAILY_35_DESC,ui_challenge_unlocked,3.5,0.25,0.75,0.25,1,mp_challenge_complete,,challenge_splash,,
ch_daily_36,CHALLENGE_DAILY,CHALLENGE_DAILY_36_DESC,ui_challenge_unlocked,3.5,0.25,0.75,0.25,1,mp_challenge_complete,,challenge_splash,,
ch_daily_37,CHALLENGE_DAILY,CHALLENGE_DAILY_37_DESC,ui_challenge_unlocked,3.5,0.25,0.75,0.25,1,mp_challenge_complete,,challenge_splash,,
ch_daily_38,CHALLENGE_DAILY,CHALLENGE_DAILY_38_DESC,ui_challenge_unlocked,3.5,0.25,0.75,0.25,1,mp_challenge_complete,,challenge_splash,,
ch_daily_39,CHALLENGE_DAILY,CHALLENGE_DAILY_39_DESC,ui_challenge_unlocked,3.5,0.25,0.75,0.25,1,mp_challenge_complete,,challenge_splash,,
ch_daily_40,CHALLENGE_DAILY,CHALLENGE_DAILY_40_DESC,ui_challenge_unlocked,3.5,0.25,0.75,0.25,1,mp_challenge_complete,,challenge_splash,,
ch_daily_41,CHALLENGE_DAILY,CHALLENGE_DAILY_41_DESC,ui_challenge_unlocked,3.5,0.25,0.75,0.25,1,mp_challenge_complete,,challenge_splash,,
ch_daily_42,CHALLENGE_DAILY,CHALLENGE_DAILY_42_DESC,ui_challenge_unlocked,3.5,0.25,0.75,0.25,1,mp_challenge_complete,,challenge_splash,,
ch_daily_43,CHALLENGE_DAILY,CHALLENGE_DAILY_43_DESC,ui_challenge_unlocked,3.5,0.25,0.75,0.25,1,mp_challenge_complete,,challenge_splash,,
ch_daily_44,CHALLENGE_DAILY,CHALLENGE_DAILY_44_DESC,ui_challenge_unlocked,3.5,0.25,0.75,0.25,1,mp_challenge_complete,,challenge_splash,,
ch_daily_45,CHALLENGE_DAILY,CHALLENGE_DAILY_45_DESC,ui_challenge_unlocked,3.5,0.25,0.75,0.25,1,mp_challenge_complete,,challenge_splash,,
horde_weapon_level,HORDE_WEAPON_LEVEL,HORDE_WEAPON_LEVEL_DESC,popup_safeguard_levelup,3,0.75,0.25,0.25,1,mp_level_up,,splash,,
horde_support_drop,HORDE_AIR_DROP,HORDE_DEFENDED_DESC,specops_ui_airsupport,3,0.75,0.25,0.25,1,mp_level_up,,splash,,
horde_special_round,HORDE_LOOT_ROUND,HORDE_LOOT_ROUND_DESC,dpad_killstreak_orbital_carepackage,3,0.75,0.25,0.25,1,mp_level_up,,splash,,
horde_respawn,HORDE_RESPAWN,SPLASHES_BLANK,popup_horde_revived,4,0.75,0.25,0.25,1,null,,splash,,
horde_team_restock,HORDE_TEAM_RESTOCK,HORDE_TEAM_RESTOCK_DESC,popup_horde_ammo_restock,3,0.75,0.35,0.35,1,mp_ui_medal_ach,,splash,,
horde_reviver,SPLASHES_REVIVER,HORDE_REVIVER_DESC,popup_horde_revived,3,0.75,0.25,0.25,1,null,,splash,,
horde_recycle,HORDE_RECYCLE,HORDE_RECYCLE_DESC,popup_horde_revived,3,0.75,0.25,0.25,1,null,,splash,,
horde_defended,HORDE_DEFENDED,HORDE_DEFENDED_DESC,popup_horde_obj_success,3,0.75,0.25,0.25,1,mp_level_up,,splash,,
horde_defused,HORDE_DEFUSED,HORDE_DEFUSED,popup_horde_obj_success,3,0.75,0.25,0.25,1,mp_level_up,,splash,,
horde_uplink_touchdown,HORDE_UPLINK_TOUCHDOWN,HORDE_UPLINK_TOUCHDOWN,popup_horde_obj_success,3,0.75,0.25,0.25,1,mp_level_up,,splash,,
horde_uplink_fieldgoal,HORDE_UPLINK_FIELDGOAL,HORDE_UPLINK_FIELDGOAL,popup_horde_obj_success,3,0.75,0.25,0.25,1,mp_level_up,,splash,,
horde_wave_complete,HORDE_WAVE_COMPLETE,HORDE_DEFENDED_DESC,popup_horde_obj_success,3,0.75,0.25,0.25,1,mp_level_up,,splash,,
horde_map_flip,HORDE_MAP_FLIP,HORDE_DEFENDED_DESC,popup_horde_obj_success,10,0.75,0.25,0.25,1,mp_level_up,,splash,,
horde_obj_failed_emp,HORDE_OBJ_FAILED_EMP,HORDE_OBJ_FAILED_DESC,popup_horde_obj_fail,6,0.75,0.25,0.25,1,mp_challenge_complete,,splash,,
horde_obj_failed_smoke,HORDE_OBJ_FAILED_SMOKE,HORDE_OBJ_FAILED_DESC,popup_horde_obj_fail,6,0.75,0.25,0.25,1,mp_challenge_complete,,splash,,
horde_obj_failed_missiles,HORDE_OBJ_FAILED_MISSILES,HORDE_OBJ_FAILED_DESC,popup_horde_obj_fail,6,0.75,0.25,0.25,1,mp_challenge_complete,,splash,,
horde_obj_failed_pistols,HORDE_OBJ_FAILED_PISTOLS,HORDE_OBJ_FAILED_DESC,popup_horde_obj_fail,6,0.75,0.25,0.25,1,mp_challenge_complete,,splash,,
horde_obj_failed_nanoswarm,HORDE_OBJ_FAILED_NANOSWARM,HORDE_OBJ_FAILED_DESC,popup_horde_obj_fail,6,0.75,0.25,0.25,1,mp_challenge_complete,,splash,,
horde_obj_failed_sentry,HORDE_OBJ_FAILED_SENTRY,HORDE_OBJ_FAILED_DESC,popup_horde_obj_fail,6,0.75,0.25,0.25,1,mp_challenge_complete,,splash,,
horde_weapons_enabled,HORDE_WEAPONS_ENABLED,HORDE_OBJ_FAILED_DESC,specialty_s1_weaponsfree,3,0.75,0.25,0.25,1,mp_challenge_complete,,splash,,
horde_obj_collect,HORDE_OBJ_COLLECT,HORDE_OBJ_COLLECT_DESC,popup_horde_obj_collect,8,1,0,0,1,mp_challenge_complete,,splash,,
horde_obj_defend,HORDE_OBJ_DEFEND,HORDE_OBJ_DEFEND_DESC,popup_horde_obj_defend,8,0.75,0.25,0.25,1,mp_challenge_complete,,splash,,
horde_obj_intel,HORDE_OBJ_INTEL,HORDE_OBJ_INTEL_DESC,popup_horde_obj_intel,8,0.75,0.25,0.25,1,mp_challenge_complete,,splash,,
horde_obj_defuse,HORDE_OBJ_DEFUSE,HORDE_OBJ_DEFEND_DESC,popup_horde_obj_defuse,8,0.75,0.25,0.25,1,mp_challenge_complete,,splash,,
horde_obj_uplink,HORDE_OBJ_UPLINK,HORDE_OBJ_DEFEND_DESC,popup_horde_obj_uplink,8,0.75,0.25,0.25,1,mp_challenge_complete,,splash,,
horde_obj_complete,HORDE_OBJ_COMPLETE,HORDE_OBJ_COMPLETE,popup_horde_obj_success,3,0.75,0.25,0.25,1,mp_challenge_complete,,splash,,
horde_ss_splash_uav,KILLSTREAKS_UAV,KILLSTREAKS_UAV,scorestreak_fe_uav,2.5,0.25,0.75,0.25,1,null,achieve_mp_uav,killstreak_splash,,
horde_ss_splash_remote_mg_sentry_turret,KILLSTREAKS_SENTRY,KILLSTREAKS_SENTRY,scorestreak_fe_turret,2.5,0.25,0.75,0.25,1,null,achieve_mp_uav,killstreak_splash,,
horde_ss_splash_assault_ugv,KILLSTREAKS_AERIAL_ASSAULT,KILLSTREAKS_AERIAL_ASSAULT,scorestreak_fe_assault_drone,2.5,0.25,0.75,0.25,1,null,achieve_mp_uav,killstreak_splash,,
horde_ss_splash_strafing_run_airstrike,KILLSTREAKS_STRAFING_RUN_AIRSTRIKE,KILLSTREAKS_STRAFING_RUN_AIRSTRIKE,scorestreak_fe_strafe_run,2.5,0.25,0.75,0.25,1,null,achieve_mp_uav,killstreak_splash,,
horde_ss_splash_missile_strike,KILLSTREAKS_MISSILE_STRIKE,KILLSTREAKS_MISSILE_STRIKE,scorestreak_fe_missile_strike,2.5,0.25,0.75,0.25,1,null,achieve_mp_uav,killstreak_splash,,
horde_ss_splash_warbird,KILLSTREAKS_WARBIRD,KILLSTREAKS_WARBIRD,scorestreak_fe_warbird,2.5,0.25,0.75,0.25,1,null,achieve_mp_uav,killstreak_splash,,
zombie_max_ammo,ZOMBIES_MAX_AMMO,,hud_drop_maxammo,1.5,0.25,0.75,0.25,1,mp_ui_medal_ach,,splash,,
zombie_insta_kill,ZOMBIES_INSTA_KILL,,hud_drop_instakill,1.5,0.25,0.75,0.25,1,mp_ui_medal_ach,,splash,,
zombie_fire_sale,ZOMBIES_FIRE_SALE,,hud_drop_powersurge,1.5,0.25,0.75,0.25,1,mp_ui_medal_ach,,splash,,
zombie_double_points,ZOMBIES_DOUBLE_POINTS,,hud_drop_points2x,1.5,0.25,0.75,0.25,1,mp_ui_medal_ach,,splash,,
zombie_nuke,ZOMBIES_NUKE,,hud_drop_apocalypse,1.5,0.25,0.75,0.25,1,mp_ui_medal_ach,,splash,,
zombie_tombstome,ZOMBIES_TOMBSTOME,,hud_drop_tombstone,1.5,0.25,0.75,0.25,1,mp_ui_medal_ach,,splash,,
zombie_activate_traps,ZOMBIES_ACTIVATE_ALL_TRAPS,,hud_drop_trap,1.5,0.25,0.75,0.25,1,mp_ui_medal_ach,,splash,,
zombie_power_down,ZOMBIES_POWER_DOWN,,hud_drop_powerdown,5,0.25,0.75,0.25,1,mp_ui_medal_ach,,splash,,
double_xp,,,ui_reward_double_xp,4,0.75,0.25,0.25,1,mp_ui_medal_ach,,splash,,
prop_killed,SPLASHES_PH_PROP_KILLED,,medal_gamemode_defender,4,0.5,0.5,0,1,mp_last_stand,,splash,,
prop_finalblow,SPLASHES_PH_PROP_FINALBLOW,,medal_gamemode_vanguard,4,1,0.5,0,1,mp_last_stand,,splash,,
prop_survived,SPLASHES_PH_PROP_SURVIVED,,medal_gamemode_survivor,4,0,1,1,1,mp_last_stand,,splash,,
